  0
SECTION
  2
HEADER
  9
$ACADVER
  1
AC1027
  9
$ACADMAINTVER
 70
   125
  9
$DWGCODEPAGE
  3
ANSI_1252
  9
$REQUIREDVERSIONS
160
                 0
  9
$INSBASE
 10
0.0
 20
0.0
 30
0.0
  9
$EXTMIN
 10
1.000000000000000E+20
 20
1.000000000000000E+20
 30
1.000000000000000E+20
  9
$EXTMAX
 10
-1.000000000000000E+20
 20
-1.000000000000000E+20
 30
-1.000000000000000E+20
  9
$LIMMIN
 10
0.0
 20
0.0
  9
$LIMMAX
 10
12.0
 20
9.0
  9
$ORTHOMODE
 70
     0
  9
$REGENMODE
 70
     1
  9
$FILLMODE
 70
     1
  9
$QTEXTMODE
 70
     0
  9
$MIRRTEXT
 70
     0
  9
$LTSCALE
 40
1.0
  9
$ATTMODE
 70
     1
  9
$TEXTSIZE
 40
0.2
  9
$TRACEWID
 40
0.05
  9
$TEXTSTYLE
  7
Standard
  9
$CLAYER
  8
0
  9
$CELTYPE
  6
ByLayer
  9
$CECOLOR
 62
   256
  9
$CELTSCALE
 40
1.0
  9
$DISPSILH
 70
     0
  9
$DIMSCALE
 40
1.0
  9
$DIMASZ
 40
0.18
  9
$DIMEXO
 40
0.0625
  9
$DIMDLI
 40
0.38
  9
$DIMRND
 40
0.0
  9
$DIMDLE
 40
0.0
  9
$DIMEXE
 40
0.18
  9
$DIMTP
 40
0.0
  9
$DIMTM
 40
0.0
  9
$DIMTXT
 40
0.18
  9
$DIMCEN
 40
0.09
  9
$DIMTSZ
 40
0.0
  9
$DIMTOL
 70
     0
  9
$DIMLIM
 70
     0
  9
$DIMTIH
 70
     1
  9
$DIMTOH
 70
     1
  9
$DIMSE1
 70
     0
  9
$DIMSE2
 70
     0
  9
$DIMTAD
 70
     0
  9
$DIMZIN
 70
     0
  9
$DIMBLK
  1

  9
$DIMASO
 70
     1
  9
$DIMSHO
 70
     1
  9
$DIMPOST
  1

  9
$DIMAPOST
  1

  9
$DIMALT
 70
     0
  9
$DIMALTD
 70
     2
  9
$DIMALTF
 40
25.4
  9
$DIMLFAC
 40
1.0
  9
$DIMTOFL
 70
     0
  9
$DIMTVP
 40
0.0
  9
$DIMTIX
 70
     0
  9
$DIMSOXD
 70
     0
  9
$DIMSAH
 70
     0
  9
$DIMBLK1
  1

  9
$DIMBLK2
  1

  9
$DIMSTYLE
  2
Standard
  9
$DIMCLRD
 70
     0
  9
$DIMCLRE
 70
     0
  9
$DIMCLRT
 70
     0
  9
$DIMTFAC
 40
1.0
  9
$DIMGAP
 40
0.09
  9
$DIMJUST
 70
     0
  9
$DIMSD1
 70
     0
  9
$DIMSD2
 70
     0
  9
$DIMTOLJ
 70
     1
  9
$DIMTZIN
 70
     0
  9
$DIMALTZ
 70
     0
  9
$DIMALTTZ
 70
     0
  9
$DIMUPT
 70
     0
  9
$DIMDEC
 70
     4
  9
$DIMTDEC
 70
     4
  9
$DIMALTU
 70
     2
  9
$DIMALTTD
 70
     2
  9
$DIMTXSTY
  7
Standard
  9
$DIMAUNIT
 70
     0
  9
$DIMADEC
 70
     0
  9
$DIMALTRND
 40
0.0
  9
$DIMAZIN
 70
     0
  9
$DIMDSEP
 70
    46
  9
$DIMATFIT
 70
     3
  9
$DIMFRAC
 70
     0
  9
$DIMLDRBLK
  1

  9
$DIMLUNIT
 70
     2
  9
$DIMLWD
 70
    -2
  9
$DIMLWE
 70
    -2
  9
$DIMTMOVE
 70
     0
  9
$DIMFXL
 40
1.0
  9
$DIMFXLON
 70
     0
  9
$DIMJOGANG
 40
0.7853981633974483
  9
$DIMTFILL
 70
     0
  9
$DIMTFILLCLR
 70
     0
  9
$DIMARCSYM
 70
     0
  9
$DIMLTYPE
  6

  9
$DIMLTEX1
  6

  9
$DIMLTEX2
  6

  9
$DIMTXTDIRECTION
 70
     0
  9
$LUNITS
 70
     2
  9
$LUPREC
 70
     4
  9
$SKETCHINC
 40
0.1
  9
$FILLETRAD
 40
0.0
  9
$AUNITS
 70
     0
  9
$AUPREC
 70
     0
  9
$MENU
  1
.
  9
$ELEVATION
 40
0.0
  9
$PELEVATION
 40
0.0
  9
$THICKNESS
 40
0.0
  9
$LIMCHECK
 70
     0
  9
$CHAMFERA
 40
0.0
  9
$CHAMFERB
 40
0.0
  9
$CHAMFERC
 40
0.0
  9
$CHAMFERD
 40
0.0
  9
$SKPOLY
 70
     0
  9
$TDCREATE
 40
2461102.370925926
  9
$TDUCREATE
 40
2461102.370925926
  9
$TDUPDATE
 40
2461102.370925926
  9
$TDUUPDATE
 40
2461102.370925926
  9
$TDINDWG
 40
0.0000115741
  9
$TDUSRTIMER
 40
0.0000115741
  9
$USRTIMER
 70
     1
  9
$ANGBASE
 50
0.0
  9
$ANGDIR
 70
     0
  9
$PDMODE
 70
     0
  9
$PDSIZE
 40
0.0
  9
$PLINEWID
 40
0.0
  9
$SPLFRAME
 70
     0
  9
$SPLINETYPE
 70
     6
  9
$SPLINESEGS
 70
     8
  9
$HANDSEED
  5
F8
  9
$SURFTAB1
 70
     6
  9
$SURFTAB2
 70
     6
  9
$SURFTYPE
 70
     6
  9
$SURFU
 70
     6
  9
$SURFV
 70
     6
  9
$UCSBASE
  2

  9
$UCSNAME
  2

  9
$UCSORG
 10
0.0
 20
0.0
 30
0.0
  9
$UCSXDIR
 10
1.0
 20
0.0
 30
0.0
  9
$UCSYDIR
 10
0.0
 20
1.0
 30
0.0
  9
$UCSORTHOREF
  2

  9
$UCSORTHOVIEW
 70
     0
  9
$UCSORGTOP
 10
0.0
 20
0.0
 30
0.0
  9
$UCSORGBOTTOM
 10
0.0
 20
0.0
 30
0.0
  9
$UCSORGLEFT
 10
0.0
 20
0.0
 30
0.0
  9
$UCSORGRIGHT
 10
0.0
 20
0.0
 30
0.0
  9
$UCSORGFRONT
 10
0.0
 20
0.0
 30
0.0
  9
$UCSORGBACK
 10
0.0
 20
0.0
 30
0.0
  9
$PUCSBASE
  2

  9
$PUCSNAME
  2

  9
$PUCSORG
 10
0.0
 20
0.0
 30
0.0
  9
$PUCSXDIR
 10
1.0
 20
0.0
 30
0.0
  9
$PUCSYDIR
 10
0.0
 20
1.0
 30
0.0
  9
$PUCSORTHOREF
  2

  9
$PUCSORTHOVIEW
 70
     0
  9
$PUCSORGTOP
 10
0.0
 20
0.0
 30
0.0
  9
$PUCSORGBOTTOM
 10
0.0
 20
0.0
 30
0.0
  9
$PUCSORGLEFT
 10
0.0
 20
0.0
 30
0.0
  9
$PUCSORGRIGHT
 10
0.0
 20
0.0
 30
0.0
  9
$PUCSORGFRONT
 10
0.0
 20
0.0
 30
0.0
  9
$PUCSORGBACK
 10
0.0
 20
0.0
 30
0.0
  9
$USERI1
 70
     0
  9
$USERI2
 70
     0
  9
$USERI3
 70
     0
  9
$USERI4
 70
     0
  9
$USERI5
 70
     0
  9
$USERR1
 40
0.0
  9
$USERR2
 40
0.0
  9
$USERR3
 40
0.0
  9
$USERR4
 40
0.0
  9
$USERR5
 40
0.0
  9
$WORLDVIEW
 70
     1
  9
$SHADEDGE
 70
     3
  9
$SHADEDIF
 70
    70
  9
$TILEMODE
 70
     1
  9
$MAXACTVP
 70
    64
  9
$PINSBASE
 10
0.0
 20
0.0
 30
0.0
  9
$PLIMCHECK
 70
     0
  9
$PEXTMIN
 10
1.000000000000000E+20
 20
1.000000000000000E+20
 30
1.000000000000000E+20
  9
$PEXTMAX
 10
-1.000000000000000E+20
 20
-1.000000000000000E+20
 30
-1.000000000000000E+20
  9
$PLIMMIN
 10
0.0
 20
0.0
  9
$PLIMMAX
 10
12.0
 20
9.0
  9
$UNITMODE
 70
     0
  9
$VISRETAIN
 70
     1
  9
$PLINEGEN
 70
     0
  9
$PSLTSCALE
 70
     1
  9
$TREEDEPTH
 70
  3020
  9
$CMLSTYLE
  2
Standard
  9
$CMLJUST
 70
     0
  9
$CMLSCALE
 40
1.0
  9
$PROXYGRAPHICS
 70
     1
  9
$MEASUREMENT
 70
     0
  9
$CELWEIGHT
370
    -1
  9
$ENDCAPS
280
     0
  9
$JOINSTYLE
280
     0
  9
$LWDISPLAY
290
     0
  9
$INSUNITS
 70
     4
  9
$HYPERLINKBASE
  1

  9
$STYLESHEET
  1

  9
$XEDIT
290
     1
  9
$CEPSNTYPE
380
     0
  9
$PSTYLEMODE
290
     1
  9
$FINGERPRINTGUID
  2
{952F3051-523F-0742-A351-7B9AA38B4BCE}
  9
$VERSIONGUID
  2
{565FA3CD-CC70-CE47-88E8-A4757B9FCBE8}
  9
$EXTNAMES
290
     1
  9
$PSVPSCALE
 40
0.0
  9
$OLESTARTUP
290
     0
  9
$SORTENTS
280
   127
  9
$INDEXCTL
280
     0
  9
$HIDETEXT
280
     1
  9
$XCLIPFRAME
280
     2
  9
$HALOGAP
280
     0
  9
$OBSCOLOR
 70
   257
  9
$OBSLTYPE
280
     0
  9
$INTERSECTIONDISPLAY
280
     0
  9
$INTERSECTIONCOLOR
 70
   257
  9
$DIMASSOC
280
     2
  9
$PROJECTNAME
  1

  9
$CAMERADISPLAY
290
     0
  9
$LENSLENGTH
 40
50.0
  9
$CAMERAHEIGHT
 40
0.0
  9
$STEPSPERSEC
 40
2.0
  9
$STEPSIZE
 40
6.0
  9
$3DDWFPREC
 40
2.0
  9
$PSOLWIDTH
 40
0.25
  9
$PSOLHEIGHT
 40
4.0
  9
$LOFTANG1
 40
1.570796326794896
  9
$LOFTANG2
 40
1.570796326794896
  9
$LOFTMAG1
 40
0.0
  9
$LOFTMAG2
 40
0.0
  9
$LOFTPARAM
 70
     7
  9
$LOFTNORMALS
280
     1
  9
$LATITUDE
 40
37.795
  9
$LONGITUDE
 40
-122.394
  9
$NORTHDIRECTION
 40
0.0
  9
$TIMEZONE
 70
 -8000
  9
$LIGHTGLYPHDISPLAY
280
     1
  9
$TILEMODELIGHTSYNCH
280
     1
  9
$CMATERIAL
347
11
  9
$SOLIDHIST
280
     0
  9
$SHOWHIST
280
     1
  9
$DWFFRAME
280
     2
  9
$DGNFRAME
280
     0
  9
$REALWORLDSCALE
290
     1
  9
$INTERFERECOLOR
 62
     1
  9
$INTERFEREOBJVS
345
33
  9
$INTERFEREVPVS
346
30
  9
$CSHADOW
280
     0
  9
$SHADOWPLANELOCATION
 40
0.0
  0
ENDSEC
  0
SECTION
  2
CLASSES
  0
CLASS
  1
ACDBDICTIONARYWDFLT
  2
AcDbDictionaryWithDefault
  3
ObjectDBX Classes
 90
        0
 91
        1
280
     0
281
     0
  0
CLASS
  1
MATERIAL
  2
AcDbMaterial
  3
ObjectDBX Classes
 90
     1153
 91
        6
280
     0
281
     0
  0
CLASS
  1
VISUALSTYLE
  2
AcDbVisualStyle
  3
ObjectDBX Classes
 90
     4095
 91
       24
280
     0
281
     0
  0
CLASS
  1
SCALE
  2
AcDbScale
  3
ObjectDBX Classes
 90
     1153
 91
       17
280
     0
281
     0
  0
CLASS
  1
TABLESTYLE
  2
AcDbTableStyle
  3
ObjectDBX Classes
 90
     4095
 91
        1
280
     0
281
     0
  0
CLASS
  1
MLEADERSTYLE
  2
AcDbMLeaderStyle
  3
ACDB_MLEADERSTYLE_CLASS
 90
     4095
 91
        1
280
     0
281
     0
  0
CLASS
  1
ACDBSECTIONVIEWSTYLE
  2
AcDbSectionViewStyle
  3
ObjectDBX Classes
 90
     1025
 91
        1
280
     0
281
     0
  0
CLASS
  1
ACDBDETAILVIEWSTYLE
  2
AcDbDetailViewStyle
  3
ObjectDBX Classes
 90
     1025
 91
        1
280
     0
281
     0
  0
CLASS
  1
DICTIONARYVAR
  2
AcDbDictionaryVar
  3
ObjectDBX Classes
 90
        0
 91
        5
280
     0
281
     0
  0
CLASS
  1
CELLSTYLEMAP
  2
AcDbCellStyleMap
  3
ObjectDBX Classes
 90
     1152
 91
        1
280
     0
281
     0
  0
ENDSEC
  0
SECTION
  2
TABLES
  0
TABLE
  2
VPORT
  5
8
330
0
100
AcDbSymbolTable
 70
     1
1001
ACAD
1000
DbSaveVer
1071
      421
  0
VPORT
  5
57
330
8
100
AcDbSymbolTableRecord
100
AcDbViewportTableRecord
  2
*Active
 70
     0
 10
0.0
 20
0.0
 11
1.0
 21
1.0
 12
500.0
 22
500.0
 13
0.0
 23
0.0
 14
1.0
 24
1.0
 15
0.0
 25
0.0
 16
0.0
 26
0.0
 36
1.0
 17
0.0
 27
0.0
 37
0.0
 40
12.0
 41
1.0
 42
50.0
 43
0.0
 44
0.0
 50
0.0
 51
0.0
 71
     0
 72
   100
 73
     1
 74
     1
 75
     0
 76
     0
 77
     0
 78
     0
281
     0
 65
     1
110
0.0
120
0.0
130
0.0
111
1.0
121
0.0
131
0.0
112
0.0
122
1.0
132
0.0
 79
     0
146
0.0
 60
     3
 61
     5
292
     1
282
     1
141
0.0
142
0.0
 63
   250
421
  3355443
  0
ENDTAB
  0
TABLE
  2
LTYPE
  5
5
330
0
100
AcDbSymbolTable
 70
     1
  0
LTYPE
  5
5B
330
5
100
AcDbSymbolTableRecord
100
AcDbLinetypeTableRecord
  2
ByBlock
 70
     0
  3

 72
    65
 73
     0
 40
0.0
  0
LTYPE
  5
5C
330
5
100
AcDbSymbolTableRecord
100
AcDbLinetypeTableRecord
  2
ByLayer
 70
     0
  3

 72
    65
 73
     0
 40
0.0
  0
LTYPE
  5
5D
330
5
100
AcDbSymbolTableRecord
100
AcDbLinetypeTableRecord
  2
Continuous
 70
     0
  3
Solid line
 72
    65
 73
     0
 40
0.0
  0
ENDTAB
  0
TABLE
  2
LAYER
  5
2
330
0
100
AcDbSymbolTable
 70
     2
  0
LAYER
  5
54
330
2
100
AcDbSymbolTableRecord
100
AcDbLayerTableRecord
  2
0
 70
     0
 62
     7
  6
Continuous
370
    -3
390
F
347
21
348
0
  0
LAYER
  5
91
330
2
100
AcDbSymbolTableRecord
100
AcDbLayerTableRecord
  2
XBOTS_FAST-PID-3D v1_Sketch1
 70
     0
 62
     7
  6
Continuous
370
    -3
390
F
347
21
348
0
1001
NFusion_SketchTransform
1000
1.000000;0.000000;0.000000;0.000000;0.000000;1.000000;0.000000;0.000000;0.000000;0.000000;1.000000;0.000000;0.000000;0.000000;0.000000;1.000000
  0
ENDTAB
  0
TABLE
  2
STYLE
  5
3
330
0
100
AcDbSymbolTable
 70
     2
  0
STYLE
  5
55
330
3
100
AcDbSymbolTableRecord
100
AcDbTextStyleTableRecord
  2
Standard
 70
     0
 40
0.0
 41
1.0
 50
0.0
 71
     0
 42
0.2
  3
txt
  4

  0
STYLE
  5
5A
330
3
100
AcDbSymbolTableRecord
100
AcDbTextStyleTableRecord
  2
Annotative
 70
     0
 40
0.0
 41
1.0
 50
0.0
 71
     0
 42
0.2
  3
txt
  4

1001
AcadAnnotative
1000
AnnotativeData
1002
{
1070
     1
1070
     1
1002
}
  0
ENDTAB
  0
TABLE
  2
VIEW
  5
6
330
0
100
AcDbSymbolTable
 70
     0
  0
ENDTAB
  0
TABLE
  2
UCS
  5
7
330
0
100
AcDbSymbolTable
 70
     0
  0
ENDTAB
  0
TABLE
  2
APPID
  5
9
330
0
100
AcDbSymbolTable
 70
     4
  0
APPID
  5
56
330
9
100
AcDbSymbolTableRecord
100
AcDbRegAppTableRecord
  2
ACAD
 70
     0
  0
APPID
  5
5E
330
9
100
AcDbSymbolTableRecord
100
AcDbRegAppTableRecord
  2
AcadAnnotative
 70
     0
  0
APPID
  5
78
330
9
100
AcDbSymbolTableRecord
100
AcDbRegAppTableRecord
  2
EDIT_IN_FUSION_ACAD_ADDIN
 70
     0
  0
APPID
  5
79
330
9
100
AcDbSymbolTableRecord
100
AcDbRegAppTableRecord
  2
NFusion_SketchTransform
 70
     0
  0
ENDTAB
  0
TABLE
  2
DIMSTYLE
  5
A
330
0
100
AcDbSymbolTable
 70
     2
100
AcDbDimStyleTable
 71
     0
  0
DIMSTYLE
105
58
330
A
100
AcDbSymbolTableRecord
100
AcDbDimStyleTableRecord
  2
Standard
 70
     0
340
55
  0
DIMSTYLE
105
59
330
A
100
AcDbSymbolTableRecord
100
AcDbDimStyleTableRecord
  2
Annotative
 70
     0
340
55
1001
AcadAnnotative
1000
AnnotativeData
1002
{
1070
     1
1070
     1
1002
}
  0
ENDTAB
  0
TABLE
  2
BLOCK_RECORD
  5
1
330
0
100
AcDbSymbolTable
 70
     1
  0
BLOCK_RECORD
  5
70
330
1
100
AcDbSymbolTableRecord
100
AcDbBlockTableRecord
  2
*Model_Space
340
73
 70
     0
280
     1
281
     0
  0
BLOCK_RECORD
  5
6C
330
1
100
AcDbSymbolTableRecord
100
AcDbBlockTableRecord
  2
*Paper_Space
340
6F
 70
     0
280
     1
281
     0
  0
BLOCK_RECORD
  5
74
330
1
100
AcDbSymbolTableRecord
100
AcDbBlockTableRecord
  2
*Paper_Space0
340
77
 70
     0
280
     1
281
     0
  0
ENDTAB
  0
ENDSEC
  0
SECTION
  2
BLOCKS
  0
BLOCK
  5
71
330
70
100
AcDbEntity
  8
0
100
AcDbBlockBegin
  2
*Model_Space
 70
     0
 10
0.0
 20
0.0
 30
0.0
  3
*Model_Space
  1

  0
ENDBLK
  5
72
330
70
100
AcDbEntity
  8
0
100
AcDbBlockEnd
  0
BLOCK
  5
6D
330
6C
100
AcDbEntity
 67
     1
  8
0
100
AcDbBlockBegin
  2
*Paper_Space
 70
     0
 10
0.0
 20
0.0
 30
0.0
  3
*Paper_Space
  1

  0
ENDBLK
  5
6E
330
6C
100
AcDbEntity
 67
     1
  8
0
100
AcDbBlockEnd
  0
BLOCK
  5
75
330
74
100
AcDbEntity
 67
     1
  8
0
100
AcDbBlockBegin
  2
*Paper_Space0
 70
     0
 10
0.0
 20
0.0
 30
0.0
  3
*Paper_Space0
  1

  0
ENDBLK
  5
76
330
74
100
AcDbEntity
 67
     1
  8
0
100
AcDbBlockEnd
  0
ENDSEC
  0
SECTION
  2
ENTITIES
  0
3DSOLID
  5
8E
330
70
100
AcDbEntity
  8
0
347
7A
100
AcDbModelerGeometry
290
     1
  2
{64294308-289c-cd49-8bf1-738514dde2da}
100
AcDb3dSolid
350
0
  0
3DSOLID
  5
90
330
70
100
AcDbEntity
  8
0
347
7A
100
AcDbModelerGeometry
290
     1
  2
{2cddf7e9-80f3-7445-9734-79d5c8d03d50}
100
AcDb3dSolid
350
0
  0
POINT
  5
92
330
70
100
AcDbEntity
  8
XBOTS_FAST-PID-3D v1_Sketch1
100
AcDbPoint
 10
-10.0
 20
21.5
 30
0.0
  0
POINT
  5
93
330
70
100
AcDbEntity
  8
XBOTS_FAST-PID-3D v1_Sketch1
100
AcDbPoint
 10
0.0
 20
0.0
 30
0.0
  0
POINT
  5
94
330
70
100
AcDbEntity
  8
XBOTS_FAST-PID-3D v1_Sketch1
100
AcDbPoint
 10
0.0
 20
0.0
 30
0.0
  0
LINE
  5
95
330
70
100
AcDbEntity
  8
XBOTS_FAST-PID-3D v1_Sketch1
100
AcDbLine
 10
-6.62771867673098
 20
236.0
 30
0.0
 11
-6.482758620689725
 21
236.0
 31
0.0
  0
LINE
  5
96
330
70
100
AcDbEntity
  8
XBOTS_FAST-PID-3D v1_Sketch1
100
AcDbLine
 10
50.0
 20
218.5
 30
0.0
 11
-8.000000119209289
 21
218.5
 31
0.0
  0
ARC
  5
97
330
70
100
AcDbEntity
  8
XBOTS_FAST-PID-3D v1_Sketch1
100
AcDbCircle
 10
-9.499999999999992
 20
212.0
 30
0.0
 40
3.500000000000014
100
AcDbArc
 50
180.0
 51
270.0
  0
LINE
  5
98
330
70
100
AcDbEntity
  8
XBOTS_FAST-PID-3D v1_Sketch1
100
AcDbLine
 10
-8.000000119209289
 20
212.0005980199805
 30
0.0
 11
-8.000000119209289
 21
212.0000031590462
 31
0.0
  0
ARC
  5
99
330
70
100
AcDbEntity
  8
XBOTS_FAST-PID-3D v1_Sketch1
100
AcDbCircle
 10
-9.499999999999992
 20
234.0
 30
0.0
 40
3.500000000000009
100
AcDbArc
 50
295.3769313652566
 51
180.0
  0
LINE
  5
9A
330
70
100
AcDbEntity
  8
XBOTS_FAST-PID-3D v1_Sketch1
100
AcDbLine
 10
109.5
 20
208.5
 30
0.0
 11
75.0
 21
208.5
 31
0.0
  0
LINE
  5
9B
330
70
100
AcDbEntity
  8
XBOTS_FAST-PID-3D v1_Sketch1
100
AcDbLine
 10
-6.482758620689725
 20
236.0
 30
0.0
 11
-13.0
 21
237.5
 31
0.0
  0
CIRCLE
  5
9C
330
70
100
AcDbEntity
  8
XBOTS_FAST-PID-3D v1_Sketch1
100
AcDbCircle
 10
29.99999895691871
 20
105.0000012665987
 30
0.0
 40
1.500000000000003
  0
CIRCLE
  5
9D
330
70
100
AcDbEntity
  8
XBOTS_FAST-PID-3D v1_Sketch1
100
AcDbCircle
 10
69.99999955296516
 20
70.0
 30
0.0
 40
1.499999999999996
  0
LINE
  5
9E
330
70
100
AcDbEntity
  8
XBOTS_FAST-PID-3D v1_Sketch1
100
AcDbLine
 10
-20.0
 20
55.0
 30
0.0
 11
-20.5
 21
55.0
 31
0.0
  0
LINE
  5
9F
330
70
100
AcDbEntity
  8
XBOTS_FAST-PID-3D v1_Sketch1
100
AcDbLine
 10
-10.00000000000007
 20
34.8
 30
0.0
 11
-10.00000000000007
 21
29.0
 31
0.0
  0
LINE
  5
A0
330
70
100
AcDbEntity
  8
XBOTS_FAST-PID-3D v1_Sketch1
100
AcDbLine
 10
110.0
 20
8.200000000000002
 30
0.0
 11
110.0
 21
14.0
 31
0.0
  0
CIRCLE
  5
A1
330
70
100
AcDbEntity
  8
XBOTS_FAST-PID-3D v1_Sketch1
100
AcDbCircle
 10
109.5
 20
234.0
 30
0.0
 40
1.500000000000007
  0
LINE
  5
A2
330
70
100
AcDbEntity
  8
XBOTS_FAST-PID-3D v1_Sketch1
100
AcDbLine
 10
-8.000000119209289
 20
230.8377222832857
 30
0.0
 11
-8.000000119209289
 21
218.5
 31
0.0
  0
ARC
  5
A3
330
70
100
AcDbEntity
  8
XBOTS_FAST-PID-3D v1_Sketch1
100
AcDbCircle
 10
50.0
 20
195.0
 30
0.0
 40
8.624227566426615
100
AcDbArc
 50
89.83979175915708
 51
90.16020824084518
  0
LINE
  5
A4
330
70
100
AcDbEntity
  8
XBOTS_FAST-PID-3D v1_Sketch1
100
AcDbLine
 10
25.0
 20
218.5
 30
0.0
 11
30.00000044703484
 21
218.5
 31
0.0
  0
LINE
  5
A5
330
70
100
AcDbEntity
  8
XBOTS_FAST-PID-3D v1_Sketch1
100
AcDbLine
 10
50.0
 20
218.5
 30
0.0
 11
108.0
 21
218.5
 31
0.0
  0
CIRCLE
  5
A6
330
70
100
AcDbEntity
  8
XBOTS_FAST-PID-3D v1_Sketch1
100
AcDbCircle
 10
29.99999895691871
 20
115.0000012665987
 30
0.0
 40
1.500000000000003
  0
CIRCLE
  5
A7
330
70
100
AcDbEntity
  8
XBOTS_FAST-PID-3D v1_Sketch1
100
AcDbCircle
 10
30.00000044703484
 20
70.0
 30
0.0
 40
1.499999999999996
  0
LINE
  5
A8
330
70
100
AcDbEntity
  8
XBOTS_FAST-PID-3D v1_Sketch1
100
AcDbLine
 10
-13.0
 20
212.0
 30
0.0
 11
-13.0
 21
234.0
 31
0.0
  0
LINE
  5
A9
330
70
100
AcDbEntity
  8
XBOTS_FAST-PID-3D v1_Sketch1
100
AcDbLine
 10
-10.0
 20
-2.0
 30
0.0
 11
-10.0
 21
45.0
 31
0.0
  0
ARC
  5
AA
330
70
100
AcDbEntity
  8
XBOTS_FAST-PID-3D v1_Sketch1
100
AcDbCircle
 10
-20.27231217757663
 20
76.19715997602137
 30
0.0
 40
21.19838278722041
100
AcDbArc
 50
269.3845850294933
 51
343.0018295816361
  0
CIRCLE
  5
AB
330
70
100
AcDbEntity
  8
XBOTS_FAST-PID-3D v1_Sketch1
100
AcDbCircle
 10
70.00000104308128
 20
85.0000012665987
 30
0.0
 40
1.500000000000003
  0
LINE
  5
AC
330
70
100
AcDbEntity
  8
XBOTS_FAST-PID-3D v1_Sketch1
100
AcDbLine
 10
50.0
 20
203.624
 30
0.0
 11
50.0
 21
203.6242275664267
 31
0.0
  0
CIRCLE
  5
AD
330
70
100
AcDbEntity
  8
XBOTS_FAST-PID-3D v1_Sketch1
100
AcDbCircle
 10
-9.499999999999992
 20
212.0
 30
0.0
 40
1.500000000000007
  0
LINE
  5
AE
330
70
100
AcDbEntity
  8
XBOTS_FAST-PID-3D v1_Sketch1
100
AcDbLine
 10
50.0
 20
203.6242275664266
 30
0.0
 11
50.0
 21
203.624
 31
0.0
  0
LINE
  5
AF
330
70
100
AcDbEntity
  8
XBOTS_FAST-PID-3D v1_Sketch1
100
AcDbLine
 10
25.0
 20
208.5
 30
0.0
 11
25.0
 21
80.0
 31
0.0
  0
CIRCLE
  5
B0
330
70
100
AcDbEntity
  8
XBOTS_FAST-PID-3D v1_Sketch1
100
AcDbCircle
 10
-9.499999999999992
 20
234.0
 30
0.0
 40
1.500000000000007
  0
CIRCLE
  5
B1
330
70
100
AcDbEntity
  8
XBOTS_FAST-PID-3D v1_Sketch1
100
AcDbCircle
 10
41.50000064074993
 20
189.5000028461218
 30
0.0
 40
1.5
  0
CIRCLE
  5
B2
330
70
100
AcDbEntity
  8
XBOTS_FAST-PID-3D v1_Sketch1
100
AcDbCircle
 10
50.0
 20
205.124
 30
0.0
 40
1.500000000000002
  0
LINE
  5
B3
330
70
100
AcDbEntity
  8
XBOTS_FAST-PID-3D v1_Sketch1
100
AcDbLine
 10
35.0
 20
195.0
 30
0.0
 11
35.0
 21
80.0
 31
0.0
  0
LINE
  5
B4
330
70
100
AcDbEntity
  8
XBOTS_FAST-PID-3D v1_Sketch1
100
AcDbLine
 10
50.0
 20
80.0
 30
0.0
 11
50.0
 21
-2.0
 31
0.0
  0
CIRCLE
  5
B5
330
70
100
AcDbEntity
  8
XBOTS_FAST-PID-3D v1_Sketch1
100
AcDbCircle
 10
70.0
 20
50.0
 30
0.0
 40
1.499999999999999
  0
LINE
  5
B6
330
70
100
AcDbEntity
  8
XBOTS_FAST-PID-3D v1_Sketch1
100
AcDbLine
 10
130.0
 20
45.0
 30
0.0
 11
110.0
 21
45.0
 31
0.0
  0
CIRCLE
  5
B7
330
70
100
AcDbEntity
  8
XBOTS_FAST-PID-3D v1_Sketch1
100
AcDbCircle
 10
30.0
 20
145.0
 30
0.0
 40
1.500000000000001
  0
CIRCLE
  5
B8
330
70
100
AcDbEntity
  8
XBOTS_FAST-PID-3D v1_Sketch1
100
AcDbCircle
 10
70.0
 20
145.0
 30
0.0
 40
1.500000000000001
  0
CIRCLE
  5
B9
330
70
100
AcDbEntity
  8
XBOTS_FAST-PID-3D v1_Sketch1
100
AcDbCircle
 10
30.0
 20
50.0
 30
0.0
 40
1.499999999999999
  0
CIRCLE
  5
BA
330
70
100
AcDbEntity
  8
XBOTS_FAST-PID-3D v1_Sketch1
100
AcDbCircle
 10
2.250000009313225
 20
67.75000102818012
 30
0.0
 40
1.25
  0
CIRCLE
  5
BB
330
70
100
AcDbEntity
  8
XBOTS_FAST-PID-3D v1_Sketch1
100
AcDbCircle
 10
109.5
 20
212.0
 30
0.0
 40
1.500000000000007
  0
CIRCLE
  5
BC
330
70
100
AcDbEntity
  8
XBOTS_FAST-PID-3D v1_Sketch1
100
AcDbCircle
 10
70.0
 20
60.0
 30
0.0
 40
1.499999999999998
  0
ARC
  5
BD
330
70
100
AcDbEntity
  8
XBOTS_FAST-PID-3D v1_Sketch1
100
AcDbCircle
 10
120.2723121775766
 20
76.19715997602137
 30
0.0
 40
21.19838278722042
100
AcDbArc
 50
196.9981704183638
 51
270.6154149705067
  0
ARC
  5
BE
330
70
100
AcDbEntity
  8
XBOTS_FAST-PID-3D v1_Sketch1
100
AcDbCircle
 10
109.5
 20
234.0
 30
0.0
 40
3.500000000000014
100
AcDbArc
 50
0.0
 51
244.6230664748479
  0
LINE
  5
BF
330
70
100
AcDbEntity
  8
XBOTS_FAST-PID-3D v1_Sketch1
100
AcDbLine
 10
113.0
 20
208.5
 30
0.0
 11
111.1662198314206
 21
208.9220605149905
 31
0.0
  0
LINE
  5
C0
330
70
100
AcDbEntity
  8
XBOTS_FAST-PID-3D v1_Sketch1
100
AcDbLine
 10
25.0
 20
208.5
 30
0.0
 11
-9.499999999999992
 21
208.5
 31
0.0
  0
CIRCLE
  5
C1
330
70
100
AcDbEntity
  8
XBOTS_FAST-PID-3D v1_Sketch1
100
AcDbCircle
 10
-5.704512013671845
 20
12.50000000000001
 30
0.0
 40
0.9999999999999992
  0
ARC
  5
C2
330
70
100
AcDbEntity
  8
XBOTS_FAST-PID-3D v1_Sketch1
100
AcDbCircle
 10
50.0
 20
-50.00000000000037
 30
0.0
 40
130.0000000000004
100
AcDbArc
 50
90.0
 51
112.6198649480403
  0
ARC
  5
C3
330
70
100
AcDbEntity
  8
XBOTS_FAST-PID-3D v1_Sketch1
100
AcDbCircle
 10
50.0
 20
195.0
 30
0.0
 40
15.0
100
AcDbArc
 50
180.0
 51
0.0
  0
LINE
  5
C4
330
70
100
AcDbEntity
  8
XBOTS_FAST-PID-3D v1_Sketch1
100
AcDbLine
 10
110.0
 20
-2.0
 30
0.0
 11
110.0
 21
45.0
 31
0.0
  0
ARC
  5
C5
330
70
100
AcDbEntity
  8
XBOTS_FAST-PID-3D v1_Sketch1
100
AcDbCircle
 10
50.0
 20
-50.00000000000037
 30
0.0
 40
130.0000000000004
100
AcDbArc
 50
67.38013505195964
 51
90.00000000000003
  0
LINE
  5
C6
330
70
100
AcDbEntity
  8
XBOTS_FAST-PID-3D v1_Sketch1
100
AcDbLine
 10
75.0
 20
208.5
 30
0.0
 11
75.0
 21
80.0
 31
0.0
  0
CIRCLE
  5
C7
330
70
100
AcDbEntity
  8
XBOTS_FAST-PID-3D v1_Sketch1
100
AcDbCircle
 10
-5.741222569159951
 20
30.49695817435705
 30
0.0
 40
1.000000000000006
  0
LINE
  5
C8
330
70
100
AcDbEntity
  8
XBOTS_FAST-PID-3D v1_Sketch1
100
AcDbLine
 10
-10.0
 20
-2.0
 30
0.0
 11
110.0
 21
-2.0
 31
0.0
  0
CIRCLE
  5
C9
330
70
100
AcDbEntity
  8
XBOTS_FAST-PID-3D v1_Sketch1
100
AcDbCircle
 10
105.7045120136718
 20
12.50000000000001
 30
0.0
 40
0.9999999999999992
  0
LINE
  5
CA
330
70
100
AcDbEntity
  8
XBOTS_FAST-PID-3D v1_Sketch1
100
AcDbLine
 10
50.0
 20
203.624
 30
0.0
 11
50.0
 21
203.6242275664267
 31
0.0
  0
CIRCLE
  5
CB
330
70
100
AcDbEntity
  8
XBOTS_FAST-PID-3D v1_Sketch1
100
AcDbCircle
 10
2.250000009313226
 20
2.249998971819877
 30
0.0
 40
1.25
  0
LINE
  5
CC
330
70
100
AcDbEntity
  8
XBOTS_FAST-PID-3D v1_Sketch1
100
AcDbLine
 10
-8.000000119209289
 20
234.0000034868717
 30
0.0
 11
-8.000000119209289
 21
233.9994019800195
 31
0.0
  0
LINE
  5
CD
330
70
100
AcDbEntity
  8
XBOTS_FAST-PID-3D v1_Sketch1
100
AcDbLine
 10
-13.0
 20
208.5
 30
0.0
 11
-11.16621983142063
 21
208.9220605149905
 31
0.0
  0
LINE
  5
CE
330
70
100
AcDbEntity
  8
XBOTS_FAST-PID-3D v1_Sketch1
100
AcDbLine
 10
65.0
 20
80.0
 30
0.0
 11
75.0
 21
80.0
 31
0.0
  0
ARC
  5
CF
330
70
100
AcDbEntity
  8
XBOTS_FAST-PID-3D v1_Sketch1
100
AcDbCircle
 10
109.5
 20
212.0
 30
0.0
 40
3.500000000000014
100
AcDbArc
 50
270.0
 51
0.0
  0
CIRCLE
  5
D0
330
70
100
AcDbEntity
  8
XBOTS_FAST-PID-3D v1_Sketch1
100
AcDbCircle
 10
29.99999947845936
 20
135.0000006332993
 30
0.0
 40
1.500000000000006
  0
LINE
  5
D1
330
70
100
AcDbEntity
  8
XBOTS_FAST-PID-3D v1_Sketch1
100
AcDbLine
 10
106.4827586206897
 20
236.0
 30
0.0
 11
106.6277186767309
 21
236.0
 31
0.0
  0
CIRCLE
  5
D2
330
70
100
AcDbEntity
  8
XBOTS_FAST-PID-3D v1_Sketch1
100
AcDbCircle
 10
70.00000104308128
 20
125.0000012665986
 30
0.0
 40
1.500000000000003
  0
CIRCLE
  5
D3
330
70
100
AcDbEntity
  8
XBOTS_FAST-PID-3D v1_Sketch1
100
AcDbCircle
 10
29.99999895691871
 20
125.0000012665986
 30
0.0
 40
1.500000000000003
  0
CIRCLE
  5
D4
330
70
100
AcDbEntity
  8
XBOTS_FAST-PID-3D v1_Sketch1
100
AcDbCircle
 10
30.0
 20
60.0
 30
0.0
 40
1.499999999999998
  0
LINE
  5
D5
330
70
100
AcDbEntity
  8
XBOTS_FAST-PID-3D v1_Sketch1
100
AcDbLine
 10
-30.0
 20
45.0
 30
0.0
 11
-10.0
 21
45.0
 31
0.0
  0
CIRCLE
  5
D6
330
70
100
AcDbEntity
  8
XBOTS_FAST-PID-3D v1_Sketch1
100
AcDbCircle
 10
97.74999999068677
 20
67.75000102818012
 30
0.0
 40
1.25
  0
CIRCLE
  5
D7
330
70
100
AcDbEntity
  8
XBOTS_FAST-PID-3D v1_Sketch1
100
AcDbCircle
 10
70.00000104308128
 20
105.0000012665987
 30
0.0
 40
1.500000000000003
  0
LINE
  5
D8
330
70
100
AcDbEntity
  8
XBOTS_FAST-PID-3D v1_Sketch1
100
AcDbLine
 10
25.0
 20
80.0
 30
0.0
 11
35.0
 21
80.0
 31
0.0
  0
CIRCLE
  5
D9
330
70
100
AcDbEntity
  8
XBOTS_FAST-PID-3D v1_Sketch1
100
AcDbCircle
 10
70.00000052154064
 20
135.0000006332993
 30
0.0
 40
1.500000000000006
  0
CIRCLE
  5
DA
330
70
100
AcDbEntity
  8
XBOTS_FAST-PID-3D v1_Sketch1
100
AcDbCircle
 10
29.99999895691871
 20
85.0000012665987
 30
0.0
 40
1.500000000000003
  0
ARC
  5
DB
330
70
100
AcDbEntity
  8
XBOTS_FAST-PID-3D v1_Sketch1
100
AcDbCircle
 10
120.0
 20
45.0
 30
0.0
 40
10.0
100
AcDbArc
 50
0.0
 51
90.0
  0
LINE
  5
DC
330
70
100
AcDbEntity
  8
XBOTS_FAST-PID-3D v1_Sketch1
100
AcDbLine
 10
-10.00000000000007
 20
29.0
 30
0.0
 11
-10.00000000000007
 21
14.0
 31
0.0
  0
LINE
  5
DD
330
70
100
AcDbEntity
  8
XBOTS_FAST-PID-3D v1_Sketch1
100
AcDbLine
 10
65.0
 20
195.0
 30
0.0
 11
65.0
 21
80.0
 31
0.0
  0
CIRCLE
  5
DE
330
70
100
AcDbEntity
  8
XBOTS_FAST-PID-3D v1_Sketch1
100
AcDbCircle
 10
70.00000104308128
 20
115.0000012665987
 30
0.0
 40
1.500000000000003
  0
LINE
  5
DF
330
70
100
AcDbEntity
  8
XBOTS_FAST-PID-3D v1_Sketch1
100
AcDbLine
 10
110.0
 20
34.8
 30
0.0
 11
110.0
 21
29.0
 31
0.0
  0
ARC
  5
E0
330
70
100
AcDbEntity
  8
XBOTS_FAST-PID-3D v1_Sketch1
100
AcDbCircle
 10
-20.00000000000001
 20
45.0
 30
0.0
 40
9.999999999999991
100
AcDbArc
 50
89.99999999999996
 51
180.0
  0
LINE
  5
E1
330
70
100
AcDbEntity
  8
XBOTS_FAST-PID-3D v1_Sketch1
100
AcDbLine
 10
110.0
 20
29.0
 30
0.0
 11
110.0
 21
14.0
 31
0.0
  0
LINE
  5
E2
330
70
100
AcDbEntity
  8
XBOTS_FAST-PID-3D v1_Sketch1
100
AcDbLine
 10
106.4827586206897
 20
236.0
 30
0.0
 11
113.0
 21
237.5
 31
0.0
  0
LINE
  5
E3
330
70
100
AcDbEntity
  8
XBOTS_FAST-PID-3D v1_Sketch1
100
AcDbLine
 10
1.0
 20
68.00000101327896
 30
0.0
 11
1.0
 21
68.00000101327896
 31
0.0
  0
LINE
  5
E4
330
70
100
AcDbEntity
  8
XBOTS_FAST-PID-3D v1_Sketch1
100
AcDbLine
 10
108.0
 20
230.8377223398316
 30
0.0
 11
108.0
 21
218.5
 31
0.0
  0
LINE
  5
E5
330
70
100
AcDbEntity
  8
XBOTS_FAST-PID-3D v1_Sketch1
100
AcDbLine
 10
-10.00000000000007
 20
8.199999999999999
 30
0.0
 11
-10.00000000000007
 21
14.0
 31
0.0
  0
CIRCLE
  5
E6
330
70
100
AcDbEntity
  8
XBOTS_FAST-PID-3D v1_Sketch1
100
AcDbCircle
 10
105.7412225691599
 20
30.49695817435705
 30
0.0
 40
1.000000000000006
  0
LINE
  5
E7
330
70
100
AcDbEntity
  8
XBOTS_FAST-PID-3D v1_Sketch1
100
AcDbLine
 10
120.0
 20
55.0
 30
0.0
 11
120.5
 21
55.0
 31
0.0
  0
CIRCLE
  5
E8
330
70
100
AcDbEntity
  8
XBOTS_FAST-PID-3D v1_Sketch1
100
AcDbCircle
 10
97.74999999068677
 20
2.249998971819877
 30
0.0
 40
1.25
  0
CIRCLE
  5
E9
330
70
100
AcDbEntity
  8
XBOTS_FAST-PID-3D v1_Sketch1
100
AcDbCircle
 10
58.50000088965431
 20
189.5000028461218
 30
0.0
 40
1.5
  0
LINE
  5
EA
330
70
100
AcDbEntity
  8
XBOTS_FAST-PID-3D v1_Sketch1
100
AcDbLine
 10
113.0
 20
234.0
 30
0.0
 11
113.0
 21
212.0
 31
0.0
  0
ENDSEC
  0
SECTION
  2
OBJECTS
  0
DICTIONARY
  5
C
330
0
100
AcDbDictionary
281
     1
  3
ACAD_COLOR
350
63
  3
ACAD_DETAILVIEWSTYLE
350
6A
  3
ACAD_GROUP
350
D
  3
ACAD_LAYOUT
350
62
  3
ACAD_MATERIAL
350
10
  3
ACAD_MLEADERSTYLE
350
66
  3
ACAD_MLINESTYLE
350
5F
  3
ACAD_PLOTSETTINGS
350
61
  3
ACAD_PLOTSTYLENAME
350
E
  3
ACAD_SCALELIST
350
42
  3
ACAD_SECTIONVIEWSTYLE
350
68
  3
ACAD_TABLESTYLE
350
64
  3
ACAD_VISUALSTYLE
350
29
  3
ACDB_RECOMPOSE_DATA
350
F3
  3
AcDbVariableDictionary
350
EB
  0
DICTIONARY
  5
63
102
{ACAD_REACTORS
330
C
102
}
330
C
100
AcDbDictionary
281
     1
  0
DICTIONARY
  5
6A
102
{ACAD_REACTORS
330
C
102
}
330
C
100
AcDbDictionary
281
     1
  3
Imperial24
350
6B
  0
DICTIONARY
  5
D
102
{ACAD_REACTORS
330
C
102
}
330
C
100
AcDbDictionary
281
     1
  0
DICTIONARY
  5
62
102
{ACAD_REACTORS
330
C
102
}
330
C
100
AcDbDictionary
281
     1
  3
Layout1
350
6F
  3
Layout2
350
77
  3
Model
350
73
  0
DICTIONARY
  5
10
102
{ACAD_REACTORS
330
C
102
}
330
C
100
AcDbDictionary
281
     1
  3
Acrylic (Clear)
350
84
  3
ByBlock
350
19
  3
ByLayer
350
11
  3
Global
350
21
  3
Prism-169
350
8F
  3
Steel - Satin
350
7A
  0
DICTIONARY
  5
66
102
{ACAD_REACTORS
330
C
102
}
330
C
100
AcDbDictionary
281
     1
  3
Standard
350
67
  0
DICTIONARY
  5
5F
102
{ACAD_REACTORS
330
C
102
}
330
C
100
AcDbDictionary
281
     1
  3
Standard
350
60
  0
DICTIONARY
  5
61
102
{ACAD_REACTORS
330
C
102
}
330
C
100
AcDbDictionary
281
     1
  0
ACDBDICTIONARYWDFLT
  5
E
102
{ACAD_REACTORS
330
C
102
}
330
C
100
AcDbDictionary
281
     1
  3
Normal
350
F
100
AcDbDictionaryWithDefault
340
F
  0
DICTIONARY
  5
42
102
{ACAD_REACTORS
330
C
102
}
330
C
100
AcDbDictionary
281
     1
  3
A0
350
43
  3
A1
350
44
  3
A2
350
45
  3
A3
350
46
  3
A4
350
47
  3
A5
350
48
  3
A6
350
49
  3
A7
350
4A
  3
A8
350
4B
  3
A9
350
4C
  3
B0
350
4D
  3
B1
350
4E
  3
B2
350
4F
  3
B3
350
50
  3
B4
350
51
  3
B5
350
52
  3
B6
350
53
  0
DICTIONARY
  5
68
102
{ACAD_REACTORS
330
C
102
}
330
C
100
AcDbDictionary
281
     1
  3
Imperial24
350
69
  0
DICTIONARY
  5
64
102
{ACAD_REACTORS
330
C
102
}
330
C
100
AcDbDictionary
281
     1
  3
Standard
350
65
  0
DICTIONARY
  5
29
102
{ACAD_REACTORS
330
C
102
}
330
C
100
AcDbDictionary
281
     1
  3
2dWireframe
350
2F
  3
Basic
350
2E
  3
Brighten
350
35
  3
ColorChange
350
39
  3
Conceptual
350
32
  3
Dim
350
34
  3
EdgeColorOff
350
41
  3
Facepattern
350
38
  3
Flat
350
2A
  3
FlatWithEdges
350
2B
  3
Gouraud
350
2C
  3
GouraudWithEdges
350
2D
  3
Hidden
350
31
  3
JitterOff
350
3F
  3
Linepattern
350
37
  3
OverhangOff
350
40
  3
Realistic
350
33
  3
Shaded
350
3E
  3
Shaded with edges
350
3D
  3
Shades of Gray
350
3A
  3
Sketchy
350
3B
  3
Thicken
350
36
  3
Wireframe
350
30
  3
X-Ray
350
3C
  0
XRECORD
  5
F3
102
{ACAD_REACTORS
330
C
102
}
330
C
100
AcDbXrecord
280
     1
 90
        1
330
65
  0
DICTIONARY
  5
EB
102
{ACAD_REACTORS
330
C
102
}
330
C
100
AcDbDictionary
281
     1
  3
CANNOSCALE
350
F0
  3
CMLEADERSTYLE
350
ED
  3
CTABLESTYLE
350
EC
  3
CVIEWDETAILSTYLE
350
EE
  3
CVIEWSECTIONSTYLE
350
EF
  0
ACDBDETAILVIEWSTYLE
  5
6B
102
{ACAD_XDICTIONARY
360
F6
102
}
102
{ACAD_REACTORS
330
6A
102
}
330
6A
100
AcDbModelDocViewStyle
 70
     0
  3
Imperial24
290
     0
100
AcDbDetailViewStyle
 70
     0
 71
     0
 90
        3
 71
     1
340
55
 62
   256
 40
0.24
340
0
 62
   256
 40
0.24
300

 40
0.36
280
     3
 71
     2
340
5D
 90
       25
 62
   256
 71
     3
340
55
 62
   256
 40
0.24
 90
        1
 40
0.75
 90
        1
300
%<\AcVar ViewType \f "%tc1">% %<\AcVar ViewDetailId>%\PSCALE %<\AcVar ViewScale \f "%sn">%
 71
     4
340
5D
 90
       25
 62
   256
340
5D
 90
       25
 62
   256
280
     0
  0
LAYOUT
  5
6F
102
{ACAD_REACTORS
330
62
102
}
330
62
100
AcDbPlotSettings
  1

  2

  4

  6

 40
0.0
 41
0.0
 42
0.0
 43
0.0
 44
0.0
 45
0.0
 46
0.0
 47
0.0
 48
0.0
 49
0.0
140
0.0
141
0.0
142
1.0
143
1.0
 70
   688
 72
     0
 73
     0
 74
     5
  7

 75
    16
147
1.0
 76
     0
 77
     2
 78
   300
148
0.0
149
0.0
100
AcDbLayout
  1
Layout1
 70
     1
 71
     1
 10
0.0
 20
0.0
 11
12.0
 21
9.0
 12
0.0
 22
0.0
 32
0.0
 14
0.0
 24
0.0
 34
0.0
 15
0.0
 25
0.0
 35
0.0
146
0.0
 13
0.0
 23
0.0
 33
0.0
 16
1.0
 26
0.0
 36
0.0
 17
0.0
 27
1.0
 37
0.0
 76
     0
330
6C
  0
LAYOUT
  5
77
102
{ACAD_REACTORS
330
62
102
}
330
62
100
AcDbPlotSettings
  1

  2

  4

  6

 40
0.0
 41
0.0
 42
0.0
 43
0.0
 44
0.0
 45
0.0
 46
0.0
 47
0.0
 48
0.0
 49
0.0
140
0.0
141
0.0
142
1.0
143
1.0
 70
   688
 72
     0
 73
     0
 74
     5
  7

 75
    16
147
1.0
 76
     0
 77
     2
 78
   300
148
0.0
149
0.0
100
AcDbLayout
  1
Layout2
 70
     1
 71
     2
 10
0.0
 20
0.0
 11
12.0
 21
9.0
 12
0.0
 22
0.0
 32
0.0
 14
0.0
 24
0.0
 34
0.0
 15
0.0
 25
0.0
 35
0.0
146
0.0
 13
0.0
 23
0.0
 33
0.0
 16
1.0
 26
0.0
 36
0.0
 17
0.0
 27
1.0
 37
0.0
 76
     0
330
74
  0
LAYOUT
  5
73
102
{ACAD_REACTORS
330
62
102
}
330
62
100
AcDbPlotSettings
  1

  2

  4

  6

 40
0.0
 41
0.0
 42
0.0
 43
0.0
 44
0.0
 45
0.0
 46
0.0
 47
0.0
 48
0.0
 49
0.0
140
0.0
141
0.0
142
1.0
143
1.0
 70
  1712
 72
     0
 73
     0
 74
     0
  7

 75
     0
147
1.0
 76
     0
 77
     2
 78
   300
148
0.0
149
0.0
100
AcDbLayout
  1
Model
 70
     1
 71
     0
 10
0.0
 20
0.0
 11
12.0
 21
9.0
 12
0.0
 22
0.0
 32
0.0
 14
0.0
 24
0.0
 34
0.0
 15
0.0
 25
0.0
 35
0.0
146
0.0
 13
0.0
 23
0.0
 33
0.0
 16
1.0
 26
0.0
 36
0.0
 17
0.0
 27
1.0
 37
0.0
 76
     0
330
70
  0
MATERIAL
  5
84
102
{ACAD_XDICTIONARY
360
85
102
}
102
{ACAD_REACTORS
330
10
102
}
330
10
100
AcDbMaterial
  1
Acrylic (Clear)
 70
     1
 90
-1024068109
 71
     1
 91
-1024068109
 72
     0
 44
1.0
 76
     1
 92
-1024068109
 77
     0
171
     0
140
0.0
175
     0
143
0.5149999856948853
179
     0
145
1.491000056266784
148
0.5
468
0.1000000014901161
 94
        0
1001
ACAD
1070
    -1
1070
     3
1070
     0
1000

1071
        0
1070
     0
  0
MATERIAL
  5
19
102
{ACAD_XDICTIONARY
360
1A
102
}
102
{ACAD_REACTORS
330
10
102
}
330
10
100
AcDbMaterial
  1
ByBlock
 72
     0
 43
0.0208333333333333
 43
0.0
 43
0.0
 43
0.0
 43
0.0
 43
0.0208333333333333
 43
0.0
 43
0.0
 43
0.0
 43
0.0
 43
1.0
 43
0.0
 43
0.0
 43
0.0
 43
0.0
 43
1.0
 77
     0
 47
0.0208333333333333
 47
0.0
 47
0.0
 47
0.0
 47
0.0
 47
0.0208333333333333
 47
0.0
 47
0.0
 47
0.0
 47
0.0
 47
1.0
 47
0.0
 47
0.0
 47
0.0
 47
0.0
 47
1.0
171
     0
 49
0.0208333333333333
 49
0.0
 49
0.0
 49
0.0
 49
0.0
 49
0.0208333333333333
 49
0.0
 49
0.0
 49
0.0
 49
0.0
 49
1.0
 49
0.0
 49
0.0
 49
0.0
 49
0.0
 49
1.0
175
     0
142
0.0208333333333333
142
0.0
142
0.0
142
0.0
142
0.0
142
0.0208333333333333
142
0.0
142
0.0
142
0.0
142
0.0
142
1.0
142
0.0
142
0.0
142
0.0
142
0.0
142
1.0
179
     0
144
0.0208333333333333
144
0.0
144
0.0
144
0.0
144
0.0
144
0.0208333333333333
144
0.0
144
0.0
144
0.0
144
0.0
144
1.0
144
0.0
144
0.0
144
0.0
144
0.0
144
1.0
147
0.0208333333333333
147
0.0
147
0.0
147
0.0
147
0.0
147
0.0208333333333333
147
0.0
147
0.0
147
0.0
147
0.0
147
1.0
147
0.0
147
0.0
147
0.0
147
0.0
147
1.0
  0
MATERIAL
  5
11
102
{ACAD_XDICTIONARY
360
12
102
}
102
{ACAD_REACTORS
330
10
102
}
330
10
100
AcDbMaterial
  1
ByLayer
 72
     0
 43
0.0208333333333333
 43
0.0
 43
0.0
 43
0.0
 43
0.0
 43
0.0208333333333333
 43
0.0
 43
0.0
 43
0.0
 43
0.0
 43
1.0
 43
0.0
 43
0.0
 43
0.0
 43
0.0
 43
1.0
 77
     0
 47
0.0208333333333333
 47
0.0
 47
0.0
 47
0.0
 47
0.0
 47
0.0208333333333333
 47
0.0
 47
0.0
 47
0.0
 47
0.0
 47
1.0
 47
0.0
 47
0.0
 47
0.0
 47
0.0
 47
1.0
171
     0
 49
0.0208333333333333
 49
0.0
 49
0.0
 49
0.0
 49
0.0
 49
0.0208333333333333
 49
0.0
 49
0.0
 49
0.0
 49
0.0
 49
1.0
 49
0.0
 49
0.0
 49
0.0
 49
0.0
 49
1.0
175
     0
142
0.0208333333333333
142
0.0
142
0.0
142
0.0
142
0.0
142
0.0208333333333333
142
0.0
142
0.0
142
0.0
142
0.0
142
1.0
142
0.0
142
0.0
142
0.0
142
0.0
142
1.0
179
     0
144
0.0208333333333333
144
0.0
144
0.0
144
0.0
144
0.0
144
0.0208333333333333
144
0.0
144
0.0
144
0.0
144
0.0
144
1.0
144
0.0
144
0.0
144
0.0
144
0.0
144
1.0
147
0.0208333333333333
147
0.0
147
0.0
147
0.0
147
0.0
147
0.0208333333333333
147
0.0
147
0.0
147
0.0
147
0.0
147
1.0
147
0.0
147
0.0
147
0.0
147
0.0
147
1.0
  0
MATERIAL
  5
21
102
{ACAD_XDICTIONARY
360
22
102
}
102
{ACAD_REACTORS
330
10
102
}
330
10
100
AcDbMaterial
  1
Global
 72
     0
 43
0.0208333333333333
 43
0.0
 43
0.0
 43
0.0
 43
0.0
 43
0.0208333333333333
 43
0.0
 43
0.0
 43
0.0
 43
0.0
 43
1.0
 43
0.0
 43
0.0
 43
0.0
 43
0.0
 43
1.0
 77
     0
 47
0.0208333333333333
 47
0.0
 47
0.0
 47
0.0
 47
0.0
 47
0.0208333333333333
 47
0.0
 47
0.0
 47
0.0
 47
0.0
 47
1.0
 47
0.0
 47
0.0
 47
0.0
 47
0.0
 47
1.0
171
     0
 49
0.0208333333333333
 49
0.0
 49
0.0
 49
0.0
 49
0.0
 49
0.0208333333333333
 49
0.0
 49
0.0
 49
0.0
 49
0.0
 49
1.0
 49
0.0
 49
0.0
 49
0.0
 49
0.0
 49
1.0
175
     0
142
0.0208333333333333
142
0.0
142
0.0
142
0.0
142
0.0
142
0.0208333333333333
142
0.0
142
0.0
142
0.0
142
0.0
142
1.0
142
0.0
142
0.0
142
0.0
142
0.0
142
1.0
179
     0
144
0.0208333333333333
144
0.0
144
0.0
144
0.0
144
0.0
144
0.0208333333333333
144
0.0
144
0.0
144
0.0
144
0.0
144
1.0
144
0.0
144
0.0
144
0.0
144
0.0
144
1.0
147
0.0208333333333333
147
0.0
147
0.0
147
0.0
147
0.0
147
0.0208333333333333
147
0.0
147
0.0
147
0.0
147
0.0
147
1.0
147
0.0
147
0.0
147
0.0
147
0.0
147
1.0
  0
MATERIAL
  5
8F
102
{ACAD_REACTORS
330
10
102
}
330
10
100
AcDbMaterial
  1
Prism-169
  0
MATERIAL
  5
7A
102
{ACAD_XDICTIONARY
360
7B
102
}
102
{ACAD_REACTORS
330
10
102
}
330
10
100
AcDbMaterial
  1
Steel - Satin
 70
     1
 90
-1029726305
 71
     1
 91
-1029726305
 72
     0
 44
0.7015873193740845
 76
     1
 92
-1029726305
 77
     0
171
     0
175
     0
143
0.5149999856948853
179
     0
145
1.399999976158142
148
0.5
468
0.6262096762657166
 93
        1
 94
        0
1001
ACAD
1070
    -1
1070
     3
1070
     0
1000

1071
        0
1070
     0
  0
MLEADERSTYLE
  5
67
102
{ACAD_REACTORS
330
66
102
}
330
66
100
AcDbMLeaderStyle
179
     2
170
     2
171
     1
172
     0
 90
        2
 40
0.0
 41
0.0
173
     1
 91
-1056964608
340
5B
 92
       -2
290
     1
 42
0.09
291
     1
 43
0.36
  3
Standard
 44
0.18
300

342
55
174
     1
178
     6
175
     1
176
     0
 93
-1056964608
 45
0.18
292
     0
297
     0
 46
0.18
 94
-1056964608
 47
1.0
 49
1.0
140
1.0
293
     1
141
0.0
294
     1
177
     0
142
1.0
295
     0
296
     0
143
0.125
271
     0
272
     9
273
     9
298
     1
  0
MLINESTYLE
  5
60
102
{ACAD_REACTORS
330
5F
102
}
330
5F
100
AcDbMlineStyle
  2
STANDARD
 70
     0
  3

 62
   256
 51
90.0
 52
90.0
 71
     2
 49
0.5
 62
   256
  6
BYLAYER
 49
-0.5
 62
   256
  6
BYLAYER
  0
ACDBPLACEHOLDER
  5
F
102
{ACAD_REACTORS
330
E
102
}
330
E
  0
SCALE
  5
43
102
{ACAD_REACTORS
330
42
102
}
330
42
100
AcDbScale
 70
     0
300
1:1
140
1.0
141
1.0
290
     1
  0
SCALE
  5
44
102
{ACAD_REACTORS
330
42
102
}
330
42
100
AcDbScale
 70
     0
300
1/128" = 1'-0"
140
0.0078125
141
12.0
290
     0
  0
SCALE
  5
45
102
{ACAD_REACTORS
330
42
102
}
330
42
100
AcDbScale
 70
     0
300
1/64" = 1'-0"
140
0.015625
141
12.0
290
     0
  0
SCALE
  5
46
102
{ACAD_REACTORS
330
42
102
}
330
42
100
AcDbScale
 70
     0
300
1/32" = 1'-0"
140
0.03125
141
12.0
290
     0
  0
SCALE
  5
47
102
{ACAD_REACTORS
330
42
102
}
330
42
100
AcDbScale
 70
     0
300
1/16" = 1'-0"
140
0.0625
141
12.0
290
     0
  0
SCALE
  5
48
102
{ACAD_REACTORS
330
42
102
}
330
42
100
AcDbScale
 70
     0
300
3/32" = 1'-0"
140
0.09375
141
12.0
290
     0
  0
SCALE
  5
49
102
{ACAD_REACTORS
330
42
102
}
330
42
100
AcDbScale
 70
     0
300
1/8" = 1'-0"
140
0.125
141
12.0
290
     0
  0
SCALE
  5
4A
102
{ACAD_REACTORS
330
42
102
}
330
42
100
AcDbScale
 70
     0
300
3/16" = 1'-0"
140
0.1875
141
12.0
290
     0
  0
SCALE
  5
4B
102
{ACAD_REACTORS
330
42
102
}
330
42
100
AcDbScale
 70
     0
300
1/4" = 1'-0"
140
0.25
141
12.0
290
     0
  0
SCALE
  5
4C
102
{ACAD_REACTORS
330
42
102
}
330
42
100
AcDbScale
 70
     0
300
3/8" = 1'-0"
140
0.375
141
12.0
290
     0
  0
SCALE
  5
4D
102
{ACAD_REACTORS
330
42
102
}
330
42
100
AcDbScale
 70
     0
300
1/2" = 1'-0"
140
0.5
141
12.0
290
     0
  0
SCALE
  5
4E
102
{ACAD_REACTORS
330
42
102
}
330
42
100
AcDbScale
 70
     0
300
3/4" = 1'-0"
140
0.75
141
12.0
290
     0
  0
SCALE
  5
4F
102
{ACAD_REACTORS
330
42
102
}
330
42
100
AcDbScale
 70
     0
300
1" = 1'-0"
140
1.0
141
12.0
290
     0
  0
SCALE
  5
50
102
{ACAD_REACTORS
330
42
102
}
330
42
100
AcDbScale
 70
     0
300
1-1/2" = 1'-0"
140
1.5
141
12.0
290
     0
  0
SCALE
  5
51
102
{ACAD_REACTORS
330
42
102
}
330
42
100
AcDbScale
 70
     0
300
3" = 1'-0"
140
3.0
141
12.0
290
     0
  0
SCALE
  5
52
102
{ACAD_REACTORS
330
42
102
}
330
42
100
AcDbScale
 70
     0
300
6" = 1'-0"
140
6.0
141
12.0
290
     0
  0
SCALE
  5
53
102
{ACAD_REACTORS
330
42
102
}
330
42
100
AcDbScale
 70
     0
300
1'-0" = 1'-0"
140
12.0
141
12.0
290
     0
  0
ACDBSECTIONVIEWSTYLE
  5
69
102
{ACAD_XDICTIONARY
360
F4
102
}
102
{ACAD_REACTORS
330
68
102
}
330
68
100
AcDbModelDocViewStyle
 70
     0
  3
Imperial24
290
     0
100
AcDbSectionViewStyle
 70
     0
 71
     0
 90
       78
 71
     1
340
55
 62
   256
 40
0.24
340
0
340
0
 62
   256
 40
0.24
300
I, O, Q, S, X, Z
 40
0.48
 90
        3
 40
0.18
 90
        1
 71
     2
340
5D
 90
       25
 62
   256
340
5D
 90
       50
 62
   256
 40
0.24
 40
0.0
 40
0.24
 71
     3
340
55
 62
   256
 40
0.24
 90
        1
 40
0.75
 90
        1
300
%<\AcVar ViewType \f "%tc1">% %<\AcVar ViewSectionStartId>%-%<\AcVar ViewSectionEndId>%\PSCALE %<\AcVar ViewScale \f "%sn">%
 71
     4
 62
   256
 62
   257
300
ANSI31
 40
1.0
 90
        0
290
     0
290
     0
 90
        6
 40
0.0
 40
1.570796326794896
 40
0.2617993877991494
 40
1.308996938995747
 40
-0.2617993877991494
 40
1.832595714594046
  0
TABLESTYLE
  5
65
102
{ACAD_XDICTIONARY
360
F1
102
}
102
{ACAD_REACTORS
330
64
102
}
330
64
100
AcDbTableStyle
280
     0
  3
Standard
 70
     0
 71
     0
 40
0.06
 41
0.06
280
     0
281
     0
  7
Standard
140
0.18
170
     2
 62
     0
 63
     7
283
     0
 90
      512
 91
        0
  1

274
    -2
284
     1
 64
     0
275
    -2
285
     1
 65
     0
276
    -2
286
     1
 66
     0
277
    -2
287
     1
 67
     0
278
    -2
288
     1
 68
     0
279
    -2
289
     1
 69
     0
  7
Standard
140
0.25
170
     5
 62
     0
 63
     7
283
     0
 90
      512
 91
        0
  1

274
    -2
284
     1
 64
     0
275
    -2
285
     1
 65
     0
276
    -2
286
     1
 66
     0
277
    -2
287
     1
 67
     0
278
    -2
288
     1
 68
     0
279
    -2
289
     1
 69
     0
  7
Standard
140
0.18
170
     5
 62
     0
 63
     7
283
     0
 90
      512
 91
        0
  1

274
    -2
284
     1
 64
     0
275
    -2
285
     1
 65
     0
276
    -2
286
     1
 66
     0
277
    -2
287
     1
 67
     0
278
    -2
288
     1
 68
     0
279
    -2
289
     1
 69
     0
  0
VISUALSTYLE
  5
2F
102
{ACAD_REACTORS
330
29
102
}
330
29
100
AcDbVisualStyle
  2
2dWireframe
 70
     4
177
     3
291
     0
 70
    58
 90
        0
176
     1
 90
        2
176
     1
 90
        0
176
     1
 90
        0
176
     1
 40
0.6
176
     1
 40
30.0
176
     1
 62
     7
420
 16777215
176
     1
 90
        1
176
     1
 90
        4
176
     1
 62
     7
176
     1
 62
   257
176
     1
 90
        1
176
     1
 90
        1
176
     1
 40
1.0
176
     1
 90
        0
176
     1
 62
   257
176
     1
 40
1.0
176
     1
 90
        1
176
     1
 90
        6
176
     1
 90
        2
176
     1
 62
     7
176
     1
 90
        5
176
     1
 90
        0
176
     1
 90
        0
176
     1
290
     0
176
     1
 90
        1
176
     1
 40
0.0
176
     1
 90
        0
176
     1
290
     1
176
     1
290
     1
176
     1
290
     0
176
     1
290
     0
176
     1
290
     0
176
     1
290
     0
176
     1
290
     0
176
     1
290
     0
176
     1
290
     0
176
     1
 90
       50
176
     1
 40
0.0
176
     1
 40
1.0
176
     1
 90
        0
176
     1
 62
    18
420
        0
176
     1
 90
       50
176
     1
 90
        3
176
     1
 62
     5
420
      255
176
     1
290
     0
176
     1
 90
       50
176
     1
 90
       50
176
     1
 90
       50
176
     1
290
     0
176
     1
 90
       50
176
     1
 62
   256
176
     0
 40
1.0
176
     0
 90
        2
176
     1
  1
strokes_ogs.tif
176
     1
290
     0
176
     1
 40
1.0
176
     1
 40
1.0
176
     1
1001
ACAD
1000
AcDbSavedByObjectVersion
1070
     0
  0
VISUALSTYLE
  5
2E
102
{ACAD_REACTORS
330
29
102
}
330
29
100
AcDbVisualStyle
  2
Basic
 70
     7
177
     3
291
     1
 70
    58
 90
        1
176
     1
 90
        0
176
     1
 90
        1
176
     1
 90
        0
176
     1
 40
0.6
176
     1
 40
30.0
176
     1
 62
     7
420
 16777215
176
     1
 90
        0
176
     1
 90
        4
176
     1
 62
     7
176
     1
 62
   257
176
     1
 90
        1
176
     1
 90
        1
176
     1
 40
1.0
176
     1
 90
        8
176
     1
 62
     7
176
     1
 40
1.0
176
     1
 90
        1
176
     1
 90
        6
176
     1
 90
        2
176
     1
 62
     7
176
     1
 90
        5
176
     1
 90
        0
176
     1
 90
        0
176
     1
290
     0
176
     1
 90
        1
176
     1
 40
0.0
176
     1
 90
        0
176
     1
290
     0
176
     1
290
     1
176
     1
290
     1
176
     1
290
     0
176
     1
290
     0
176
     1
290
     0
176
     1
290
     0
176
     1
290
     0
176
     1
290
     0
176
     1
 90
       50
176
     1
 40
0.0
176
     1
 40
1.0
176
     1
 90
        0
176
     1
 62
    18
420
        0
176
     1
 90
       50
176
     1
 90
        3
176
     1
 62
     5
420
      255
176
     1
290
     0
176
     1
 90
       50
176
     1
 90
       50
176
     1
 90
       50
176
     1
290
     0
176
     1
 90
       50
176
     1
 62
   256
176
     0
 40
1.0
176
     0
 90
        2
176
     1
  1
strokes_ogs.tif
176
     1
290
     0
176
     1
 40
1.0
176
     1
 40
1.0
176
     1
1001
ACAD
1000
AcDbSavedByObjectVersion
1070
     0
  0
VISUALSTYLE
  5
35
102
{ACAD_REACTORS
330
29
102
}
330
29
100
AcDbVisualStyle
  2
Brighten
 70
    12
177
     3
291
     1
 70
    58
 90
        2
176
     1
 90
        2
176
     1
 90
        0
176
     1
 90
        0
176
     1
 40
0.6
176
     1
 40
30.0
176
     1
 62
     7
420
 16777215
176
     1
 90
        1
176
     1
 90
        4
176
     1
 62
     7
176
     1
 62
   257
176
     1
 90
        1
176
     1
 90
        1
176
     1
 40
1.0
176
     1
 90
        8
176
     1
 62
     7
176
     1
 40
1.0
176
     1
 90
        1
176
     1
 90
        6
176
     1
 90
        2
176
     1
 62
     7
176
     1
 90
        5
176
     1
 90
        0
176
     1
 90
        0
176
     1
290
     0
176
     1
 90
        1
176
     1
 40
50.0
176
     1
 90
        0
176
     1
290
     0
176
     1
290
     1
176
     1
290
     1
176
     1
290
     0
176
     1
290
     0
176
     1
290
     0
176
     1
290
     0
176
     1
290
     0
176
     1
290
     0
176
     1
 90
       50
176
     1
 40
0.0
176
     1
 40
1.0
176
     1
 90
        0
176
     1
 62
    18
420
        0
176
     1
 90
       50
176
     1
 90
        3
176
     1
 62
     5
420
      255
176
     1
290
     0
176
     1
 90
       50
176
     1
 90
       50
176
     1
 90
       50
176
     1
290
     0
176
     1
 90
       50
176
     1
 62
   256
176
     0
 40
1.0
176
     0
 90
        2
176
     1
  1
strokes_ogs.tif
176
     1
290
     0
176
     1
 40
1.0
176
     1
 40
1.0
176
     1
1001
ACAD
1000
AcDbSavedByObjectVersion
1070
     0
  0
VISUALSTYLE
  5
39
102
{ACAD_REACTORS
330
29
102
}
330
29
100
AcDbVisualStyle
  2
ColorChange
 70
    16
177
     3
291
     1
 70
    58
 90
        2
176
     1
 90
        2
176
     1
 90
        3
176
     1
 90
        0
176
     1
 40
0.6
176
     1
 40
30.0
176
     1
 62
     8
420
  8421504
176
     1
 90
        1
176
     1
 90
        4
176
     1
 62
     7
176
     1
 62
   257
176
     1
 90
        1
176
     1
 90
        1
176
     1
 40
1.0
176
     1
 90
        8
176
     1
 62
     8
420
  8421504
176
     1
 40
1.0
176
     1
 90
        1
176
     1
 90
        6
176
     1
 90
        2
176
     1
 62
     7
176
     1
 90
        5
176
     1
 90
        0
176
     1
 90
        0
176
     1
290
     0
176
     1
 90
        1
176
     1
 40
0.0
176
     1
 90
        0
176
     1
290
     0
176
     1
290
     1
176
     1
290
     1
176
     1
290
     0
176
     1
290
     0
176
     1
290
     0
176
     1
290
     0
176
     1
290
     0
176
     1
290
     0
176
     1
 90
       50
176
     1
 40
0.0
176
     1
 40
1.0
176
     1
 90
        0
176
     1
 62
    18
420
        0
176
     1
 90
       50
176
     1
 90
        3
176
     1
 62
     5
420
      255
176
     1
290
     0
176
     1
 90
       50
176
     1
 90
       50
176
     1
 90
       50
176
     1
290
     0
176
     1
 90
       50
176
     1
 62
   256
176
     0
 40
1.0
176
     0
 90
        2
176
     1
  1
strokes_ogs.tif
176
     1
290
     0
176
     1
 40
1.0
176
     1
 40
1.0
176
     1
1001
ACAD
1000
AcDbSavedByObjectVersion
1070
     0
  0
VISUALSTYLE
  5
32
102
{ACAD_REACTORS
330
29
102
}
330
29
100
AcDbVisualStyle
  2
Conceptual
 70
     9
177
     3
291
     0
 70
    58
 90
        3
176
     1
 90
        2
176
     1
 90
        0
176
     1
 90
        0
176
     1
 40
0.6
176
     1
 40
30.0
176
     1
 62
     7
420
 16777215
176
     1
 90
        2
176
     1
 90
        2
176
     1
 62
     7
176
     1
 62
   257
176
     1
 90
        1
176
     1
 90
        1
176
     1
 40
179.0
176
     1
 90
        8
176
     1
 62
     7
176
     1
 40
1.0
176
     1
 90
        1
176
     1
 90
        6
176
     1
 90
        2
176
     1
 62
     7
176
     1
 90
        3
176
     1
 90
        0
176
     1
 90
        0
176
     1
290
     0
176
     1
 90
        1
176
     1
 40
0.0
176
     1
 90
        0
176
     1
290
     0
176
     1
290
     1
176
     1
290
     1
176
     1
290
     0
176
     1
290
     0
176
     1
290
     0
176
     1
290
     0
176
     1
290
     0
176
     1
290
     0
176
     1
 90
       50
176
     1
 40
0.0
176
     1
 40
1.0
176
     1
 90
        0
176
     1
 62
    18
420
        0
176
     1
 90
       50
176
     1
 90
        3
176
     1
 62
     5
420
      255
176
     1
290
     0
176
     1
 90
       50
176
     1
 90
       50
176
     1
 90
       50
176
     1
290
     0
176
     1
 90
       50
176
     1
 62
   256
176
     0
 40
1.0
176
     0
 90
        2
176
     1
  1
strokes_ogs.tif
176
     1
290
     0
176
     1
 40
1.0
176
     1
 40
1.0
176
     1
1001
ACAD
1000
AcDbSavedByObjectVersion
1070
     0
  0
VISUALSTYLE
  5
34
102
{ACAD_REACTORS
330
29
102
}
330
29
100
AcDbVisualStyle
  2
Dim
 70
    11
177
     3
291
     1
 70
    58
 90
        2
176
     1
 90
        2
176
     1
 90
        0
176
     1
 90
        0
176
     1
 40
0.6
176
     1
 40
30.0
176
     1
 62
     7
420
 16777215
176
     1
 90
        1
176
     1
 90
        4
176
     1
 62
     7
176
     1
 62
   257
176
     1
 90
        1
176
     1
 90
        1
176
     1
 40
1.0
176
     1
 90
        8
176
     1
 62
     7
176
     1
 40
1.0
176
     1
 90
        1
176
     1
 90
        6
176
     1
 90
        2
176
     1
 62
     7
176
     1
 90
        5
176
     1
 90
        0
176
     1
 90
        0
176
     1
290
     0
176
     1
 90
        1
176
     1
 40
-50.0
176
     1
 90
        0
176
     1
290
     0
176
     1
290
     1
176
     1
290
     1
176
     1
290
     0
176
     1
290
     0
176
     1
290
     0
176
     1
290
     0
176
     1
290
     0
176
     1
290
     0
176
     1
 90
       50
176
     1
 40
0.0
176
     1
 40
1.0
176
     1
 90
        0
176
     1
 62
    18
420
        0
176
     1
 90
       50
176
     1
 90
        3
176
     1
 62
     5
420
      255
176
     1
290
     0
176
     1
 90
       50
176
     1
 90
       50
176
     1
 90
       50
176
     1
290
     0
176
     1
 90
       50
176
     1
 62
   256
176
     0
 40
1.0
176
     0
 90
        2
176
     1
  1
strokes_ogs.tif
176
     1
290
     0
176
     1
 40
1.0
176
     1
 40
1.0
176
     1
1001
ACAD
1000
AcDbSavedByObjectVersion
1070
     0
  0
VISUALSTYLE
  5
41
102
{ACAD_REACTORS
330
29
102
}
330
29
100
AcDbVisualStyle
  2
EdgeColorOff
 70
    22
177
     3
291
     1
 70
    58
 90
        2
176
     0
 90
        2
176
     0
 90
        0
176
     0
 90
        0
176
     0
 40
0.6
176
     0
 40
30.0
176
     0
 62
     7
420
 16777215
176
     0
 90
        1
176
     0
 90
        4
176
     0
 62
     7
176
     0
 62
   257
176
     0
 90
        1
176
     0
 90
        1
176
     0
 40
1.0
176
     0
 90
        8
176
     2
 62
     7
176
     0
 40
1.0
176
     0
 90
        1
176
     0
 90
        6
176
     0
 90
        2
176
     0
 62
     7
176
     0
 90
        5
176
     0
 90
        0
176
     0
 90
        0
176
     0
290
     0
176
     0
 90
        1
176
     0
 40
0.0
176
     0
 90
        0
176
     0
290
     0
176
     0
290
     1
176
     0
290
     1
176
     0
290
     0
176
     0
290
     0
176
     0
290
     0
176
     0
290
     0
176
     0
290
     0
176
     0
290
     0
176
     0
 90
       50
176
     0
 40
0.0
176
     0
 40
1.0
176
     0
 90
        0
176
     0
 62
    18
420
        0
176
     0
 90
       50
176
     0
 90
        3
176
     0
 62
     5
420
      255
176
     0
290
     0
176
     0
 90
       50
176
     0
 90
       50
176
     0
 90
       50
176
     0
290
     0
176
     0
 90
       50
176
     0
 62
   256
176
     0
 40
1.0
176
     0
 90
        2
176
     0
  1
strokes_ogs.tif
176
     0
290
     0
176
     0
 40
1.0
176
     0
 40
1.0
176
     0
1001
ACAD
1000
AcDbSavedByObjectVersion
1070
     0
  0
VISUALSTYLE
  5
38
102
{ACAD_REACTORS
330
29
102
}
330
29
100
AcDbVisualStyle
  2
Facepattern
 70
    15
177
     3
291
     1
 70
    58
 90
        2
176
     1
 90
        2
176
     1
 90
        0
176
     1
 90
        0
176
     1
 40
0.6
176
     1
 40
30.0
176
     1
 62
     7
420
 16777215
176
     1
 90
        1
176
     1
 90
        4
176
     1
 62
     7
176
     1
 62
   257
176
     1
 90
        1
176
     1
 90
        1
176
     1
 40
1.0
176
     1
 90
        8
176
     1
 62
     7
176
     1
 40
1.0
176
     1
 90
        1
176
     1
 90
        6
176
     1
 90
        2
176
     1
 62
     7
176
     1
 90
        5
176
     1
 90
        0
176
     1
 90
        0
176
     1
290
     0
176
     1
 90
        1
176
     1
 40
0.0
176
     1
 90
        0
176
     1
290
     0
176
     1
290
     1
176
     1
290
     1
176
     1
290
     0
176
     1
290
     0
176
     1
290
     0
176
     1
290
     0
176
     1
290
     0
176
     1
290
     0
176
     1
 90
       50
176
     1
 40
0.0
176
     1
 40
1.0
176
     1
 90
        0
176
     1
 62
    18
420
        0
176
     1
 90
       50
176
     1
 90
        3
176
     1
 62
     5
420
      255
176
     1
290
     0
176
     1
 90
       50
176
     1
 90
       50
176
     1
 90
       50
176
     1
290
     0
176
     1
 90
       50
176
     1
 62
   256
176
     0
 40
1.0
176
     0
 90
        2
176
     1
  1
strokes_ogs.tif
176
     1
290
     0
176
     1
 40
1.0
176
     1
 40
1.0
176
     1
1001
ACAD
1000
AcDbSavedByObjectVersion
1070
     0
  0
VISUALSTYLE
  5
2A
102
{ACAD_REACTORS
330
29
102
}
330
29
100
AcDbVisualStyle
  2
Flat
 70
     0
177
     3
291
     1
 70
    58
 90
        2
176
     1
 90
        1
176
     1
 90
        1
176
     1
 90
        2
176
     1
 40
0.6
176
     1
 40
30.0
176
     1
 62
     7
420
 16777215
176
     1
 90
        0
176
     1
 90
        0
176
     1
 62
     7
176
     1
 62
   257
176
     1
 90
        1
176
     1
 90
        1
176
     1
 40
1.0
176
     1
 90
        8
176
     1
 62
     7
176
     1
 40
1.0
176
     1
 90
        1
176
     1
 90
        6
176
     1
 90
        2
176
     1
 62
     7
176
     1
 90
        5
176
     1
 90
        0
176
     1
 90
        0
176
     1
290
     0
176
     1
 90
       13
176
     1
 40
0.0
176
     1
 90
        0
176
     1
290
     0
176
     1
290
     1
176
     1
290
     1
176
     1
290
     0
176
     1
290
     0
176
     1
290
     0
176
     1
290
     0
176
     1
290
     0
176
     1
290
     0
176
     1
 90
       50
176
     1
 40
0.0
176
     1
 40
1.0
176
     1
 90
        0
176
     1
 62
    18
420
        0
176
     1
 90
       50
176
     1
 90
        3
176
     1
 62
     5
420
      255
176
     1
290
     0
176
     1
 90
       50
176
     1
 90
       50
176
     1
 90
       50
176
     1
290
     0
176
     1
 90
       50
176
     1
 62
   256
176
     0
 40
1.0
176
     0
 90
        2
176
     1
  1
strokes_ogs.tif
176
     1
290
     0
176
     1
 40
1.0
176
     1
 40
1.0
176
     1
1001
ACAD
1000
AcDbSavedByObjectVersion
1070
     0
  0
VISUALSTYLE
  5
2B
102
{ACAD_REACTORS
330
29
102
}
330
29
100
AcDbVisualStyle
  2
FlatWithEdges
 70
     1
177
     3
291
     1
 70
    58
 90
        2
176
     1
 90
        1
176
     1
 90
        1
176
     1
 90
        2
176
     1
 40
0.6
176
     1
 40
30.0
176
     1
 62
     7
420
 16777215
176
     1
 90
        1
176
     1
 90
        0
176
     1
 62
     7
176
     1
 62
   257
176
     1
 90
        1
176
     1
 90
        1
176
     1
 40
1.0
176
     1
 90
        0
176
     1
 62
   257
176
     1
 40
1.0
176
     1
 90
        1
176
     1
 90
        6
176
     1
 90
        2
176
     1
 62
     7
176
     1
 90
        5
176
     1
 90
        0
176
     1
 90
        0
176
     1
290
     0
176
     1
 90
       13
176
     1
 40
0.0
176
     1
 90
        0
176
     1
290
     0
176
     1
290
     1
176
     1
290
     1
176
     1
290
     0
176
     1
290
     0
176
     1
290
     0
176
     1
290
     0
176
     1
290
     0
176
     1
290
     0
176
     1
 90
       50
176
     1
 40
0.0
176
     1
 40
1.0
176
     1
 90
        0
176
     1
 62
    18
420
        0
176
     1
 90
       50
176
     1
 90
        3
176
     1
 62
     5
420
      255
176
     1
290
     0
176
     1
 90
       50
176
     1
 90
       50
176
     1
 90
       50
176
     1
290
     0
176
     1
 90
       50
176
     1
 62
   256
176
     0
 40
1.0
176
     0
 90
        2
176
     1
  1
strokes_ogs.tif
176
     1
290
     0
176
     1
 40
1.0
176
     1
 40
1.0
176
     1
1001
ACAD
1000
AcDbSavedByObjectVersion
1070
     0
  0
VISUALSTYLE
  5
2C
102
{ACAD_REACTORS
330
29
102
}
330
29
100
AcDbVisualStyle
  2
Gouraud
 70
     2
177
     3
291
     1
 70
    58
 90
        2
176
     1
 90
        2
176
     1
 90
        1
176
     1
 90
        2
176
     1
 40
0.6
176
     1
 40
30.0
176
     1
 62
     7
420
 16777215
176
     1
 90
        0
176
     1
 90
        0
176
     1
 62
     7
176
     1
 62
   257
176
     1
 90
        1
176
     1
 90
        1
176
     1
 40
1.0
176
     1
 90
        0
176
     1
 62
     7
176
     1
 40
1.0
176
     1
 90
        1
176
     1
 90
        6
176
     1
 90
        2
176
     1
 62
     7
176
     1
 90
        5
176
     1
 90
        0
176
     1
 90
        0
176
     1
290
     0
176
     1
 90
       13
176
     1
 40
0.0
176
     1
 90
        0
176
     1
290
     0
176
     1
290
     1
176
     1
290
     1
176
     1
290
     0
176
     1
290
     0
176
     1
290
     0
176
     1
290
     0
176
     1
290
     0
176
     1
290
     0
176
     1
 90
       50
176
     1
 40
0.0
176
     1
 40
1.0
176
     1
 90
        0
176
     1
 62
    18
420
        0
176
     1
 90
       50
176
     1
 90
        3
176
     1
 62
     5
420
      255
176
     1
290
     0
176
     1
 90
       50
176
     1
 90
       50
176
     1
 90
       50
176
     1
290
     0
176
     1
 90
       50
176
     1
 62
   256
176
     0
 40
1.0
176
     0
 90
        2
176
     1
  1
strokes_ogs.tif
176
     1
290
     0
176
     1
 40
1.0
176
     1
 40
1.0
176
     1
1001
ACAD
1000
AcDbSavedByObjectVersion
1070
     0
  0
VISUALSTYLE
  5
2D
102
{ACAD_REACTORS
330
29
102
}
330
29
100
AcDbVisualStyle
  2
GouraudWithEdges
 70
     3
177
     3
291
     1
 70
    58
 90
        2
176
     1
 90
        2
176
     1
 90
        1
176
     1
 90
        2
176
     1
 40
0.6
176
     1
 40
30.0
176
     1
 62
     7
420
 16777215
176
     1
 90
        1
176
     1
 90
        0
176
     1
 62
     7
176
     1
 62
   257
176
     1
 90
        1
176
     1
 90
        1
176
     1
 40
1.0
176
     1
 90
        0
176
     1
 62
   257
176
     1
 40
1.0
176
     1
 90
        1
176
     1
 90
        6
176
     1
 90
        2
176
     1
 62
     7
176
     1
 90
        5
176
     1
 90
        0
176
     1
 90
        0
176
     1
290
     0
176
     1
 90
       13
176
     1
 40
0.0
176
     1
 90
        0
176
     1
290
     0
176
     1
290
     1
176
     1
290
     1
176
     1
290
     0
176
     1
290
     0
176
     1
290
     0
176
     1
290
     0
176
     1
290
     0
176
     1
290
     0
176
     1
 90
       50
176
     1
 40
0.0
176
     1
 40
1.0
176
     1
 90
        0
176
     1
 62
    18
420
        0
176
     1
 90
       50
176
     1
 90
        3
176
     1
 62
     5
420
      255
176
     1
290
     0
176
     1
 90
       50
176
     1
 90
       50
176
     1
 90
       50
176
     1
290
     0
176
     1
 90
       50
176
     1
 62
   256
176
     0
 40
1.0
176
     0
 90
        2
176
     1
  1
strokes_ogs.tif
176
     1
290
     0
176
     1
 40
1.0
176
     1
 40
1.0
176
     1
1001
ACAD
1000
AcDbSavedByObjectVersion
1070
     0
  0
VISUALSTYLE
  5
31
102
{ACAD_REACTORS
330
29
102
}
330
29
100
AcDbVisualStyle
  2
Hidden
 70
     6
177
     3
291
     0
 70
    58
 90
        1
176
     1
 90
        2
176
     1
 90
        2
176
     1
 90
        0
176
     1
 40
0.6
176
     1
 40
30.0
176
     1
 62
     7
420
 16777215
176
     1
 90
        2
176
     1
 90
        2
176
     1
 62
     7
176
     1
 62
   257
176
     1
 90
        2
176
     1
 90
        1
176
     1
 40
40.0
176
     1
 90
        0
176
     1
 62
   257
176
     1
 40
1.0
176
     1
 90
        1
176
     1
 90
        6
176
     1
 90
        2
176
     1
 62
     7
176
     1
 90
        3
176
     1
 90
        0
176
     1
 90
        0
176
     1
290
     0
176
     1
 90
        1
176
     1
 40
0.0
176
     1
 90
        0
176
     1
290
     0
176
     1
290
     1
176
     1
290
     1
176
     1
290
     0
176
     1
290
     0
176
     1
290
     0
176
     1
290
     0
176
     1
290
     0
176
     1
290
     0
176
     1
 90
       50
176
     1
 40
0.0
176
     1
 40
1.0
176
     1
 90
        0
176
     1
 62
    18
420
        0
176
     1
 90
       50
176
     1
 90
        3
176
     1
 62
     5
420
      255
176
     1
290
     0
176
     1
 90
       50
176
     1
 90
       50
176
     1
 90
       50
176
     1
290
     0
176
     1
 90
       50
176
     1
 62
   256
176
     0
 40
1.0
176
     0
 90
        2
176
     1
  1
strokes_ogs.tif
176
     1
290
     0
176
     1
 40
1.0
176
     1
 40
1.0
176
     1
1001
ACAD
1000
AcDbSavedByObjectVersion
1070
     0
  0
VISUALSTYLE
  5
3F
102
{ACAD_REACTORS
330
29
102
}
330
29
100
AcDbVisualStyle
  2
JitterOff
 70
    20
177
     3
291
     1
 70
    58
 90
        2
176
     0
 90
        2
176
     0
 90
        0
176
     0
 90
        0
176
     0
 40
0.6
176
     0
 40
30.0
176
     0
 62
     7
420
 16777215
176
     0
 90
        1
176
     0
 90
        4
176
     0
 62
     7
176
     0
 62
   257
176
     0
 90
        1
176
     0
 90
        1
176
     0
 40
1.0
176
     0
 90
       10
176
     2
 62
     7
176
     0
 40
1.0
176
     0
 90
        1
176
     0
 90
        6
176
     0
 90
        2
176
     0
 62
     7
176
     0
 90
        5
176
     0
 90
        0
176
     0
 90
        0
176
     0
290
     0
176
     0
 90
        1
176
     0
 40
0.0
176
     0
 90
        0
176
     0
290
     0
176
     0
290
     1
176
     0
290
     1
176
     0
290
     0
176
     0
290
     0
176
     0
290
     0
176
     0
290
     0
176
     0
290
     0
176
     0
290
     0
176
     0
 90
       50
176
     0
 40
0.0
176
     0
 40
1.0
176
     0
 90
        0
176
     0
 62
    18
420
        0
176
     0
 90
       50
176
     0
 90
        3
176
     0
 62
     5
420
      255
176
     0
290
     0
176
     0
 90
       50
176
     0
 90
       50
176
     0
 90
       50
176
     0
290
     0
176
     0
 90
       50
176
     0
 62
   256
176
     0
 40
1.0
176
     0
 90
        2
176
     0
  1
strokes_ogs.tif
176
     0
290
     0
176
     0
 40
1.0
176
     0
 40
1.0
176
     0
1001
ACAD
1000
AcDbSavedByObjectVersion
1070
     0
  0
VISUALSTYLE
  5
37
102
{ACAD_REACTORS
330
29
102
}
330
29
100
AcDbVisualStyle
  2
Linepattern
 70
    14
177
     3
291
     1
 70
    58
 90
        2
176
     1
 90
        2
176
     1
 90
        0
176
     1
 90
        0
176
     1
 40
0.6
176
     1
 40
30.0
176
     1
 62
     7
420
 16777215
176
     1
 90
        1
176
     1
 90
        4
176
     1
 62
     7
176
     1
 62
   257
176
     1
 90
        7
176
     1
 90
        7
176
     1
 40
1.0
176
     1
 90
        8
176
     1
 62
     7
176
     1
 40
1.0
176
     1
 90
        1
176
     1
 90
        6
176
     1
 90
        2
176
     1
 62
     7
176
     1
 90
        5
176
     1
 90
        0
176
     1
 90
        0
176
     1
290
     0
176
     1
 90
        1
176
     1
 40
0.0
176
     1
 90
        0
176
     1
290
     0
176
     1
290
     1
176
     1
290
     1
176
     1
290
     0
176
     1
290
     0
176
     1
290
     0
176
     1
290
     0
176
     1
290
     0
176
     1
290
     0
176
     1
 90
       50
176
     1
 40
0.0
176
     1
 40
1.0
176
     1
 90
        0
176
     1
 62
    18
420
        0
176
     1
 90
       50
176
     1
 90
        3
176
     1
 62
     5
420
      255
176
     1
290
     0
176
     1
 90
       50
176
     1
 90
       50
176
     1
 90
       50
176
     1
290
     0
176
     1
 90
       50
176
     1
 62
   256
176
     0
 40
1.0
176
     0
 90
        2
176
     1
  1
strokes_ogs.tif
176
     1
290
     0
176
     1
 40
1.0
176
     1
 40
1.0
176
     1
1001
ACAD
1000
AcDbSavedByObjectVersion
1070
     0
  0
VISUALSTYLE
  5
40
102
{ACAD_REACTORS
330
29
102
}
330
29
100
AcDbVisualStyle
  2
OverhangOff
 70
    21
177
     3
291
     1
 70
    58
 90
        2
176
     0
 90
        2
176
     0
 90
        0
176
     0
 90
        0
176
     0
 40
0.6
176
     0
 40
30.0
176
     0
 62
     7
420
 16777215
176
     0
 90
        1
176
     0
 90
        4
176
     0
 62
     7
176
     0
 62
   257
176
     0
 90
        1
176
     0
 90
        1
176
     0
 40
1.0
176
     0
 90
        9
176
     2
 62
     7
176
     0
 40
1.0
176
     0
 90
        1
176
     0
 90
        6
176
     0
 90
        2
176
     0
 62
     7
176
     0
 90
        5
176
     0
 90
        0
176
     0
 90
        0
176
     0
290
     0
176
     0
 90
        1
176
     0
 40
0.0
176
     0
 90
        0
176
     0
290
     0
176
     0
290
     1
176
     0
290
     1
176
     0
290
     0
176
     0
290
     0
176
     0
290
     0
176
     0
290
     0
176
     0
290
     0
176
     0
290
     0
176
     0
 90
       50
176
     0
 40
0.0
176
     0
 40
1.0
176
     0
 90
        0
176
     0
 62
    18
420
        0
176
     0
 90
       50
176
     0
 90
        3
176
     0
 62
     5
420
      255
176
     0
290
     0
176
     0
 90
       50
176
     0
 90
       50
176
     0
 90
       50
176
     0
290
     0
176
     0
 90
       50
176
     0
 62
   256
176
     0
 40
1.0
176
     0
 90
        2
176
     0
  1
strokes_ogs.tif
176
     0
290
     0
176
     0
 40
1.0
176
     0
 40
1.0
176
     0
1001
ACAD
1000
AcDbSavedByObjectVersion
1070
     0
  0
VISUALSTYLE
  5
33
102
{ACAD_REACTORS
330
29
102
}
330
29
100
AcDbVisualStyle
  2
Realistic
 70
     8
177
     3
291
     0
 70
    58
 90
        2
176
     1
 90
        3
176
     1
 90
        0
176
     1
 90
        2
176
     1
 40
0.6
176
     1
 40
30.0
176
     1
 62
     7
420
 16777215
176
     1
 90
        0
176
     1
 90
        0
176
     1
 62
     7
176
     1
 62
   257
176
     1
 90
        1
176
     1
 90
        1
176
     1
 40
1.0
176
     1
 90
        8
176
     1
 62
   257
176
     1
 40
1.0
176
     1
 90
        1
176
     1
 90
        6
176
     1
 90
        2
176
     1
 62
     7
176
     1
 90
        3
176
     1
 90
        0
176
     1
 90
        0
176
     1
290
     0
176
     1
 90
       13
176
     1
 40
0.0
176
     1
 90
        0
176
     1
290
     0
176
     1
290
     1
176
     1
290
     1
176
     1
290
     0
176
     1
290
     0
176
     1
290
     0
176
     1
290
     0
176
     1
290
     0
176
     1
290
     0
176
     1
 90
       50
176
     1
 40
0.0
176
     1
 40
1.0
176
     1
 90
        0
176
     1
 62
    18
420
        0
176
     1
 90
       50
176
     1
 90
        3
176
     1
 62
     5
420
      255
176
     1
290
     0
176
     1
 90
       50
176
     1
 90
       50
176
     1
 90
       50
176
     1
290
     0
176
     1
 90
       50
176
     1
 62
   256
176
     0
 40
1.0
176
     0
 90
        2
176
     1
  1
strokes_ogs.tif
176
     1
290
     0
176
     1
 40
1.0
176
     1
 40
1.0
176
     1
1001
ACAD
1000
AcDbSavedByObjectVersion
1070
     0
  0
VISUALSTYLE
  5
3E
102
{ACAD_REACTORS
330
29
102
}
330
29
100
AcDbVisualStyle
  2
Shaded
 70
    27
177
     3
291
     0
 70
    58
 90
        2
176
     1
 90
        2
176
     1
 90
        1
176
     1
 90
        2
176
     1
 40
0.6
176
     1
 40
30.0
176
     1
 62
     7
420
 16777215
176
     1
 90
        0
176
     1
 90
        4
176
     1
 62
     7
176
     1
 62
   257
176
     1
 90
        1
176
     1
 90
        1
176
     1
 40
1.0
176
     1
 90
        8
176
     1
 62
   257
176
     1
 40
1.0
176
     1
 90
        1
176
     1
 90
        6
176
     1
 90
        2
176
     1
 62
     8
420
  7895160
176
     1
 90
        3
176
     1
 90
        0
176
     1
 90
        0
176
     1
290
     0
176
     1
 90
        5
176
     1
 40
0.0
176
     1
 90
        0
176
     1
290
     0
176
     1
290
     1
176
     1
290
     1
176
     1
290
     0
176
     1
290
     0
176
     1
290
     0
176
     1
290
     0
176
     1
290
     0
176
     1
290
     0
176
     1
 90
       50
176
     1
 40
0.0
176
     1
 40
1.0
176
     1
 90
        0
176
     1
 62
    18
420
        0
176
     1
 90
       50
176
     1
 90
        3
176
     1
 62
     5
420
      255
176
     1
290
     0
176
     1
 90
       50
176
     1
 90
       50
176
     1
 90
       50
176
     1
290
     0
176
     1
 90
       50
176
     1
 62
   256
176
     0
 40
1.0
176
     0
 90
        2
176
     1
  1
strokes_ogs.tif
176
     1
290
     0
176
     1
 40
1.0
176
     1
 40
1.0
176
     1
1001
ACAD
1000
AcDbSavedByObjectVersion
1070
     0
  0
VISUALSTYLE
  5
3D
102
{ACAD_REACTORS
330
29
102
}
330
29
100
AcDbVisualStyle
  2
Shaded with edges
 70
    26
177
     3
291
     0
 70
    58
 90
        2
176
     1
 90
        2
176
     1
 90
        1
176
     1
 90
        2
176
     1
 40
0.6
176
     1
 40
30.0
176
     1
 62
     7
420
 16777215
176
     1
 90
        1
176
     1
 90
        2
176
     1
 62
     7
176
     1
 62
   257
176
     1
 90
        2
176
     1
 90
        1
176
     1
 40
1.0
176
     1
 90
        8
176
     1
 62
   257
176
     1
 40
1.0
176
     1
 90
        1
176
     1
 90
        6
176
     1
 90
        2
176
     1
 62
     7
176
     1
 90
        3
176
     1
 90
        0
176
     1
 90
        0
176
     1
290
     0
176
     1
 90
        5
176
     1
 40
0.0
176
     1
 90
        0
176
     1
290
     0
176
     1
290
     1
176
     1
290
     1
176
     1
290
     0
176
     1
290
     0
176
     1
290
     0
176
     1
290
     0
176
     1
290
     0
176
     1
290
     0
176
     1
 90
       50
176
     1
 40
0.0
176
     1
 40
1.0
176
     1
 90
        0
176
     1
 62
    18
420
        0
176
     1
 90
       50
176
     1
 90
        3
176
     1
 62
     5
420
      255
176
     1
290
     0
176
     1
 90
       50
176
     1
 90
       50
176
     1
 90
       50
176
     1
290
     0
176
     1
 90
       50
176
     1
 62
   256
176
     0
 40
1.0
176
     0
 90
        2
176
     1
  1
strokes_ogs.tif
176
     1
290
     0
176
     1
 40
1.0
176
     1
 40
1.0
176
     1
1001
ACAD
1000
AcDbSavedByObjectVersion
1070
     0
  0
VISUALSTYLE
  5
3A
102
{ACAD_REACTORS
330
29
102
}
330
29
100
AcDbVisualStyle
  2
Shades of Gray
 70
    23
177
     3
291
     0
 70
    58
 90
        2
176
     1
 90
        2
176
     1
 90
        3
176
     1
 90
        0
176
     1
 40
0.6
176
     1
 40
30.0
176
     1
 62
     7
420
 16777215
176
     1
 90
        2
176
     1
 90
        2
176
     1
 62
     7
176
     1
 62
     7
176
     1
 90
        1
176
     1
 90
        1
176
     1
 40
40.0
176
     1
 90
        8
176
     1
 62
     7
176
     1
 40
1.0
176
     1
 90
        1
176
     1
 90
        6
176
     1
 90
        2
176
     1
 62
     7
176
     1
 90
        3
176
     1
 90
        0
176
     1
 90
        0
176
     1
290
     0
176
     1
 90
        1
176
     1
 40
0.0
176
     1
 90
        0
176
     1
290
     0
176
     1
290
     1
176
     1
290
     1
176
     1
290
     0
176
     1
290
     0
176
     1
290
     0
176
     1
290
     0
176
     1
290
     0
176
     1
290
     0
176
     1
 90
       50
176
     1
 40
0.0
176
     1
 40
1.0
176
     1
 90
        0
176
     1
 62
    18
420
        0
176
     1
 90
       50
176
     1
 90
        3
176
     1
 62
     5
420
      255
176
     1
290
     0
176
     1
 90
       50
176
     1
 90
       50
176
     1
 90
       50
176
     1
290
     0
176
     1
 90
       50
176
     1
 62
   256
176
     0
 40
1.0
176
     0
 90
        2
176
     1
  1
strokes_ogs.tif
176
     1
290
     0
176
     1
 40
1.0
176
     1
 40
1.0
176
     1
1001
ACAD
1000
AcDbSavedByObjectVersion
1070
     0
  0
VISUALSTYLE
  5
3B
102
{ACAD_REACTORS
330
29
102
}
330
29
100
AcDbVisualStyle
  2
Sketchy
 70
    24
177
     3
291
     0
 70
    58
 90
        1
176
     1
 90
        2
176
     1
 90
        2
176
     1
 90
        0
176
     1
 40
0.6
176
     1
 40
30.0
176
     1
 62
     7
420
 16777215
176
     1
 90
        2
176
     1
 90
        2
176
     1
 62
     7
176
     1
 62
     7
176
     1
 90
        1
176
     1
 90
        1
176
     1
 40
40.0
176
     1
 90
       11
176
     1
 62
     7
176
     1
 40
1.0
176
     1
 90
        1
176
     1
 90
        6
176
     1
 90
        2
176
     1
 62
     7
176
     1
 90
        6
176
     1
 90
        0
176
     1
 90
        0
176
     1
290
     0
176
     1
 90
        1
176
     1
 40
0.0
176
     1
 90
        0
176
     1
290
     0
176
     1
290
     1
176
     1
290
     1
176
     1
290
     0
176
     1
290
     0
176
     1
290
     0
176
     1
290
     0
176
     1
290
     0
176
     1
290
     0
176
     1
 90
       50
176
     1
 40
0.0
176
     1
 40
1.0
176
     1
 90
        0
176
     1
 62
    18
420
        0
176
     1
 90
       50
176
     1
 90
        3
176
     1
 62
     5
420
      255
176
     1
290
     0
176
     1
 90
       50
176
     1
 90
       50
176
     1
 90
       50
176
     1
290
     0
176
     1
 90
       50
176
     1
 62
   256
176
     0
 40
1.0
176
     0
 90
        2
176
     1
  1
strokes_ogs.tif
176
     1
290
     0
176
     1
 40
1.0
176
     1
 40
1.0
176
     1
1001
ACAD
1000
AcDbSavedByObjectVersion
1070
     0
  0
VISUALSTYLE
  5
36
102
{ACAD_REACTORS
330
29
102
}
330
29
100
AcDbVisualStyle
  2
Thicken
 70
    13
177
     3
291
     1
 70
    58
 90
        2
176
     1
 90
        2
176
     1
 90
        0
176
     1
 90
        0
176
     1
 40
0.6
176
     1
 40
30.0
176
     1
 62
     7
420
 16777215
176
     1
 90
        1
176
     1
 90
        4
176
     1
 62
     7
176
     1
 62
   257
176
     1
 90
        1
176
     1
 90
        1
176
     1
 40
1.0
176
     1
 90
       12
176
     1
 62
     7
176
     1
 40
1.0
176
     1
 90
        1
176
     1
 90
        6
176
     1
 90
        2
176
     1
 62
     7
176
     1
 90
        5
176
     1
 90
        0
176
     1
 90
        0
176
     1
290
     0
176
     1
 90
        1
176
     1
 40
0.0
176
     1
 90
        0
176
     1
290
     0
176
     1
290
     1
176
     1
290
     1
176
     1
290
     0
176
     1
290
     0
176
     1
290
     0
176
     1
290
     0
176
     1
290
     0
176
     1
290
     0
176
     1
 90
       50
176
     1
 40
0.0
176
     1
 40
1.0
176
     1
 90
        0
176
     1
 62
    18
420
        0
176
     1
 90
       50
176
     1
 90
        3
176
     1
 62
     5
420
      255
176
     1
290
     0
176
     1
 90
       50
176
     1
 90
       50
176
     1
 90
       50
176
     1
290
     0
176
     1
 90
       50
176
     1
 62
   256
176
     0
 40
1.0
176
     0
 90
        2
176
     1
  1
strokes_ogs.tif
176
     1
290
     0
176
     1
 40
1.0
176
     1
 40
1.0
176
     1
1001
ACAD
1000
AcDbSavedByObjectVersion
1070
     0
  0
VISUALSTYLE
  5
30
102
{ACAD_REACTORS
330
29
102
}
330
29
100
AcDbVisualStyle
  2
Wireframe
 70
     5
177
     3
291
     0
 70
    58
 90
        0
176
     1
 90
        2
176
     1
 90
        0
176
     1
 90
        0
176
     1
 40
0.6
176
     1
 40
30.0
176
     1
 62
     7
420
 16777215
176
     1
 90
        1
176
     1
 90
        4
176
     1
 62
     7
176
     1
 62
   257
176
     1
 90
        1
176
     1
 90
        1
176
     1
 40
1.0
176
     1
 90
        0
176
     1
 62
   257
176
     1
 40
1.0
176
     1
 90
        1
176
     1
 90
        6
176
     1
 90
        2
176
     1
 62
     7
176
     1
 90
        3
176
     1
 90
        0
176
     1
 90
        0
176
     1
290
     0
176
     1
 90
        1
176
     1
 40
0.0
176
     1
 90
        0
176
     1
290
     0
176
     1
290
     1
176
     1
290
     1
176
     1
290
     0
176
     1
290
     0
176
     1
290
     0
176
     1
290
     0
176
     1
290
     0
176
     1
290
     0
176
     1
 90
       50
176
     1
 40
0.0
176
     1
 40
1.0
176
     1
 90
        0
176
     1
 62
    18
420
        0
176
     1
 90
       50
176
     1
 90
        3
176
     1
 62
     5
420
      255
176
     1
290
     0
176
     1
 90
       50
176
     1
 90
       50
176
     1
 90
       50
176
     1
290
     0
176
     1
 90
       50
176
     1
 62
   256
176
     0
 40
1.0
176
     0
 90
        2
176
     1
  1
strokes_ogs.tif
176
     1
290
     0
176
     1
 40
1.0
176
     1
 40
1.0
176
     1
1001
ACAD
1000
AcDbSavedByObjectVersion
1070
     0
  0
VISUALSTYLE
  5
3C
102
{ACAD_REACTORS
330
29
102
}
330
29
100
AcDbVisualStyle
  2
X-Ray
 70
    25
177
     3
291
     0
 70
    58
 90
        2
176
     1
 90
        2
176
     1
 90
        1
176
     1
 90
        1
176
     1
 40
0.5
176
     1
 40
30.0
176
     1
 62
     7
420
 16777215
176
     1
 90
        1
176
     1
 90
        0
176
     1
 62
     7
176
     1
 62
   257
176
     1
 90
        1
176
     1
 90
        1
176
     1
 40
1.0
176
     1
 90
        8
176
     1
 62
     7
176
     1
 40
1.0
176
     1
 90
        1
176
     1
 90
        6
176
     1
 90
        2
176
     1
 62
     7
176
     1
 90
        3
176
     1
 90
        0
176
     1
 90
        0
176
     1
290
     0
176
     1
 90
       13
176
     1
 40
0.0
176
     1
 90
        0
176
     1
290
     0
176
     1
290
     1
176
     1
290
     1
176
     1
290
     0
176
     1
290
     0
176
     1
290
     0
176
     1
290
     0
176
     1
290
     0
176
     1
290
     0
176
     1
 90
       50
176
     1
 40
0.0
176
     1
 40
1.0
176
     1
 90
        0
176
     1
 62
    18
420
        0
176
     1
 90
       50
176
     1
 90
        3
176
     1
 62
     5
420
      255
176
     1
290
     0
176
     1
 90
       50
176
     1
 90
       50
176
     1
 90
       50
176
     1
290
     0
176
     1
 90
       50
176
     1
 62
   256
176
     0
 40
1.0
176
     0
 90
        2
176
     1
  1
strokes_ogs.tif
176
     1
290
     0
176
     1
 40
1.0
176
     1
 40
1.0
176
     1
1001
ACAD
1000
AcDbSavedByObjectVersion
1070
     0
  0
DICTIONARYVAR
  5
F0
102
{ACAD_REACTORS
330
EB
102
}
330
EB
100
DictionaryVariables
280
     0
  1
1:1
  0
DICTIONARYVAR
  5
ED
102
{ACAD_REACTORS
330
EB
102
}
330
EB
100
DictionaryVariables
280
     0
  1
STANDARD
  0
DICTIONARYVAR
  5
EC
102
{ACAD_REACTORS
330
EB
102
}
330
EB
100
DictionaryVariables
280
     0
  1
STANDARD
  0
DICTIONARYVAR
  5
EE
102
{ACAD_REACTORS
330
EB
102
}
330
EB
100
DictionaryVariables
280
     0
  1
Imperial24
  0
DICTIONARYVAR
  5
EF
102
{ACAD_REACTORS
330
EB
102
}
330
EB
100
DictionaryVariables
280
     0
  1
Imperial24
  0
DICTIONARY
  5
F6
330
6B
100
AcDbDictionary
280
     1
281
     1
  3
ACAD_XREC_ROUNDTRIP
360
F7
  0
DICTIONARY
  5
85
330
84
100
AcDbDictionary
280
     1
281
     1
  3
ADVMATERIAL
360
8D
  3
BUMPTILE
360
88
  3
DIFFUSETILE
360
87
  3
FBXASSET
360
86
  3
OPACITYTILE
360
89
  3
REFLECTIONTILE
360
8B
  3
REFRACTIONTILE
360
8C
  3
SPECULARTILE
360
8A
  0
DICTIONARY
  5
1A
330
19
100
AcDbDictionary
280
     1
281
     1
  3
BUMPTILE
360
1C
  3
DIFFUSETILE
360
1B
  3
OPACITYTILE
360
1F
  3
REFLECTIONTILE
360
1E
  3
REFRACTIONTILE
360
20
  3
SPECULARTILE
360
1D
  0
DICTIONARY
  5
12
330
11
100
AcDbDictionary
280
     1
281
     1
  3
BUMPTILE
360
14
  3
DIFFUSETILE
360
13
  3
OPACITYTILE
360
17
  3
REFLECTIONTILE
360
16
  3
REFRACTIONTILE
360
18
  3
SPECULARTILE
360
15
  0
DICTIONARY
  5
22
330
21
100
AcDbDictionary
280
     1
281
     1
  3
BUMPTILE
360
24
  3
DIFFUSETILE
360
23
  3
OPACITYTILE
360
27
  3
REFLECTIONTILE
360
26
  3
REFRACTIONTILE
360
28
  3
SPECULARTILE
360
25
  0
DICTIONARY
  5
7B
330
7A
100
AcDbDictionary
280
     1
281
     1
  3
ADVMATERIAL
360
83
  3
BUMPTILE
360
7E
  3
DIFFUSETILE
360
7D
  3
FBXASSET
360
7C
  3
OPACITYTILE
360
7F
  3
REFLECTIONTILE
360
81
  3
REFRACTIONTILE
360
82
  3
SPECULARTILE
360
80
  0
DICTIONARY
  5
F4
330
69
100
AcDbDictionary
280
     1
281
     1
  3
ACAD_XREC_ROUNDTRIP
360
F5
  0
DICTIONARY
  5
F1
330
65
100
AcDbDictionary
280
     1
281
     1
  3
ACAD_ROUNDTRIP_2008_TABLESTYLE_CELLSTYLEMAP
360
F2
  0
XRECORD
  5
F7
102
{ACAD_REACTORS
330
F6
102
}
330
F6
100
AcDbXrecord
280
     1
102
DISPLAYNAME
  1
Imperial24
102
FLAGS
 90
        0
  0
XRECORD
  5
8D
102
{ACAD_REACTORS
330
85
102
}
330
85
100
AcDbXrecord
280
     1
460
100.0
461
100.0
462
100.0
463
100.0
290
     0
270
     1
464
0.0
293
     0
272
     3
273
     3
  0
XRECORD
  5
88
102
{ACAD_REACTORS
330
85
102
}
330
85
100
AcDbXrecord
280
     1
270
     1
271
     1
  0
XRECORD
  5
87
102
{ACAD_REACTORS
330
85
102
}
330
85
100
AcDbXrecord
280
     1
270
     1
271
     1
  0
XRECORD
  5
86
102
{ACAD_REACTORS
330
85
102
}
330
85
100
AcDbXrecord
280
     1
 70
     0
 90
-1384771020
 71
     1
  1
121128DE-5E89-40CC-B034-A09DBFEAAD22
311
504B0304140006080800C446625CB795487151010000B80200004F00000037374436443631332D323743392D344639302D383439422D3338374538303337373445322F4173736574446174612F446566696E6974696F6E4974657261746F7250726F706572746965732E62696EAD523D4FC330100D1F1242880121C19A3F60
311
E238699320106A9A14312055C05E19D7B4919CB4B21D015B0706FE2B3F02EEDA42D281092C5DFC7C77EFF2FCE477C7713ED70BA0B305B180EF21ECD7B292BA10F7622A4BEEEC359916DC862C1E33F9C46B6591765B182195E2959CD5E6A861B925B7308FAB3324ED437C270C4E98ACFE86029E579A5E003A7C3C3FBFE2C648
311
7BE94551D6CDBA7E4058D44F4838482889C32425411CE5310DA228CC997727CDACD6421ACF67BECFE22C279D3C8676DAEF93940621E9D1244B0779AF9731E6D9695D3E56BC501EF5D61246F36A42C5F8E30674EE8004F4E304F6A12E4CF9A07965E65CCBCAAE8DC19B2C4BC4EF261B07BCE731561537B6105E8BDBF2ECB4E9
311
7089CB857E55857085925CEF42093B870AD1026239E800406BD6869558B38D46B4F30D79FF64233E950B98F78B9DA3E1CC5846FDCE86AF76F4E30F7A0BF43FAF2F504B0304140006080800C446625C120C9CD0E4010000C80300004500000037374436443631332D323743392D344639302D383439422D3338374538303337
311
373445322F4173736574446174612F496E7374616E636550726F706572746965732E62696E8D533D681441141E7F83F8432A2B8B70086A31E7CCECEEE53689D9DCFE446C2470C142041DF626E4D4DD0BB373A4BDD242B0D6DEDADAC2C6DA42D042B0B1D036A4114BFD66F78643C9491EBCF7CD7CEF7B6F7767DE3E2384FC9E
311
1A96E4047C827811785B954A0FF37EBEAB0A791504179C8B6E9AD120EB86D467494263E6F9B4C7C234DECC7ABD54888559A12DF1B89F66220869E0FB1EF53B82D378334E295FF658D24992B09785903576E3C18BF73FAF7F8E8027C14CE06E5F63A33A8C6CB27E53C0E20659B45BAFB64F915DFFC70E9D008BC7CBDD37DFBF
311
1C440EDF5D7B7DE5C3F383A902023CE7147A4D66FD5CB9C30B48BD7A69EDAD6BFC2DAA0FD466E2473F3EB6BEFE9A66909867AEDD11587F6B7347FCEF7227067B1A6E6FEE3CBCBF2F4DBE4BEFC94A599A94C49021E2988CE01559257D3012CC005123AE92BBC8695260FF14BB9428B243F6C0D93A53D7349C2467D0D1CEC765
311
E0961E56C5B69665B527B52A4D33281499E30CCAC3AD516504E3C139D78AF24E78DC99395BBF0702CCDE91FDFAC6DCB11C813391133B9C9F718A7FCF763A34F6D709A0993B44B6F3A525D7E5CE869B09CBDBFFAA2DC7663450D593F6401AD9E66DADAAD158E7AAB5BE6686855A2A65A16EB572ADA45183D6BA60A243994799
311
D866DD95C05F61E1FDB59BE60F504B0304140006080800C446625CB5A795FFE3790000DE7900006B00000037374436443631332D323743392D344639302D383439422D3338374538303337373445322F5265736F75726365732F31323131323844452D354538392D343043432D423033342D4130394442464541414432322F
311
7468756D626E61696C2F302F67656E657269635F706E6701DE79218689504E470D0A1A0A0000000D49484452000001000000010008030000006BAC58540000000467414D410000B18F0BFC6105000000017352474200AECE1CE900000192504C5445818181B3B3B35A5A5A4848486060605C5C5C6464648383835E5E5E6262
311
624E4E4EAFAFAF4A4A4AB5B5B54C4C4CB1B1B1858585B7B7B7585858ADADAD7C7C7C464646787878ABABAB747474A7A7A7686868707070B9B9B96E6E6E6A6A6A8B8B8B666666545454565656A5A5A5505050A1A1A1BBBBBB8F8F8F9F9F9F4242425252527676764040403E3E3E9B9B9B7A7A7A8989897E7E7E939393979797
311
4444448787873C3C3C727272BDBDBD3A3A3A6C6C6CA9A9A9A3A3A32020209D9D9DBFBFBF8D8D8D9595959191912626269999992222222424241E1E1EC1C1C1282828C3C3C32C2C2C2A2A2A2E2E2E303030C5C5C53232321C1C1C363636383838343434C7C7C71A1A1A0E0E0E121212484A484C4E4C1616160A0A0A4A4C4A78
311
7A781414147C7E7C9193915E605E464846838583878987B1B3B18587856668665A5C5A626462818381A7A7A5A3A3A1B1B1AFADAFAD7072705C5E5C9D9D9BABADAB7E817EB7B9B7585A58BBBDBB4C4C4A8D8F8D747674B5B5B3B7B7B59FA19F606260ABABA9A5A5A39B9B99A9A9A78F8F8D6C6C6AC7C7C5451AD12700002000
311
494441547801DCBD89771BD7B5A70B8EE04C702641712605CE034890E220088028C93245451215B713AF388E7DFD9EEDB8DDCE6ABFF4B57D97137BE50FEFEFDBA74049B6AEED74869B7E87404D2814EBB7F76F0F67A8835CEEBFA0E42B854AA5B2BB5B6BCC951A8D52A93657A914FE0BEEE39FFE2FF395B9B9C6CAD2D4C460
311
6F4B7FFF8D1B37EEDCB97587F7CD9B4343BD134BABE7DB48E3FFA7A228ECD6F6574E4786C0FC8B5FFCE2CD5FFCE297BF7CF3CD5FFC92B52FFE58BFF9E69B776E0EF5F79E55CBBBF9FC3F5D3DFFB07F5898ABAF7CDA3B74E74EC0CE20230561BF096E97E05712BFFCC59BC80539DCE83DDD6E54FE61B7747DE17FB8980BBBFB
311
2BBD4337DF487881AAE6C5ACC6AF25207877B2B527BFF1CB3B77FA47561ABBD7F7FA7FE146A5B6BD74E3164C7F51449AE95DB412200EC539418717E7F2F11B376FF62E95FEAF1442BED0581DBCA1BD2780D23F506AFA16E1A7AD974EF17876F00DD7BCB187A1A97AE51FCED5BF2BC1F2BBE5B3C19BE27B43CF26DE00933658
311
FE129B109C2FFF922CC22C4260FA01BEFB462A77DEBC35F42F600C3F5B0795D2E9E02DAD5E650B4438A92801B65C35CBAB7B1EE5041CE69D3B6F1822DFB873EBD6AD3B6FBC71EBC6C86AE967DFC2DFA4CEBFF1BF54F6276EBC114E2F43FEC60B01A0D440A868B2920E5C4BC10D60931ADCB871F3268B21D3851B08E1D6AD9B
311
FD4BF57F7577909FAB86F29B982571136AF01DF5FE32AC3BD9406CAAF2440A54CF176EDD01FBADA1FEFEFE21FE4C9858DFF4183458A9FD2B6708A5A5A137E0EE1D11A9EC0C7C58B2C73C0AD6B479BD76B7790CF899E287FA5B06FB7B07C9195B7851FA8794031EF1FC5F9406BBFB23375420286399B631E93B08022A785C4D
311
BF9996EC3551874094D71B6F487E80F6837E50F483BDBDBD83232323AC420A18C68DA196EDDADF68A77F938F78FD972BABBDB7B87FB164AC6FC2CB760365821ACB74AED44FFAD7E7431ECD7E08AC421F391D199998989A383D9D98E8E56F84A318C58D9BFD2DAB73FF5222C8EFAEF4DE7AF30D756E5108683DA471E70D0502
311
099A7240F19E4089D3FD203E620F1B47BF43501E85031AE44B4B9F2E4D2D9D4D51D8970983FA861B3706FF950CA170DE82F6B312CC4F42C8966295F7D725ED29882415DC055F36DEA1FE96FEC141493F05FAA9A9A5A595B333DED5B3D5A533F62183323032F46EFF13EA0AAFA5FBF7C8976F8C10F7280A014832593B90004D
311
52341980D907EAEB73411EB2F1EBC9F507F92746C40E7AE0AFAE54292BAB2BAB67CAE0746264A277B06508168C94BF772BE9765F7BF0B548FE1E07F3B5A521340A5CB5297C4B12811B89E82191ECF3E41B3259C529F135E23CF4C7F961FB13537F5A02ECCAEA76B5BA5D3D3FDF3F2FEFEFB3AA22053E5008833428DC6C59FA
311
2F770595F311F235D427F379BB8A121BD901B96076A388DC4C3C61C7933CCCD770FF375A6E0CE9F535FE2534BF5ADD3E3FAFD71BF57AA951B6D4CFEBFB8864758A26154430080B06ABFF557610ECC93726224F155D1471041E0D42F82F4891C926C1355B0831649FF365F46FF05300A7A790BD8ADEEB0D4AA9569A9BDBADCC
311
D56AA55AE377F5F3F3EA2A34983A1DE91D810543138D7F28E57FF4E2B5335A3928B76EA1CB9B00BF158C8F63A2E788826896D0B5E7C461949ECE089144F8EBEFC7FB4D8C9C4E9DAD60F7FBE572B416C2F2423ECF8B86C439E450DA970634ACFDA977629098D0B2FAF313A36B3869E37AF7853378CDA1171FBEBA95DF1E44FD
311
5144A420588641B0055A79ED91CC0DC41E27064512FB33F1F04D09D0D2DF0203A646A6CECE80DF28356A348CED8C4F1EF137B9319E1BCD29867CA556AA97F7B757567006A447FD375A26CAAFDED9CFDCFB2BB0BEEE8AA5911BC2C7F85DF88A3775389990AA72219D582409210F85A4E66F2987D875C30848023088FDF77E87
311
F96FD7CBA5B9DCCEF4F4C9FC7C676777577B7B7B67E7ECCCE4E8DEE85E81A6D55AA3BC7FBEB242589CE8ED4770E785D7DDE23FF2587EBF57F50B9E820527316488E5C32D50F979BCA58207297E2B6D658702FFCD211840FE43FC9F3A5BAD9E97E6F21B9FCF16BBBB3A3A5A175B5B1787875B5B3B86DFEFFC687A72674F19D4
311
6A8DFDF3EACA59E405375ACE76FFA922C817CE86A89BDD92F400F2C55B7462F610459837D3A61ACF50C7471C8F2F2A9D38C3DA2F068007F80EFCDBFBE5DCC674B1D83EBCBEB8BCBCBC3ED0D3D333D0B3DE33BCBEB0D8DA35FBF9F8CECE68AE020BCE61C112A4C1138CD47F9AD13F7DC6AB9CF9CFCFAF9D0E01FFE6CD503F5B
311
91C5218E2899CA15098714848B04FCE5654884ABF0E554F11F6C21D73D5D5AADD64B7B9327DDAD8B0B7D7D6D6D07070763BC0F3E38E8EB4310EBEB8BC3DDB347E3E37B5842B97C4E44A0C630427E5CFDFB71E03F471E12CA9FF70E055AE141042DD81234B879EB4606361D9328149037D7D76A571A7E974FA20AD032383271
311
3AB5BA7ABE3B3E3D3FBC30307070B0B9B645D93C3CDC3CDCA41CFC6AAC2D64D0D579B4B1B397A7C1BDBEBD7D36657A3CD4B2F44F4909F2B9CA597F4245C59DEC354316F0587020D0C661742BC02869435FD12CF195C422DB3C5A3E2305C000CE6B7B27ED8B7D63079B5B5B878787C787C7C7C757C76C51B60ED60EDAFA06D6
311
7B965B3B672677080BB5329E60E9B477847AE2E9EB53E35779FD37EFCD2D0DDD68AA355B6B0D81860502B8B68C801F5C697E9AD62F4B406244CB975560BAC756AAA577675B07C6D03778C17E7C95CAF1B3ABABE3E3ADADE3CDB1B1B6B681014470343EBA979F8B90383545727C63E43549D14FD0F927E5F1FDEFD7263058FE
311
02EBCD1BDCBCA053496BD58E69BC44F9F854D4D979AE9ADB908824382AC1D4014E9756EAF9CE85B6B54DB01F02F8EA5908E0D9D5F1B3E72188C3C3AB67879B07C8A0A767B8B831FE5E7EB754DEAE5261460243FFF07858D8EF0D658BDC563A2C5EF5833C13C90B69248C4DD97842B61DFA7F210A2F6108A0F96B62E2D3B3F3
311
DD939EA47E30ABF5AB2B903F4BE5F9B36757CF65021E616DAC6F60A1FB647274B4B05B2E5341B082D43278F67D8DFDA48AFF9A13F22B34C7586C9992BA6E66CABC190E313E7C811AA57304B421A75B289B9D174CC868C24548823E230B9A5A2DCD2CAFE1F98E61C015CA7E96B083FC59F3ED06EE60F360B3AD6F79787ED278
311
D0A86FAFE00BA9220EAEFE1D5DE1F7855939C3FCC1332426B377F692406E022C010DB437EF009803F0DCFD3B7C94440571D8F2C328F115F47FD324802070BAB43FBA80EFDB92FCA1F7E7CF9FA875CBB327CF9EB08C4DE4815BC4210E2CB7CF1CEDECEDCED5B757490968286899FAF95583BF46F9393CEE6A86D6F618CAAD9B
311
FF0BE22B042412C5CFB50556815CC5BBE33E9F61ECEC26A9BCB8145FD10590078F9C9E953B513FAE1FE387FAC246E14F9E3CE7F5F8194BD6594140876B6B84C5D6799C61A16434201E5237582AFD75C07EEED9863F463284E2E13425A036BD41061259289B6BDC1ED656FC8B8592C9D00701E27CEA749F0D8EF44EAD8C1F80
311
FFF8F8F9D513191F6803384C800097F24069C407CFAE88136B7DCB3D5D4A60B711F19070D83235F77331FD35E715966889038E2E0B346EAB7936C4162043E1A1F144093695443A570144898BC4079CEF1912809A3035A1D3F361235F90FFF1E3E0FB93C7E2750719F88E7D8E68123883ADB5B18185AE99F1D11C1238A792DC
311
4BEDE8EC6FF503DF377E0445F68FAF4E08D43082D02170F30131A154206CC559A8D9CFDD762B31273E4947A581E0D9BB71E33FFA07CD02CE2A6BE1EC80167497F2A81CFA3F7EFE58D0CF5D5D170DE4F89070B0BC4040CC17BEAC6B0586C3D3FF0309BC06F44B04A1E13729929B4DF73C44070692C810B08AC3012E8EE9EAE2
311
2067796288C193B2139B970B86F47FAD0F98382B1E035D9C32FD318A4FAFCB274F2E1FA772F94411B0CD42493C23393A685B5FEF3E1ACF554AF5F3552A478383374E6B2FDDFC4F6DFE38F4F4ED7A7FE838F488EA852482F412D3CB07E293D02C9F074F12E84C5AAC423271450572A385449844706475FD38DC3C22486A0639
311
E5F1E38B0CFE93CB4B25910EF309A2224BD8DAD40C682C28341AD69047E8539A6AFC14EC573F7FAD10AE0FE6EB13E87B28E093B513B5803514DE408809BC12A14876DE0A25F643009E9176D9F0C330164285A7444DC8CAF0E9FE41429EE0A2F6A6DE91C0856C501272404A8468822E24C807030B1D33D40D4AFBDBABB411D0
311
93D88C86D7205E05FC57EDD1F805FA4CED5920F0CED39157E007CE21757C5DE440ECBCB46CD283E378029B43FB077B4F47E60E9F61E8D01BE017D7E843EB49F50A2028F1E442FCC90C9EE308E4C0C2C94EAE30B75FAD3A0EAFA57FE9EF960F14BE15638840EAF3BA490BB6850EDB38EECAFD21A0C746D0C4234DBD035EFC7E
311
DD121FA585FAB73DB89FE6A03CF833AB0730E5E2F1A36CE3F202A128934B44E396961121E1F2C9F32BFCC0C140CFE22C1CA8E109B182919696BFB98120234F61B59F7BF46EC30CF067B21A33B0FB3E402448EE266CCD93135A8E823DB31F85E677434E608F53F8100BC0098EA2FD6BC01770E0F2F2D1E5452A711C4BB84862
311
48FAD756D852026B6DC90A2AA5C6B69E9068B8F27AFABFFEE8AB36F1D23985D5960014FD711940800B560250D2272CC54FF1D3A660B275AC3881E349689C1616E1E9044129D032313509DE4700BC867C71F128C400159407C761022BA8A040F40A244788808C60B3AD67A17576279F6F946923191921B0545FC2F12AC0EFEF
311
BD7262B6935679FC7F80629160ABFAEC88E8430E76D82A8DE62ACE50BD4A42FBF03B387B37FD321B37E31C3F063D99703F5160E6C9E5A300CF32A91E0A085A29C0FC507F6C21012303C6104B82C1F1E156DB3229D1A855A32A8352C9077AF733A0AFE0FB3EF81FDF2F0F82C21B0EB06998866878B103305E31EC17F4FD4383
311
1E570A2118D1667632D4FFFFB125782F96168A833DBE78C3F11F8383A79D49F58F1E3DBC780417AE6581381E8610604888E2913E12492881274822C221AD04CB0B1D273B8542837460898C686864FF6F801E8269F40AD0481DFAF5E6E9C1F3BE391C325004DF0746A4E4448F7B52C0D5EAD39EC46896B888C4210D68E99DFA
311
2820DF7FF850EC407EB55C3EBC5028611409BFCB8889C90F1C52355AEF98B18100094C9D0EF6F64FD47E5CBF3FF5293DDFB4B50DDD54F351446FA1F14580DC3902C085F593CB24ACC917B213BBC11B3F0A61042FD8B24F4FB9C4556D0CB9E1A880DE89934CE9607F18F81FDD950DD0E1D143F41D56110E227C250621FF0988
311
38042BC85B5B6BCBCBC31DD37B34966E9FFD9936A2FEFEA9EBA4182E5CD3E17AE35501FCE0707E5525A7DBC64DFD077825BE37CE0BBE1BBEC061410C660B6E49912665E2B3749C7C9F93834022F74CDE6CA5EB501D9CBC04B768292C5CCB84478F3CA83074092C6082169015E5800D5839DC6C1B58EFE83ECA513BDE3EFB8E
311
F1242D2D4B3FD55AFE03D42F8492AF8A3F21444FA2FA9ABBF525EAF84C09F0168527B0138A85D1EC0443C467B28BF844EAF76323BE13D7C11F72FED783837B970FEFDE7D7817E077C17EF7E2A1C2C0FE851FE4C008388C15E818958746129E1009D054B67530D6B3D8DA3D59D82D9D57CF70039FF50FFE0DE94089DB269C36
311
55A4F25B38C49D0BD48E59F1526887C18FC5272197F85CA72862A593A4843CD25F920487DDF7AA0441A2C0600D062001F103FCEEA3D8560CEC3EBACB01CAE5A51E420349F602191E5F901893142381351CE17047E764BE50DEAF9E4D8C38B6ECFFACEB141E54A6865A88A60133EE9CBB4C256930B0B168C1C3AB59FE1743FB
311
422C7166082E934AFA5EFA3E4BCE0B69362FA7041818B7FDECE1DDFB4D022007CA23E521F0700AAEB5888BBBF08023E128B4045381542FA256B0D04E28A0C3804E233A1BFB476A2F48FD135BAF9843BEDA3264EB42BA499601F16B566E72C7EA35908ABCB9176BBED43204C696AFD3D7B24B08D3AFA44BE243D88A6D9D0B65
311
62B52F741E1610C0EFBBAF2B0829289A640EC4C8A4FF66A24430786CEBE1E1E61AF9507BFB496EAEB64F8F49B4129EBDEC065EC1F8A3F228A3CD0950883B41BEC6D1944AE06147289600A7726313AC69A3F91197F1438BCB743E76F01F6EF1D1C854071670FFFE43FF1EDED702EE5A14C85D0C42DF90B86068800659AC8898
311
1855E3E774A71C0CAC2F76754EE7CC87C808D1E1E0F6CF47FD4224731337BE1E39C5010823EE997B1491BBD99FC8D8EF77482BEB5EB2CF66499A8E0F7511B19B3EFBDACB6507BC78731B1B383D02FFDD7BE8DD9256F7D0BA7B46015941097B80018F700FFA024CC08078F51806100ADBFA163ABA8A3B95B9D2F92AC30BC908
311
ED31FABE0CBEBFFF0279B675868F9AA24E9530B08C174055B7F48E4F58002F3E82F0BDFA003E8B431EB6C4A91E4D9B5FFB791265BA8827BBE5F1BCFA7F789F72F75EC800F8AE43FFAEC42F13009FB905A9A0132015D0068ED7682AC608BA6771038DEDB3B33082891FAB1ABF5614F93238079726B833958796B845B731FCB8
311
6316713C1DC581B1E19B424EE32674093F80776F7E27C6FBFAC85C536CD955B96EDA2A3FBF770FF4BE11845470EB3E42D022000E0FE07D161811020742162444668308801E133A4C163BE68F6826A5523071CA78B2FED51F28F8C70FE4190073A3E5D3259D7A288CD19BDE623F10021BAB0C6E327FD507B2741627727EA00D
311
31856492F9F009D7F152D930704E642795C1C1B336E0DEBB7F0FDCB79318543B25341F36802D64A981A690B94259607DE0B19D466BF8C1C5E1CEF9A3FC5C639FD6117B4BAEAB453F8EFBDA500A67E8BAF76C8A06566E36EE1184E8329419161F83D843D5DE7D8221163E145F56921C3EE383978072129E290A9B7166E63D26
311
BAB1FCDBF710009E4051842390031845F20077CD079407C575F20364C4910ED2A574BC357630B0BCD8DE39335EB175646A698458F6A346F003A93002E846FFE0C459B8006E506D79BF902908A0AA05CB5E73530E33BA1D3C2EF99C712B7C8B41DF4D2A7830BE8707485FCFAEEB85A09AB6D39BBF7B4F23E00509C20DB04E24
311
0822A4B810E04D8D53D10D504C059ED86BB8697F514777717A8F8144D48A4C89077F7EDB00E2D89DC02A7B975640A282C49A4AA84B70B12BFED8EA6584860DFB7EE23FCB00C6BAF7332FF259FA3C9346508813E372F1DDE425065BB61FDF8300F7EEDDBE8D0C6EDF46F7D8823478590AE23759D60DA6B7A9F125EDE8F4A5D2
311
B37470D0B63C30DCDE3D3D59A8D1501EB1B0A5377517BDD6E301F995E3F955F0F58FAC2E81CE172A8344AC03DC6781939D2484B8FFC15E8F3ACCD3954CE19576B942D0A029188EC7013FE59AE90B71292DE774F1F63D60230180B30A2EDC65291B6211B4081128856001A680015CE000708254891851D4B3BED0FA4D7166B4
311
66BFF1D2A924885AD12B387FC0FCE6819AC3AE06A7AA4B715F0927B74D119D4A668FB54B8A8C268D8B038A207D10A7B1E95E42195B695BE0240F7408B311257C23F581E987C180140C584A02B1670CB817CEC0A080F259F1360E58452013200E3EC107AC1DF4FD7B0F6D23F33347F9527D9F51E6138E31AF35F1BDAAEEEBA3
311
D71BB402E2FB47CECEE96B4DB85536772B07C82A34F3E66D0BCEC207FEB9E70643761276F7B50D5EE963CFF80C7AF4A2130F5BF8C4EBFB5F07B709840480DBD8007FB7EF3F90104908BA457D43AA2A6A02C91422285E5AAC143F3313A0CB74D9D164933B86C25587134E8D342B453FC982860D09FD13ABE72055ED020E85D3
311
E312F74C25CB0293D978A1C4001927C80B86FD06349126EC219F0C735C8053D8F5F310817EA01F1B7851F406144C211C6362C27DD51F1E310C0102280ADB891E9B085CC528A2B1369A46BA195B9A2B351862CE43174BA73FB7CBB430A5798F4C54B7333B96C3224A9863AD02B9FBD8E63092191924E77C199D92887DA594B6
311
DCF0112857162FD0949FE6A441F5E62E42FB2105BC405A2301A3424601DC807912CB2C39C604A27908021CDA30C4C8C2019A883B3A8BD393BB3546136EAF561980FB63E9E035FF73B96D09A905ACB2C11D79571C5159026227DDBDB81396EB03F14100BEB66DE1FA9EF82C3ECCBE318119C4269FD014E66361FC8BB0B4EA9A
311
98EF3D8848A01360430284335004C183CC25BCA82D2302EB03B8419241C64DF4F5ADAF77B533BE786334BFCBB8DA72BDBEFFC36103AFB30608A0B39B58D93F0BF42180841DD26BDC22CF0A770E90240006BAC65197D90920131C7B2EB3CFD3C71C6378A305EE8488FC1FF8D391E2BDDB0F6E3F45E7C8207C419800DB410073
311
A3173942CA8D5242642A74496FF115832A6314D9FA4257577BF7FCF8F8E8CEE8DEDE5EBE76DD3CF892BA7FB8B90F629431B5525E92A15A3A4A6FEA3FDD73136172060959206591F4C927196CF645AA285CF3014630121754261C0D31E1A7E3DA2DBDB54B04703BDE3A4209F02045C4BB0F529A14BED07098A2A1CD47513DA6
311
4B512F409BC01663090796D787173B5AA141B1B39BB470EEBCF1E30F9D263ACC4D05110797CEF7B923B027F089F74D1D06F0A4D8C0CDA6604023FCA45B76C5CDE0BF3845ECBE13E0C0ED73700A8A753C1AC8AEFFF1B407FC8A20F42F0D94019121DE304077A027D4112283BB8FF0072444D68AAD111D6F591BC0061854BBC0
311
48EBBE9E81F6A33A95C21BFD13AF3C7E7DCDFFEB0DE8903F77B41DF178E99C289895B0EA8CD640549D68935BA7C5294E0A1D66DA0CC419BD398E6265789CA1241441AC94532A3C19C95340BEFC68703077EFC1D307B71F3C500859C11494838E902203A2BE90EACC5135B80B078804340C920C2300BCC06F7A1C71B875DC57
311
2C9BD1D84BD5FB9363CA6BA7D03E5C40FDFC54FC23C9B4B9DDD028787D89219038523BF64E638BB37CC25335937A00DFD32869C5B390C8C32FF25C8C47A7181B4A599A224A9DADB0E0406FEFF9F183B7448F081E3C55024FB33828784AB61704482CD0160C04174F9E33BA9291D58C2F1F1B1B3B5863B0D9F3E51C35C253D5
311
4A23E560E2C0CB3A6F7A81382601C2079CAE96B7B1560D20A341E85A928A4E01083256420576C2ED477E2E565FD9223BCC691CF394D3D8E281501E0EE5C1C8159E92585D255CF30CC854C75318006EA4A01028EC853F9407C6053910BE105348324002260254886C156260F9189EE0F8C9A3CBAE9D5A992184568A69D5183A
311
7DB97DB089FDC57AEE54F858FE54F577DBA85309640290F2D220952620750C5811FB772A7876D1E4040FBFC6474D51246D8B3FB378283FB514F8AB3C20B8BF7DBE5DE541C9A5D3D38DDB30E00151E02523081BC89C2214103E0BC1B3D0199A08E002681A2613A2616CEDF0F0F9C5DDC75DA395C25C0309C03DEC8091A4AFD3
311
FEB504AAC6633930556DAC86EE3561941E862C4A75DD6B6BB3A0C59BE153DFA73EDFCBC3CE2188D3D378FC976D0EF9A95B7C8532F527CE3CF539581E0FE501291E9139FFB65EFF5DBD8E0C18DE3077170A64E033FD278F18068028802F156C3809FDEB11B1019C208D020C9BA2870457F0F8E1FDC7EDD393E3B9FC9C4308E9
311
315704233F960E554802C14716B0B45DAB5EAB5E25AB7830EBB8D25E6CA94E4AA01794FB1EE164FE9F040FE82C940A4BCEF913075D087E85A7237D3CF29C47E4E676777779528C4781761F0BFBC1D3A77880E40C9A2E5109180D5255317890394229F0F082010354082D574F1E3FBAB7D6553C2113DACB97BEB5526C7C6F69
311
F9310A94C46CD89FF8F379AD1AA035FD00FF3F320180F01417A6F255A3A8D86319FE0C0B0E06A0DCD33F79841339C01E5BBE1911AFCFF7C1E0A540BFBDBFCF2372352686D863F83F59CB6865F43104007EE06F52406F680341102048A01BB048823082CBCB0B6AC48C313F3E7CFEF8F2D1FDC3D6F6F9F9D9E98D9D7CAE5EAD
311
E2A6512FAD7AB526E17F600C85550DDE9ACFE9D97E694513103BC69F8A2813176032C890C1E9C49FC09C61670FF8705B1D7386260E7C8E7122C7F8208A55139E8C8D4763F7EBF5728DF9C34677364E3A3F9AEFDEC9CD95470788834F9FBEC512379890B38C94205B2557987C4186DF5C0837608DF0F9F3CB87B7EF6E920475
311
752A01460E556919B2B64296FB9FB70DD5F47232A0F77465BF140CD001F00ADCA175090E2665A14E6329B62660E02A1CB50C6025E3DA252A670B3F0FFAA5EAD94A509FE7036B159E0D1D9F2E76B7AE1FD5A606198D3A747AF450023CBDFD162278B9446688111009B4029B0F2180AE20A542D40610C073B47FEFE1416B2B12
311
200F3C991C2F54EC2491027A816B0A34A9D05C6F437AC23462385DADD75642EDDA738AF1600DBE07EE8437804D2D011A94DF71C2085EDD40266A407FFA1D1C00B0C03927E60338E3B9D8C47D1F8CAED578E06F7CFAA4BB63B175FA7C301B747CB377F45192003CB8FD34B12009224543D8604494011A80C1903CE0518C9862
311
08E1C5FDDB8FDA161686873BBABABAE74FA637BEA894A44078C19696F326E057D7F95D061A6B0394A9D5F2DCAAFE4C2388D8A6E9AB7695CB0BDD0A332430F1A9333DA41D1FFB97FA09AE84E738C75C407C260408F8DBD5EDED7DE1570A7BE333C54F16963B46AB0C2B71208EA3D16EF4EEDCD7005241166C005A73C0316479
311
2151205C007288AE337B4D7103741BDE7B7AC913350B348B2D767515674EC6F72A0402BBCB41C81305AFCF05F2758D3ECAC8D26AB97606DB9581A4B7A8FFB068CD5C0604E6849046B70C2B60FF0CDDF93C13822B4E82FA0479A68220E66D9FD775FB3C1A9CDBDB9829B6AF2F77EC9E0678FB20ED8D1B1A1A39D10F9812E20D
311
6281F5673121AACAA9C53424000DAC173F7E18C3052EEE3E78E7F1160F5AAEAFB70E0F7775CFCE4EF384DDEEBEB9C0889D5243BDF557559FEDE5F17AB21E118C4C31A3DF6A96B56AC62180293910ECD6B721047664BCFCC6B2DD3C65CA0F0C823DFEF84083C7ECCDF05898EEF158F4FEF97EB9C123F1B9D1D1A3D9F9AEC5F5
311
CEDA84A3C96C14A55584D62893D6A54D8D2028D05C8B1F124884543F3223B29D208B04910D3FC43F5C52196AEB5B5F5E58E8E82610F08C21BD443801233C0CE8BD1E40F84A1CA86001990048031ABBAB11EF83F9283EA89F181F2A0D9A9F62D94B7F625FD727E6A93F63F200F614F7CF100D4511C07DB45FC5F0CB4CA359AB
311
E4774631FDAE85E599EA0878A3C33D5AD6430CF4C055EE5FDB80629000D7855DED3F436F3B61B3DC7FFACEFD2B1BC6FB0696312CFA477CE87A87070C7998E04FBA78AE3F915A065E819FCF35B410321D9ABB308146A11AD5196CDDD7C477A171C8AFC74B45CBC6F641AB53C8D4ADA5870C02379BC0470CF83DB55F073E29CF
311
5CE5F7A3F8FD62EB7AEB1774C2C6780B9523F9287193FD23DDB79FBEA513B45200E2E0C1B51350163AC19043C600F2C1DBF7DEBA7BB9B5457BC0D840CF325EB0BBABBB786D301437000020004944415472B491ABCCEDAFC0591201CAC8EBFACBF367FE7B6E40E69F551BBBE7123E3C00AC560CE20C62436E8C3C54CC225EE0
311
8C0D74CE26148877689EDD004FB2BFBFFFBB984035373A7954EC5EE8591FE531348654514DB1D1C56411DFA2A7C212BE5ED91278F2851A432244C6822C29C85A8B320ADCBDFDD63BF71FD32648E7D098CD018BC35D7FE89E250EF2AC75F96C15271602687965C844B8807C6E7729D93F22E81D39ABD62A0820C1FE9F11CFA7
311
208125D33E96FD69E83AF6052DD32D49FF0802CD9F9DFD39260389A950887A647CCC99BAB17132DFB5DED35138FB3A060F6295AA5E195BF0BB56495A5A4A8FA440026E46A047D40ED2520A441C302D240F201FB8F7E0EDDB0E12A04D8816215A0579E8FE1B1281E9F19C9900DE79842E2A7CCD48E9876EB01C75DBA0E0C8D4
311
4AB5512947A00BE7CF5DE9E1A6A6BE43CF1A78783DFD5A404E4477336C1ED8B18908B2A847B2AFE9839E891137A6673BBB96FBBA2A4B8E9373B001F08369BA11BE8ABC4302FD2345FD6014A127068427D007BE28B41D9B0D40FFB7EE531FA673C8870A69135B1CEEE8D009C08042A5B4EDA314920B635BF941E7487E452564
311
39DFE9D276295F87E698389CD49FB394FE19720412DEDDC40E9CE9C6DD605E0B719FADC416CB15AB3A61F9B5B9B9426E54F81D8B03DD950946D432B40CEDAB7BB5AF11213CBA73C9BCCCDAFBCF06127C7980FE6D1DC9B4DF14832D6568FEAEEBA76FBF438300B541064ED33F3AC0B0D10505306FD370AED02859234402F6C3
311
FED006766DDED2034D90D119057225EEE3DAF787EBF30EC51ACB4F551678BD6728E1944730C095F13E4D81A4DFFBF67C5BEE37E62A85FCCEC6CC6C7BC77A5B477E22223ECA4FCC0F87E2A5E3EB782BDB25B8CFC6736A044DE5A7CDA604526361D650484FE283B77EFBD65D52C1C73C4F48E7D0D81ACF572F2E2280F98FB230
311
508FA906B42DE240ED651B301CEC83DE1790C9FD96B6CBF986BECF3BD332C18EF627A0B6EECD5B152E02088D03D828AFFAD26B05BF671B4F9A09A8CE0CD2707F67F2A4B3BB75B9ADA331C1305BBAC182FB4A79820B7EEAF73199B8404C0B81231CDCBB871B80FC41FF5860E8E108222A1A076C29E6E03B6F3FBD4F1F295DC4
311
57573C7ADED636D6B7B8C88413DDF3B327E1046AA51040B40CB50C7E3F1D2E44DAD34CFA604029BFFBE714DF0C069908027EB275F1F366C132E1A7450B04011CF82B2B647CE754F650FF6E25BF37AAF65B7BDA16CAA791F1D09F6CAB989EC5AB7809BE145FA459E8D3E4B0FB47DAEF093B946FED585B80FE1A0305FD5330FE
311
DB4FDF79FBF6BDE81D8300CF6815E5F9896552412A03F31FCDCC7CB5E32365550CD9365FDCCEC8752E943161D78047336F8AF6539840A1F2E764FDA2970999F205CD2BD1F5CF496571F76EAEFA0E1CF8FD2A55FD06391F9EEF8B9DC9994E72BEBEE1FC928E2F223EBA0FBFBFB4F2DF137BC894B8087643D64ADE6EDED67F76
311
80FAC9060239E845FC94AE93D880F994FBF71FBCF5F66F9F32C292EA900F9C1E6F1105E81C5B5F58A067A448143842008D7275EA3BBA3D2516FDF02FF79260020D6B3C714711F3CFB61BFF56A826E627E82256F7400FB387FEF23C1C1E77FD6A21EBB1B2B35F2F95E7760BE1FA3ABB3A981423477517EEE36FF96F122B942F
311
6FB64D9502BD1B9089162532A2FEFED255028FE653C9F46FA321E0B588B7DE79FBED07C44106CC85133CA65190543004D01D02D8181DDDA5A9C91A7110805B7875B689FC3902200FB192E7DFD936B37B57D9C338BD49E99E181F4E5FCAB2ABC1CA7AAB382CBC7D515457CFABE6FBC63D525E5CDF74B16378B9AD6774A58531
311
912D232DF01BAA913DFB7D3AAFF912984302B84D0500077800D26C60A4742101DE420C610C2E92FA93056022EFBCFD5BB6B38651470CD33BD87630C05831BA864C85997B8754B05167F0706499DC442FCD22592AEC2ABF3FF13F950039BF159FA9B36ABDB2778EFF83F70972B83BFD3F4899E64DD8346AA495CB155A7499F2
311
CE39B0AAE755125EB84FD8CF8D8E4F4E9FB4B72E8F1DBCCB98B31BC4607C2CFF21C8145FB48EA0F2159F86A3098415609554DEFA7B27EF1301033DD06D274BAF6821D220DEF96FA4CBB60B3CA241C021D38E1AA76B4406B4767576166766A6C7F77273F5F395291BBA19F64F2E3095C14F3E60371827741CB27E89543857D6
311
D96BF9A47C6A9A26057840332EB843717AAD171880217B71FCCC0355AED3D4819911F79D0EA8AD6DA31A83E36C5DC2D470295C011302387069158F6C9966022367ECF1D00BA9BB95C389AE7B6105A1FB640689033A7FCCFFEDB762189103A61C3A4FEFE0D6A6B5A19EC5755A443AE78BC5E9235B047890A65919A0D2F96AA3
311
C01CEE913BB3ED239C3E0CD8DDAB99E4348BF3F8B977B6C43DEBEFBD7721A839A63B94C06A10DB87FCBFA3C2932F8C26F88B6D6BB30C3C4E09AFE40FAB52EFAA1EC0316920E031A46D65A0FFE45A673432E907FBCF86717AC04F2CD0EF512D665FF53F05BFCDC43489F150890C60A8E0314E70A06F619D30D841189CA15D34
311
17F3CD50191AE4396543F0C42BCFD696C58DF163F5B46D708BD5FDDA5E5E5FDF9401BC4F7E00E8A17520833D1CBFF495B5D1CE037C664123EEE74737268B5D1D3DBFDA6AAD8C08DF2C0BC7A737E10AAB2A7B958990CEBF556CDBEE823CB09FB344143463C630CFFF585D330CF0320E921744A7918280FEEF981161008E9FBC
311
78C830217A07B7D6985E83F9A79884ABB5AB383B4D7D788F9FB3D867A2112A43F19042B33A108690CF6F472F8661CFAC971478757F6E6F2F7AEB82FEA85E5715941778B278281F28C268AB24BDB470EF3303E09C359E9DF1CF990D8A096106E6A66C8620DDE7D281DF0B2831F20439A30D68386CE13E002F7EDA8D7806162B
311
205D6A19AA1FABFD6B1B400EC2BFFDD66FDF7E8755B4883C043F43046C1326136680404F1F934EBDDFDD39CB58A98DF1BD7880E0532E671FA1435E9D6EA5E9071000BE8F262E7C4044FD95D5FD526EB40A05A634775F32205C3D779FDC168CD5E56BF982508BF572BDA4F6F57D3304BE9EB18149461B12F760D7485891CA47
311
CFC44909136FBF4931716A2E100123FC6CCAA6A644F25EDF4AC980B14039009BECE8B798BF69A05DC5B6885CD23F8E13A46FF0C0A986D617F001C52241801E87C2974C31411DA3A5D7B6175472763D637D3E57C33B908F867F4A59CFCA7923375E5F027A983E18BD7BD4E6FDDBB2250C1529F4202EFAAF979DFFB1F2612E87
311
EBEFEC58581EDB9AA95AD1D7C1905F7305BF8182D5BBB524D47C4E3B81CD843220DE1E6536497C0962C225F75A2D6A998303B23FC501F0B3F736EE1FF01200FC8C99F5515207C9C40081DF304C0A17D06E26CCBC5B3C47459308178301FA8057C2C0AE9D99B05F038828B08400F2E3251254DD7EB8BC4853B101F99AB48E38
311
7457C96951E5DB670648BAB70A7B04FE93EEC5F5B183F9739C98952C6845C380D401B8FC86E70A20744EC720E09D35955D96A9041720196D183AC2CFE6AEA816652D0234883D788BEC8F5DF2615261DB031C2381092401B48D8D2D870FECEA9C3D99DDB036C8A051058030E32190976718C89F031DFBFF2EEA3D88606A8A19
311
BD0AE305BDFD12BA4FF46F1A0002B07137989C748936E9DB2C91F43B07E4E4D16C3779CF5A4FFE8CC981F07C29E34B7C012AF0054FAEA4A6A3D49D3A16D2B3CF220A029003366663053C89B3FB1827080DEC2780076FBFFD8E39810CB0593CC68B5D9009F2D400418028B0BC6CC74067E7C9CC0C2690FBB084AA5254A12AF6
311
3543B35EB40D17B693F7E3464D5094C00AA9E04E0E0524F5C35C5EC6BA94B21AAF2440725E2A9FF94FE7A8F0E769EB83FDEB039B631B18BF396F5C13CF89ACC02C387DA56DC3B1CD84B96CFAAA37B55FE723B611062258257D331F186AC93D8AD600B4FEF4AD777E4BF68F2168FF08C081A37AC13446C85996480396192847
311
6D78F68419390D830C1935B5C2A0A22A3AB17D3D6428BF12DC373B8D464E04C0A496BB3B3B75639DCC2500E0F0B15FB6F47B5A7ED0183A87CAE8D535F2EDBD4B3B7FC762DFE65A07C30B2851DB890082ADC07131EEEFA3DB7DD5CD32C0860CA83CD4B7993A175F422A8149B1C1D94C1145059D9C78A8A572A90B7C8B1E3392
311
FF77A80C50220880FF3669004E90F101740D2B808181455A044904674E7482CC3EC85C4BCE339404C0B0BF6A5611E4F9B8157BAB6DE327EC9BFBA1B4557ECB609C1F45326499EFB90EE78F18227F09E563C9E63D847EDB3B68EB9C39E95AC4F7ADCF7D87F6752BB6912040281E4A0D8A8314E80D60470999B8A51FB1488A66
311
A9F3F81FFA61C83F4FA6969E472288FADFD61B005E0EA4284822E018911828E868614DA0C36E11F3A051070BF2F0840E35F200E2C0C80A776CC9E7E6841C0503D0EDF15ED9AFE527E798D23BEE5F0604E58DFB7099D739BF0BA5D332EF29F1535995BDBD0DE681C4F71DFE6A7AC5A13554AE6910963E9ABC9A0DB5B2022255
311
45F5CFACC942B5B93C207352B6E5310BF349AF200175D7DFDF78F6D683B7C87E087FA9B35812C4F8F13452CED610A2207541E6D659A739441F3833CD0C9C3C3DC2B0712F62333C4FA9327C9CA1124904B4FDE0FE21C119776CB0C212AAFBA5CAF80EB43772ADFE77CD9FA8A4144C54C2FB2304C65F62FC3678E4F6C68F30FE
311
E1BE8383CE7DB86F58B1AE0C51F0F055E188D02F00911DDB0991832228B3172B3E623E513FF1734FF414A611A603163F401BEA790FC9FF7FC3FD3DB02DC00184145B850D01D120424DC03C00FCEB7880EEEE939399F1F18DBD4AA54C939899304D913CC2D5CFBC55E50C7FBE4C0E14AEEF53D6843DFF56BE2D554637EA047D
311
3C210E2C61077875FB5B40E19F43AB7470CAFE1C0D3ED3B3B4778D1DF6D4F837C08747180FE8394F2CA1E0A46B6DA62CE2B2DABEDE0B1924098580FC16B369730E9E90541D3730D47FDE16EE1FFAD3419CDA05ED1F2715C607F2E81893AFC5936303F40EB776F1D808BDE393A3FA401E1C706E154C892860AD74A2949C409E
311
28A8FB3349C764D13E4D1D3468952B7B1B35001BF41142CAD58D6011C8B78961EACAB66E9AFBC627673B61FFDA4167950A274145BF11EA17BA9AA60815C2C43AE1F648E3772E53C94E6364AF826019E723069A8AA353A3BF7FB5359281700061FF64C28C10B9AF0B70B0B0D30A31CD1CFD22F68C76DA1E4455886925789236
311
3C091D313EFA46B57C3BEB252E9C6BF5B4799EC58F1910F469E25AA17B343799DB3E33CF410061F96C6D63FA91B1000CEBB7D2971BDD39A2A76361E000F5DBC1688D47CB812DD60F8001AF25B328D173A9E4BAC18CE9F1F628704330741B2649B92E9714447C68559C6CD2F681919367E4811100750058809D0230C087A89F
311
F3C80C23C4C60882E481F48D531764BABD5CCECA308DE2F63D3BB50373D630796126803C2D1FBAC148F7592881B395ED7D26B7DD38D7096AF98841CB37592561D9C6565317AFBE9FC4AF7371E060736C7635E0CBA1809FC80F544DBAA1F2F9393D970D44C0615A0C6930E758B9E63AE690F73045F0C8C0731DE9CD80F718E9
311
4652383458799E02C06D328010011C7090D8C5E5336A83D4059953877EA1E1D66FBE994F04608C4C991917230FB61F9AEE183A40AB9108D032449FD1A7283DD25ED15360EF7EA9303EDDC0043403531EDEAB10DFF87F5E2FD56DF0F1B701A9F614DB17FA0E0EDF6FD0B1622A81FA3D1DE5A33F551930335C353A87F9AB05C6
311
0455193448246944A232C5D07636D864CDD7A50D0B4440CDCC465D1C418321F50E1648D500294065D869559EF3C40C8FCC6C323E989AD0F0C73142480B200842802C061008B480A9954AF282052B3AF67350FD0DD30D1F4075AC303A5D490250F5400ACF479656861E4C77AFF327F3EBECA4B57B6B6C8FF62602BF15074465
311
6A87DABD7BC6BED50527B2120C001A0B3718C74F0C65CD34F275164D7968148DDF259AB8AD6CA81CDA4E8819509B996A7F642D987A401A2B04018C01E6C169A8700F9DE3B489DB2BC49C9B7B858A4F50D22AE15428FCA4A1EDB20C83492690CFE361CC7F8C8066FFD0D77AEE797977F468A36E0B0DFC87F90EE6348BC748F7
311
CB73B5B9DD5C6EE7AB19ADBF6DF359F1DC2A0F9E44F213F8041F64274C0859A2AB7C37440FEDDD2F95BE44065F22067E3EA0CC3BD8C0D8194EAB291CCEE20B9CD8E02950AD806080047A279F19024C837C848816719AC4A34DF8F0706CED904E8185753A458A27E4C1E37B5F30A104932BE140E0BF4E400160F320B054A870
311
5042FFC47B4940810173F9C9E97240C7FCC3F3813EA239B745DE9F1B1F3FC2F9330374DBD1A7B475923F9A2ED81716D18D1B577DAAB9D1A0458655AD3CA7E211867AE7C702DCACCD291E0F798013DC01BC326087775C0833E04EA3778FBCB8DA4687A0255CA0AD210C15661E4E92001A4449031D1DD27D327334BE830B64DA
311
D90CBF537A45FBD4E94A7A88888E715B7E74FCD040E818BDC1BF5AC609CCCC015DED23877080FCDC47BD8EF3A7B783A17D33F3ADEB6D6BC7AD75EA7C7852C5B6FDADA6AFEFC2D181C03F8C40DD8A4AB5024F0B72E34B57BC1182472DC80946789AFB711DB7F1193C03C893B0345F420246114D3EA71D04FBA731C0DAB0D3CD
311
311B218F0D5A15ECC105D02F3AC32F13600084731A83220040019B03180634B5923D438300B05BAC80881F061095FED5D572A3323ABD83F1D37A2301A8C930AB3F66ADF7CBEFED30BAAD7D78A06DEB6A87F15491F5AB7E25842B6B34BEFC12C8A159F187C64B3CBD2356DE5FBAB98BBE9583F0E3280C0076DA15BF34C15238
311
145742B07080B1EFB83382F9FEF2239D003541041083C5AF9EF3C8944DC2030BC3ADEDDD9D27475800693049E05413BFB3FEB4308731512F13400D06F813368A0101D8D863EB3E75FCCADED124F532AD3F123F131AB46A93DF1ECE7F96CE9EB6C365C6D6A07EEC461FC919FE288AF7AE1A7D012D291EB073735FF26BBB1C99
311
FB706E972192819B7A34BF22424BEA1CC7958AC2E04BFC8E02DB90A4A1DD04811ACDBC181037864672C78F6C0EC3073A40CC49D5E813593B7002763BC6A909D31AC86F3F6E335C9E1C309BC58F16418642E2AF6B290A34FEDC0CFEE08FCA0F56700699CB73B9C99302AA17BD516D7F1FD755A2B32B3FBE7134D3BEC813195B
311
D355020A7DBB541539CD2C06E45F46FC0EE08293E6C0E1972176D9B678340AA1A4823404EF79B1E2347E47C35D0A2260730E0B513025DC0BD1C07E3366E9B9D17F767405FB531070700035618606F0B40C73C974CFD321B0C174A80C0F3AA54945FFEF348F5488895713E89B5C98DA501E06D8D24FF04FF0CD7ECD7BAA755A
311
854EC6A180AD13BE094E8D5D63BFD6DFA5F5D3E4DB1BA18FD8473DC6E17FFC9832B71A2A94D96E808BB53F9192955D62C82E282B05168AA0927D54AB20A20A74800B7CC9655C8B15F62377CA4C91641F9F4D0478F4FEFDCE273A002CC0A725EC165CE3A149F0333E8E9600B2C05A7D15FD831F0938DBE5D0FF13E3C0F07659
311
65A0961C3FA86DEEB0E28304747BFBA5FCDEE44C23544F7BB7BF7A132DDE34F99E44EC3FEEAE92F667A10F7E90B0E8C6442DF5A5318B0F816311DB2E6DC6F172C363FC800EE09186BB9EC82A24C0117700CD884AA42023B81EA6E0CF8B3056411110D78606EBC5AD5417B45BCC8E61EA01C4006AC233933E35D860BC1B6CB9
311
C9CCCE7840D2E0C1C1FFC11CCE54D59300F2B47D66A10F09D8E24B71B9BDDF98FB62A3B897C53EC88D16D1FFE8C649B17BB8E760EB20B784F52F992544753F2CBF642CD3C9C70D8722C197142C567E74FB431EE248A8F3FC00377F5142144A82FFC28AC2970A780C85A7EE9146FA4B2981F3C93BCB0F3FBCB6DD3DE69C72B6
311
073B99140DE28B8E919D9D9E7C2F5FA99FC1FFD07E9AC0965CDAEA0A945FADE52C791EA989E8E7A21A355FB37E44405D171B98A6E946DB26AE71DBD01FEF07FD378F5B4B518724481820890E7486E3FCE61A60E096D577701890EE07CA5D7F2B086040749FCEF3F81972E510A86359C9BB579883035887542090614E5C4461
311
705D7CA1CF84DB564838606CF1597E8119790D021080C935A908324EDE9F60A04B7830A33F0670CB08605B8D01BF9A3D435693FAB4FD84EF6754930640C1F9D74B052A7ABBA9F502B39DA3BF6BC7514EA4BEC71D752BFDC198EDA8DFE8F32B3EF811E4576B0A2074B99B070A069F60173E7427BDF285024E35A4418B7A4129
311
14F2800F1965C4F1120A2D5D2C64400563D5942044807BE7C738EBF3034C4A6F4D70C04ED1F97673C039FABC4CFF18866E08200BB66BDC9CCDCC3FFD1E43BEFC52C317F0F5E64900FBFCDA4DEE68768FFF46350E0EDADB7B34DBBEDE3776BC55599AF84E312229F931E700D04478D66A0D88D09B2276141AF0F8811C5F8067
311
DC04C0F90929F7F1AC9CCD368488AFB965C97B855A3E2E93AE5B4866502E55991B82D4388614F2C36B8484A5FA06E3EFFA984A6AF17D5C2073299D9F12FD63826F67FC460E54030981684E9FBFC22009A3006962285FDF4FC84B699FB5BEF3736C6072F6844C15EDF25883037DE6BB7AFAD6AE164B367812FA8CFCA6FA2572
311
5D99AEC5C6EDEEC64ADDA2BE0056002032E1D7A20A54CF444E360D520A5B69816C0A953CE0434A8A898BF18E2B704588C01BDB2133342F5404FEE698957C200EF54E31BE6DF4E888C9C67F5F3F1B41F922777E7FA6332677C20098C59F762F5DFE4A23F9801A3BB6F8A4F66E0D40EC867E92DEFCE84C714FC7CE8DD3DD3BDB
311
F9C781B1C3B549FAD2C89D711808CAB100E09700BB85240374A7209212F320CA577222A7020E7824500179FC7096C714884BDFD9499E027ABEB3CB0226CD293CAE6E0C41A6788F396606A073E28CBE5CC67D584D36CA39D37974FE1023253E3FFB007A26F657FFC901D851130DDC2BF54884F20D5D40A0B7E5C7BCC7CC87B8
311
4F2ED820192CCE1AABA1FF24ADBE1D03635B5B3B53D4A5F84120125FADC36A0E792D3AD7E255792CD5241A4C84171F1104090017DA493D0A7790A7BDE6DF326180398E4B0DEADA5C2763825E43E05C388E184678C88CE6422606C017F030366981353DF03A753DBF6370879F79889DD0BF75408724DB53C5B0063AB6568D02
311
DC47AE4627B58D7E367A6000267E7840C23A0940B992DB98ED1C4731B4FB4DCFB6D3EAFB6CAC7646F0335C5031888CD74E2103380260AD47176D703960230370FBBF28813524C17FFFBD6288BB28E4F905ADB4A788B40B4A6201C1878BED224DE9906C4C79EF32EE679B9F5D3B5DFA137327320643909A823F62106CB8F9BF
311
E4BFEAFF0FC7A6393EC7F64A698EFF8ACE31BA05ECE6DAB6DF124118D1D13F892F3D3530602E3F3ED3D59DFB821ECFA3D9AE85B1ADAB9E328DE738BF55D5DFD039445AE76D0194180F57B15BEE5F09C07F952F9A10372BC894CF7DA12CF6507E2A8916E0DF430C519485C55D61EFE209912D8C32866214E121611E22A0B123
311
8DB18E86636A3BFAFD5B4EE02FF1E505F902BDF424D0516907BFC95EF3A76B6B3872769D67E25B548F0DA46E2B93DFDFD5F2B9E9EEE1EE1DCC7FBE6380DFBF38A165CAC73DF912AD76A4690D2B766A3EB4AFA2D05BE543EA20B095FB17AE3F1928D84482049B659E671A4763CFA567C08824913D37F2F92F841FC244085C16
311
81225C04AD6DE1684831682CE0D6096B56101C0D4FB3A1BD3F11FC1105AECF5660BD3FEEDF162B0D9DEC6DB55AF27FC98050BDDEDFF63ED14B01336053A19DE9AEF5F5D9E9D9F9E19ECDADCD497BCC57681922F327EB41FF681E17C1921B04FBAE371AC69E53F98183E91B84897A5DB164158BD1D12FF6F6BEF0E02847727B
311
F2628F9FD48B6FB11DF6928C868B29590A0606F92140D0C08850DAA7DD8A5FE8A50389F61288AEB743E9C801BB67DBE0A7F64F63BC87770FDF57AA73FE1F5A84F8DD3AADDFC32087FBC0A7D645C327B97D65E7A8BBA76DFD9BCEE1B1CDE3F5F7CE4E6DF4013ECD7CB60BD1239E8A4E9A5722AD9C4FAC8F7FF17B214AF88019
311
50430639A08E3ABD05A0D94E253BD5951C885B0CE750309070555FF21F2EF83FF53F4E15038B8D8A244740A5C9CBC120043DA0B323FB1DA0A4EDA268C05A304619505000BE10415DE898809DB6B66896E60AE347ED3D6DC707CB7D5B5BC374A158EDC343D0EA61C217D4878CBBDC1D85686782C3CF4272E7DCFB5E9EF628F5
311
A95AC1AC0C6848F5771329EF8DF2BB79EFEDEC8DBEC72EB7F245287FD4B31008AB38EA4D52F2BF57167159E3004CD8950E217DDD6F699FC763E9D1A0AECC701F7BD4430A3E030374066938F883C01DE40E7DAFD609345E33570F4CE6BE467FBD7F793B5AF2A9D331D86DBA7BF98067918F9FCDD609A0384B523F4413B574B8
311
18C6889FAEFC5E7B8F90CEFD62BC2C85B2478D54DD076635BE434FCADE68B3ECF1C8708E27863DBEC352D87BCC7A92A8E135700CDE65BC114026DE5DB68275E656D2C0D4087293D43BB4C9C14EA83C0D806783B40DD7CD4F19EE9F33801F55A3F1FD600017A6CD5DE607783D5F74E34680E7DAB98D99F6E5B5ABC7F7DF19D8
311
278322F6A97FDB2FADE1539BD945DDF868EE2B8B70D9EDAA45D1BB0A5801198CF1DA891540474745BF0317F8A3703E02510AE94B084221F887FE950272D62D4232781054A87C58D015CD45EBF9B70E60820A2056E9D4D619E8494BBFA68B61EBDD8CF52CCBA124BACD4A4077E8420A7F36FCDAF661E577B792A7E1B7E337C7
311
CF1FDEBB3B49F501F3C7366C1730E793F51FA20A9C3D2E9F18E63DC277449054CEADA36DA0807467D45F8A744E1BDED725A033868703F1392BBE221158220588F30574A0B0893D0515B0B7C404AD0E7F40C11D504C49BD7DA39A85A19CD7357DFC966E5D92272FF06D59CA5A6A1C8AE30E52F1247C1F1D78F81887F9F3E387
311
075B170F9F5EEE4A7F5BFC69DF02FD8795FCFFAB472E7C88D563DA514861B85BD41594A75F5E866BE69471110A9F75C8609C7E6BF6C7C727431EE3E9E3773D2378C25226E82C08104A57ED273FE0921D6990E02B006BD038263BA360355E8DC446A380F0BA35FA9945A80CF60DFD54054202F91897C241C147D59F8E0FC67C
311
D0F2BF377A3463F8BBBABCFBD6833C57E214AC3F5AE9C2FDE88852968F20337972C7E04EE5658223008AE82D93BC37D8DDD900BD6B16EF221F0D4149045D740A8A215D4FC186C658E01994B8CCD317465828704BB630DA2243B3B4ADD3EA554A97408454148C04A1A0CAAC2E04033C04073851F54380E0BF2DFFA43FAD3D6B
311
574F2E1E5EF6E5F4FEFBD1CA87C161FCBCF5C7AAE2F726F814027BAE10F79BC3D765D61D1803952210A9AA07F8C6BB2105B61145B324F96014EF223D4A9261080239F03FF6F4DD4975C183B887E081F7A467A25EAA0C94028FEB808637768B07400A8235D4EF33143253198900E079E3FACB0C59B00F827A5785A6FFE2FCF0
311
C0E6F1714F11CDE5140D931D707950631F3DE877F300002000494441540ADFB08704E252AADE1BD4E8DF55796A32B9B6F17737C67702E5C638682737286CB0E0A89B624D5BF28222432848C9AB8C07170C97B814FF492A61072407D638006F7C8400860444C01B1930A522788045633DFA9507267A3A42BA05925BAD705CDD
311
3792FA23C1075C6EE768A673919EB6C3FCFE7629B7310AA794CC9C0D14A1FB88F95C845BF22543F57996E0B26C9E4C2ADF187F979F8A55F11B47BC26594C52588518D25E6C2B1CCED231EA1B748F093E5726A21A54C91EF95789041030C20FD5AD68613432E19A4D0DA2505B6BD843516E10BB00AF9AC315EE9FDB39CC1F9E
311
A59CD88F9CD071D470C86C4647FDEDDBB1CDAB81DA94034747A779F4CED497CFF817348F69F52E55490840E48840BA72DB71F3E84F6DA2F4717AA928F153DA6E4C7E8E00363CEC9A2E1C8E65F298FC4A52F087FCDEE5CBA38A80CBE11FF7BC2AFF249203FFAB77A128A001B1987BD334AD9B901890A8C2005B6B248196AD09
311
C0025ED841325B31845032E327C531C839E66DBAB39566B631C2FF0A1DA5A3CC47E665AD8751B47CFE33899DF047C9F3C365E3B11278D49DF939298E09002F6430F9958803309827A7C791048CA070061B7E9A64C557D235F83EE24822E5EAB805F9862F20FC58F483DC0EF02181F572930205107E00E523861895A2811309
311
808F2B6C14B2AA579E893753C155D2F54302007E9FF36AC5FEDBCAD47E182D91A73920CFA5C18E01F8FFF4C3F1FF553BCAD0E58DEF85DD63B91BE38ECE1A9FFC4AD4A1FBA30D462C328C5A0340DFD393D3D3D3C0659195C96990F391EFF4175213BC74C020922D4830FE215E76940962BC0713A3B82784C0CB6623DC40D6E1
311
485BAD454F6892200B225096127FBD82D2B12006BAE2E329C771E25FEBC0DAB3B5395289D56D7A8A89081B34EE06F80F819EFE75C67DEEE95D227E283FE98A7B9F1C97D2D05B4D07A469153C3DA3048EA68FA667A6D90E291C7D7E2D063E4D044964D055F2DBF3E31BB851AE9F78A0A7314F0AD24901F581D74A6929142039
311
C65AF5830D1C809536CDC05E4BA51038F79D713DA930CF18BA3010E385351CF47F74D439BCBC793556A1F99814926AF12835E251C59BEA3C083EC2B2760FEBDF4304C9EB87B35769E1EB24B648542CFA4EBA9EF93CD42F03C08F249A2C98897D8E2225E90077823F4A52171A61219998CED6FA050992B6B0A74A2220ED1212
311
3004FB977084208F8E2AFC80F456CB110BCA647A3A0F854085D84FE0052BE31FFE7F925610BAFEC06FC33F9931BF063F39DB3D1BB20EE357F594045F4226131578582CB055A59A073AE0413989D215019B6EB8A21CF154D71164E0D8F4E730C2CD382D098DA5261456A425643686BC8301710F2C50665881399156AA2B4C31
311
91BC555728384800CE10040F746A3D8A80A5F0E500A93456FEC52833BBB45203DACCA37FE1D3EE4B9BF0EC27ED47D89B8266F11EA2DB8B5A8BB93EAEDF0C06B7AD0402B9EAC6E787365535AF19F15158308A9D9785C1BC1C01377F8C6B4D07B50DAD25649764A91DC9812C7B34CA98184084F7C01055466B48058CD44085AF
311
26648520C85C41C67805462D8425680425559F4440F3ABBE1F3F81B1EC72708767DDC8FFB6465796C8FE310FEABE0C9B242A74137EC3E0427091967023299BE5D6D4D0C6D15747DC2AEA4ECC57C72856E827D33CBD319D70FF854369EB841282F84B7CA4881447ACFCB257E252E00FBB3272120A75B9911984085848661563
311
6E0E0334031AAA8C08A62E080053A0AAA4158431EC727A084021D41CF5D630C94184F6FE7432E8F5F9A4FCDF3EA7CF136FC2988093F98ED622E38E4976E1BF0CF49D2889E6DF3566719FE1F9B47A2D3BF89C69155DCF24F88C609EE551160F0415900B4C48FB013D8900A9192A700748002924771A3686A0A580FE4009E00A
311
CC090253E280B90AC15048E047020483A038A60ED232831F2CC90498648690D960C48E439F18F4DDBEB0B6F5AC7B7B89F6230243B4FA160A7B9327F3AD5D937C8BFFE5FF8B3A5E64283BEF8EAB9F71159514CFED62DBC880614AA1F7994CCFAE7D8C87057F451733699B8DF87056E1F0654B5021E38097E4E23221B810DE20
311
559AD183A61C2C88A648DB096081E9801CA00BC1DA0124E08DAAC15FD2936905CA8DA1C40E42B13F1764E0C4015EAD7F8BFEC99A310B1B7C0BCC7746D3C0702759C89EAD57122092122D1F857067684A578F1DAB7EAC400841F493A468113282FFE42316CC74C756B1C880FE78795C692813CF4644480EE9B02991BCA257A7
311
1861F00666D9410288487618D120D0E80D7773E2B7DD180E100EC98B221C94BFC4FF531A09B986230F1CD08378A8E4D0FDD7D9B1BC75F5C12EAD7FF83F3ED19EB018620303C217A6A35D826E72ABF2D8E2BB1B783F6E48D2E3F360806E1D192085D022103473A10375B63853EC54F500B5B064DBC20945B88160DCF7E4F83A
311
0200BF6FAEAC88E9F54D22D898E43F378D20B51B5D6B1457000922202800DD401A9266483029C0D6D57ED80D42A0E6E08835F0F3AC73D7FAE6D56185F04FC44472B854EB7D9CBF7134DF3DDC35A9F6B38417DD6F508B37C1A718B0D054124176F7222F62DFB327F34D451799D56216880193254FF782D7DDE26C271BF38C6E
311
422E271CE4AB8823C9510F021126A7A944E00DB4031D013C88EA0746C96D4574069BD5439C4110403B40020C30B07A604F1E41D19C21A93FD9002DFC35F23B1E7B98E95E38387E3603FE7393680410D702FF9ED5A3C5E5CE68B5827D721FA78F3A9A0C08A79722D9C9B418F46C0057BB1640C70AA4A03D29CECF33987596D5
311
3CFB27B32C3BE304C540E14BF8464E080918268D254838C91A01F0FFB99154FD8A9C0495EAA6534A6C464440B4A71E16100E7405088122A35F7A511DC003D002E6C8E7E15F6D1D2FD09014139EC11FDC89394621F77B9F88EB5A583C41E2FEDBC8F82334494C0BFA97FF3C3A34ADE60385B60E5A30CF036E5E75370BE3B83A
311
E73B3B7DC0BB337DA0045299ED0C66681E4AE223D01B1BC3BD4C921E2005FEB5114739040758189BA8A320067B62A3995E4720055065AC2B4A8006BF8CFCC907C0063EACE41813C5F017065AD46CFDC6FF1BFEE052932CA3478C8E5A6F25DC8503D40F61FC1B047E4DFFE8E84407C81F1AC7B5C79DA358551CD0D13785A9AE
311
B38D6EB68A0A8087FC6543E7471082873CDCE5CBEA1EFC5CC0579469E225428E9A43D6A6000B4219DE52E8DF00A55F4BF5035960661C2DB88AC1F67C2890A93FC420193C8326409E7B595FBBBA9AE1D1511B3F6D65B09AC10A71C2317201A603E88C56CC68C91279E83F5C147787EFE6C675F00941D23EF092920330982DF3
311
8C65EDFCA89DA98E8ADDECCD77CB86D85118F3DD9884820B1128010D02F1060F582871CC8FF42024C02239273A1CC3BF71E770DFB7E96081682803188118B50310BD620234F230B12711B063E0F0490FCDA9248B580D3D3DE944A30CFCF2A1E0F6E59E8FBEA289CCCC943785BB8880ADA9C2FD70F6A13F5418444E3A669273
311
C006C4B4EEEC067827539FFBEA9CFF04D84E7F170480037005AAC8829084329899F90B5E013927F8E646514B4824B01D11F72C012CEACD163B6358A4454A4221D06E68A71062520649BF9E9127D0772D6E5EADED52FF216BC2FC513C7D3C5CC4C8AF009811826AE20203B076A2AA66D8D32E317DEE0EFC000FCE16D9E0BEB1
311
7C74AB009256C5D8AD1CBABBDA61402612C675FBD72D07E633B1A42F2421208CE01397560811204306617A5141706105C9F4984C459F2D0F6C392FA05BED808512B0B9A8A9FC6CED89640EA347D31F0DF76D3D9E61E800FE9F7601BE4C9614A1C58E6C839F13A12D0EB426DE6386B82369A9E6A7F1F9146EB578A2EF4289AA
311
109B4F6CEFEC0463E0072A05CC9DEDEDFE08407B173B8AA65399C80B2911252E6290C82CC1B8909140C11B7AE161B42B93905045D017E00CED6D27AAA15F2C2179F1E83D411A7020B9408D202381E7E5DEE5A9E7E5CDE3B186433F488AC81554BEC09BC579018ADD1DCB3D9D70F02B14BF9159A4DA376225FE43DA224FED32
311
7941705DA582B2FD1BB5DC0540667B650BECDD1D5DDFB0C7F36DEE2B94F6EE2EE4E426F20A1174C31DF153321A24114C4FFF25E505475F6906D4149B21F1BD9D9DF7B059F8E0FD83323CB97991FE80EE131A9003B81C491B218B1D42C0C0D593D9D548003839DC29A740298B0C23F0CE14BB167BD61989AEF0B985C8FAC8F9
311
23A73F31953989F0F6C96CA6C4D0A9A88184BEDBBBDA3BBADE77CD8E2FFEDEEF46184A86671D7DDC51417477BE9F04804F305AC82C2D018A21EA903866A0F959FBD4139916D036635EE03DDB7408BCF0627A03027AD314C09B0A27F0A79490D53839D0DAF1416995CAB24101FA63F75029D57A4CBBA9FB4D120ADB17FB5A99
311
9FC9420DFE04FA670430B90FE7F589F7FE8D50A4B5F004CE5F07EB4EA007F8AEAE8E8EF7DB3BE2F81F42166C7246FA9E62D02C8209BA1024414C483498B50229FD923F2414040B2081390AAC353B5283EADA12A30B1080866D746B9ABF5BC107F33C2A015B275480759334B83AB02175EFD0DEC785DFC505E0064F4EBA5A97
311
073A74C5C9FEC97BD25D819E28AEE661FD2732B8BBFB1BF13441B3C1F45E8AC1752BBF80C113DE960E0AC7D9D02C58C80505A19BA0E84B14402601A590A4AE00A825E98C3212342302EE10FC5100681F86834A2804BC409D70270A2091DCE874B16BE0706C974EB3D26EFEDFFCA6C4579AA4DB781708469F055532A7046C6B
311
EB0CF39F3ED2EC4FBCA3D00EA91CA68FD2B87B5C191E0EB2C300F00A1C9881F263571C6CFD83D079D09F176FAD839340CF030F70458F81F09AEE1329505150CA0A00576B56C06D58070B23086F685E44232D9D53DE3FC3731044F286D19F459351863F749F1104198D6E14BBC68E17CAE70D7AFD958E350BEBBC70C9C4DFBA
311
075240DA27D40AD7DB063A097DD3F041EDB3E4B682A7A12A548F3393DB01945547175879989302521EEB1431B08759B632B174E0F700E774FCA1BB83F95029ED1A084288C8893520E49415E00DA080AE8027C34206D35491D050A4C6B080F6A20889A2FF82379AB6234F6710C05F9080ADF002B9C9F9C583AB220F45D618D7
311
E7F7547FB27CED8A8B7A7D24EDA4988B0C1C2A1AFB53FDC61BF3DE50D63C560F0120B0372F0839DDDAF13E583B868717C1CB8CC71D1D7F440CC82184803144196EFD58BBE00B7EE77DE8C015942357FB06FC906A5E2B8882CCF9FFE184B0035A5CF186A962A63F84B3AAEE3D5A2C830008807568B6A9F424086D2095A3E262
311
DBF124350082C4B5DF4704A9D2C93553DE47BD6766B69349610716999FA25854F759CA9792599D3837ACF6247CE8597B0F960FA3EC45B61715050260C5844FCCFEC9666BC71F875B17E3BCB4CB151405D7D08F846B4CB952248B4603CC402B609E90F0044A007FA800EC46D07A51232B00E5683C55D5096E1374DA4FCBBDE2
311
C25A5B8D26008227CA7758033D7D70DF12CAF7F247939F93F1CC63047D63ADA0B7CC8771B234D8095FCDB577B586D1834062035670E204B245EC093FCBE15626C10D210CB38A13F50E10A0D5C0814B0C4B30AA9858516001669002229618F100767AA3D6D2528595FE7A398C2D2300ED0013A0AE60B91644A057327BD3C36B
311
EBF48C91279B45F8BD145494674AFB211A91977CB838DF35DCB3D6D6AA2FB2784B591ED785DFD7DB77747DAC9D2F7674810EFC2895F9ED8007EC7885101679C06F21E4B1C8A6120956F80518D1DAF1717BEBFB5803E20C6F2A11B2E48AFF4AD2810A70054623E341B3D1ACD92DA91150DE631EEB2C28882D092049C0DD38E2
311
62A7BD6F98549930C9D44B7C37028AEA9F8C5628A2BEF5704C0DCB2B428181B1BE766F43014498D2E57791E4C8DA6BD2ABF5003F0C40202E2E32EDFB02852D16C30B7F646B98FDF86C7891690043128B0A0DE6B4EA27F08C30CA34C9D0AA0852A5997F8D11A6EE84E040B20472020256F4AFEBBB74E6705A12083B24908921
311
8E6452C8E5A69717E904A3F5EF3D5D08EC1F4D4E85086B238CFFC11AB9AE972CB775616C6D1DE04DDF073B4DE3747C41FBAE6072901CAD0237100670C5A00C2C3CE063610ED824826C1F6650700E88C00B62468903A0D71D3A390255AD7040048348C56C4647413C2C2561216E0C469203EF06A5B101AD40D0E207F78B1247
311
47DB5B4BBB4E88B1C373C114E0470B345156EDDBCE1B4DBDF81DBC400746B0B54E05F693707B89A5E430982C2AC7D10DFF11D5B102B9505034B35D07E8E5F585757F088B390F2D4C85CF7218E8418BB4F25B885053D07D5A908326809F31D6CC6B77CC948413B28664484439D118DBAC27DB5AC40C1AD166F25E6A2F0AE821
311
00C0BF220405323E1FF80DFC518CACA8DE1003F3C9FAE9C7B2D60703A0004F8EAEAD2DE0F5485452D15B77B4B67F4C2403B8D8F9C533558ADE058A9E177A1698F75DC0EB4C800F74C0270178C8579C1FACD025F0560844502D2BBC01E620030CB93636C1041636A693949CD80139FD15BE107F905590A292840F8860706D07
311
E2970A2F15E5B13B87C3143CB2930374CC46A6F9B9D7A5CCCC14E11B9E879A49FBE27ADBD6DA82410FBB94FAA8487D61B51F4BE0A03FD08743C31020D6628ED20305A22C2C2FAFA7ED1E7881C438AA5B9035F20759E243C51F34D0D5F02F11403B9E204CC1686C0B6C9000470561519CBE1B0E4FBEAB37A39EE4B84C05F023
311
858779341991F36D9D9F351E7BB3B5ADF00148D9D05784F9AD8B037D48C01BFA83D4247F03BB768BEEF973A14E610090D4B96B1EEC5C5E66928F28EBEB6CF578B067DD83086081579848E60DFC7684044D8174993C39F886043481F6A2B743B18749E52447CD4D230513032D20D20206E536E15BCF7B7D211634F98FF99862
311
87F33F9A94615A5A0A7CACF8DF5DCC1AC6EF9AF1945EB78E0A2FED1DA2ACC00EF983F9A012260BD722EF61C9DBCDD8719703ECF839029010CA0B9F100B1D2842153E01A1A3837AB579516A31982FD2908A09100DAE591016CBCD4B011A2F4DE299E1338CE065DC4841BF9895D8C81714800CD08F5AD39601BC929B55D291F6
311
CDCEF2AB40DD5D98F4E6F107C47AEE4A09A079C05316F479DAF4C2BAB83221BCC0CE23FE3D3D4C7BC9AB673D89A3677D6020F6E182332028012FA0FBE0B2668FB85485902A8E7FA0BA2105C213E20BC2169211A4BABA7D693C3F1DA961F203694853137073AD5CD25F1C017DE0477626D7BA55B88F83B5EE513C41D814639F
311
D1BF759171F4577D3CAB0C3DFF68B2D3B1F8478C18F67BEBB2598FA76A4545E9E961BACF657E0791D2373030E0EC9FAEDD17BEA7703A738185D08236C407448A4CB504CBF01FF43859D3115488EA01B55078000DF085911805790DE1B41B6F8CB2889C3834FE02AFE07D85143C6C008438A944EA63E047023A7EF37E13B090
311
3AFEA7BBAB9579330FAFDAACD540022980B65A75FBA17D388F1E6576405CCE7032D95BDA420E7DC0EFA320879E5F8B3B04C1D2D9C1114210C19FCC49DC6A855E12010184DB8968109ED016E4683CD552A36B3AFA13BFC2114068935A7E774CD2C7225642B73325938052D8634ABC18DC9442BF9E0402E85B42F9F3273672DA
311
8E8F1070405D1DC3248487574CD98092B8B956E6AFE1566530B78FAE05B4A0DE51FBAF85DD075C7E11939F80E015A58D1F87E400CFFD2306C4D1D3C634380A201545A92BE01F445800BE12302AB477BD6F62600D211232EB061448A0D2B877BB940D63D059C37E0569A83DE93E214F4BD86209FF6F479C640AFF8AF6D1BFD9
311
87D029A94DB7C329B4184D4BB013BF912FB88FEEF913071A8D82B651BC10DB067A7EC52FE1B421883144C00F64FA23A11CF708BF16CA59F18D4C04B8085964B2D8DA4A855187000BE440BC816FFB13374640B0EB1D0998AF38A1AEF503F14302E2811081FC12EA6CD38A63B33035125F40F170C0B0AA45E9FCA38FC6D688D4
311
8563B5C4B4B7C359D3C7AE0EFB16ACD5E2FAA47EF8307044B4EBE1C71E84E742D81431FB06B90B600B9C239E277A57C94C427EE10E7826980C0136600D916A06058CBE8604DB4D314FBC014EDAACD0820F14BF75449B70339490FE5A0491221BF95F949DF1235380E969AABDBE2D32EB4403D3FDF17F42F9A0A7C28ED75BE8
311
6BDB7C7EC80C76F86B8800F77B305EB88F00A4352E0F8089EF811EA02A3DF08F7DA008F803BE4B4EF5F41E56087099E920708C3D720916444440FDFA013D4E1201414123A09290F5BD7AB729298209C4306D007BB0829FD4EC3A6D7E4F00B67DF38CA0764F832F0448E58439B952CB4F70DF964AFA74CCFDBABBDF273E2FF4
311
F56D3DBFF2A78D42FFF2755DF307066497F44062AADFC0CC546F6DCCFECECFA232E14F408F05477D311B683A35BC245FCF8A5CD2AF20022C21022266905A5BCC8B20235D6FF04019CC04058AC80023662E25F342063165956320BE50370F2A657BACC817DDA3DDD3EFE04028645780A768FE38DBA88BF2EF3ADADFC7FEACA9
311
52E5A77568ECF0C971DF32BF1D24F8486B22A649EC81B1B60315CBEFC026091CA45F858D7D04C1B437079431E63E38F880758842E780A9E03791C0FAAFE10012588C3C592FE35461A6047802BA18686887023A422A49599399893103942CF6DA53A8E387825FA0678B261F139F801E2B17C901D0F5217E07AC2401A87D0480
311
F753FBED44FE949C93A1D042B879FCE499B3D861AEB23F9C1F372F0C24D0B7D6E70FE1AAF60F84BAE642D82F0A9F53E22783915518494FDBC0AFAE7DA282E5050B703570E06319A015E00D693A6BEFFAE493941C3B08C13B96BD20D0115A9565701DC58568A3009DA13E965765C03091F0FF339F7309D44F6E61F837F1B1FF
311
920450EB8FC48F9B40158BE89C81A597CFB0DAF5F5755D3886DC13D4479599B583758CBF35663AA234F133F91D3BCCFCE0A794367F385C59B19431780F1C099131384056616E15A1563B50021D369C593FB292685A68A8B2A50A0A2085CF05434617E05FC24A6B077B990014421A68401AC4D65788EE25F737EB780D08A6E3
311
8F060F2ABD889E1B889C44852C2FF368C1E3E710D73B6589EA83F7417B341ADA1F639A23D15298F087AD0326410E116C3A1B325218433C71AE62C07C1480F1C045629724A076A4BB8D622D24690486727F56108D07046DAB065000678E04C4F8C342DE27F4AC102D854F2D08D59B4ED0E4F697B0FF62F113646BC5B7F3131D
311
4EA8BF8B265EA3F2026E7061B96F6DF3D993276B2180B8E57067587428579460551049049B074CF8B1066C7E14C705F0B39298C0997C17F701097023BAC31081390196801FB0C2A12380042927503D5A01CA127F9841B460310639C674BC8CDF1A320501448E0068905B07F6E5602F8C1F07786253438CEC51AE61FDB25FF7
311
1B09893AC026A9EAE3F30F369F5D5EAEA5801FBAD3C98B38C13EE017B054F81A56F05259DBDA64FE270B1FC4C77200FE276FE814B916E222575ED717A62A92956504605268408CFE13FD61F84252228376060206802B9550F00B9D47E6AF1022538A752CF4FFF1F5931384A9FF8700EDD4FFA2B93FCBFABB3EA6C607FF714B
311
0B8B04EBBE83B52B246092AB018C0D0002FC490849F1E214AE6FC42009D6D86616C835B65DB9862EFC4480C14137603C3089D0A5588FA27E693DD184131BA4E88C35045ACEF1CDE1A82323C20B842F2419604821196EE8185BC834AD44F8E9B7549A32900196E9ECBBE20FFB4706861AACADBBFD9B56A23FFD3AB8BFACC18B
311
1B5AC0ECD7B6AE2E2E9CCD2BE8AF1B1BC3A813B94107E82DE67A42E7CC7D4A6116700B5B2EE3C338A09B840F07C40A64800D7C605AC42B72227C4C7020AB1F20056E26F542717F56534261DE3766AC10A6ED2D006DD03BA9DBA507AE0510A8B385C92363B9154167F1230C40D76AF6F3BE0CA08F8BA2FFBBCEFB09D0986550
311
E0F0EAE2F2780CDF850CB0F88CFC2815FE87BD83909F474F45DD47F1C821DB2107A8817FD45384F57891B65F2543D0C1E20A89B4A8DF806862AC27C60F6A054627FD344250718AC0FA21CDC4E28DBF2650D1B39D8B8A420C348A4F846E2BE824BF8C45E1DB8EEB52F576F47A75FF95F90FCE0FD3A7A08D48D5B9AFBE3EA658
311
E1676FE3372FB57F0AD8D70ED4AEBA3D4C2BE0AAF1C3AD63A6004D12900CFC481A47430C9EACB390038642C8C41B13303166614210592736B8603AD4FAB17189DBB32F3915F0C380795A089A15228460BDE8E52203527D41B5470901B088D84FF8B3FE2BA7F4FD30ACAB3DE0B7E2FF95807AB0010FFDE3A048F7360F9F3FB9
311
380EE537F16F8673131325D3351A3F664022020811A0FE8C019CA17370725CBFF64132025DA1BE2555102212E80A907FB43ED80A991A8AAC183932C19AE17524B06590B6AD286EB99BAD18FF4BD64BAB519202F992A963648ED30E7521F909F090C0213E367A77D8836BEB6F34D92EDA624183070248351F1A079E5D3E7A9E
311
E81F2CE6678F92E299EE312B6C0572C0A7B5EEE07853612403813152C7125E2022A20C18F855DBAFA399817FC97FB6E1CDCA31D348434ACD0012F0D32A5456B4007E6E92D72B1A4E9971223A42C1042819E4049C0C5801300C0013FA48F8944FBAE71DAFC27F1826FA2304ECDF3F6C10FF47D5C7E49748DDD687DE8E91C093
311
94EE0682A4F84CFD6067EEDF43E67EA46CB2F4070160439245F00343D03BF25D7E2F26FC400A896DBF19FB8D4D0A66DA669C3D608F9CD048A0533621B25690EE19D5D15248E390F042B12C682511B02BFE3E5700E4C9A9B2107A8F45248FA48234FD23005ED1F4EFE80D1320836F04003BF42856D478D1DCA3ABEEE3C68F9F
311
30C3A16E5C238EA5DE3FF37DACC2F8B7980033F47FAC34421EF0418A045394802CE032D61C70023D788136788613887C0011A4EA316E005718AE191F8D0D841B9C679CD2FC478442D005429166F5A24403B1E6ACF3298F388B6D0BA933D92339D48969A5C11F09B4FF017A9900A4F887010C474717E10F36468032FF33F4AD
311
610517777104CD920C3CD15FC5F3B3A0C75BBCA3B00F2724863C10BCD4A0E00736C7981F2F72E4B001438B99714FCFAF713A2603BC710376A1715FC602022202E06FDEBBC680A3DF1C4C095A12C50B554FE7623B50374FB2129DDEA4C392C9188077658C87F55FF92FFA507FF03FC8DFD3F31BDAB46DD51AEB03F7E1B38B8B
311
87CFF47EA1479C3EBAD5C6B382C221C0F1B358B39D76D9D3142C4A20935F541E492E0EF081BA41B3620A8E172B584EA1485632E22A8221CEDAC6110AFA4B6D43E2B76A18AB240BB24337721C9321D2C033B2D3E2641A55A400A28403C12D1DADE39AD23FC5FC08C47A64DC3FF6DFF76B5235124022D7E6D6D5F3CB870F9F31
311
C96FE477FAFE54100068A3A87FA5908A2C08011CF31309C10025B089FEF9C510522B8DC07C30AA469841723A10C08E27F00F7FBC181C083F2809EC3B2B328E294AEAD5A071B3A95C81D2DE3F930372D022C9C793535B92FDAD5426E90490C3C81D000017C6494441544698C416520C1C40C71FC204B22448FD9303782FBA67
311
089A1A7D4CE38E89050FEF5F1E078A4DCCFADA058032C34C1CBC2E1202B1F8962B1A8024F0EB7A11F209E96FB369D4B64202FE7BA230AD24C46413536EAE955B341B726C593B5D4630C0BE822480908522B0D85430230352618DCD4F7BA6D568BF4343801480006658EA3EDCBFFA9702B4FDE9022163C43F9B72B58001A23F
311
CE6F0B3FF0E4E1DDFB9801A6FC42FD0132CC1F2224F89933107AD30B6C9131A53818AE944BE25A70810821C38F098411980E46D108F483DC63F49B91B852351604091D60546702F58A3872A1716411B642C7629C267E64E77719F46B0548FD6BFFFC86A38DBFADFCDF700228C124C8664FAA02BFB1F92B09800876FCE4F2D1
311
C3FB4FD0A44E0106A8DB8079751CBF0BD9340066C3D52BC64706467C05B5A54401BE4A1B0132A55EAC1CCCB10D378A3DFEB9812022327745EF2102886A9142C812A1A2C9708027BB55B7006357459F9C2080E0BC34489FC629510F3017B62D5073E2A2C64048A0A42580E413BA9E08274091A398EA80B5BF31C87BF5ECF8F1
311
C5DDFB4F22AAC181F070AAFDDAE5650C4000516440D8806786D874215149E69ABEC43FF0EFC820FEA112B0522003C84BE03FB76623513B6D840820358B084119B0CEC8C00AE888826339A54091F5FCA513AFE147975BB1A86FC50618D9D74502F0C7C8815AA306602FEE3A5E79E0D7DED1B221001118B73182CD439A092FF8
311
01105D1AA14E1918EC282F6260869D55108065988BD67F68E5581720A708051F7C8070F582389C682BE53F2AFD85853F2A013D21564028E06E79B7A71E43212180A81541EBC88F451E02385100491AB0C4A3BC5309A95911E66D04C0B448366988ECD204C2FC930F8CEE8FA410EE4C25B58DD1B6EBAD83F6196670F7DE6352
311
82C0A56A851AB035831725F0471A10FE52097089C80495804100318405F0DFC2136004B4C40705EC9154315129205EC357930035688F61AC02188250CFA9A980233925F16A117A48CA54DAB6400221976B75D863330942E20EE3B00B08FBB71AA813B0E502FD2B023DF70114E0D7DF2E2EEEDE7B789504200112075478F2FB
311
D6897835C91F0C20782401E801A2F9142700B74805703426023A81CC0BE88B537D0003E0C5181D29EB8D83050964DD2580910A1E7A8138F76253DC01DC2F3824391AD748276C0B0CDF12366625D038603D0003E0266CB42704C8CE7FA7F11B4D59C0BF454A78F8FCF1E50513715D469607031272358F04E0003C90107223A5
311
81218F10008B10247CD20D860FF0BF48801040B361808148714764028EAC137E871501EFDD97C89B52107FF1235B0928C562530082573CE137840EFEF82A0BDC602736C595912FBEC69E6A3A26903B3A300C5A098A9E3F1810CDFFBA019D97B4E7A7A075850F2E92569BD960CA7B8304995FD006FC4213BB1448A6F4BFBB3A
311
9F9FC4962D0A1369129B10073771FEDA38B1737B663A71C088D8848027FC3008DAC4E4397A6F76271DFFFCF77D6BD7F1F67DA51E0E08875A6BAFBD6BD7AE52CC04A0B4A2206F650EC412841A48258258E8662C3838FBE21E25172C2A15A4F78D82DCF68A005DCF07047C183E1CE47731BBCCB5469D9169E0D588945BEB637E
311
87802A03D88FB82486210D28FB3B858D13DC7CE75F5E6F3B03C1744D30CC58C7C7A256146853A05243060B850072A7010CA47CFBF9A1E24F414037B8781E8E9F219A774B36481CB43E48A79819D638C8760D672FAC19FB9D3FC5EA9158DBD0159C27860409682E8FF2595652FE189D2CC2D7C023E944158355806FC320087C
311
C74116030CC376C559C098B93A041C5DDA48AF33827D2327DC761D19C17CC62780D82A170E6CE7415A5E7FE825E053048F88D2AC2A561CA4D4C60098DA28EF1A01382772484698F60C8DD24BF396EA76260542810A625978C03580A9CAB91D10249BE579B0377A3DD15749A45F24C4D81FF3D7D7996F6A1690288008C0FF6C
311
C186DA9D5FC95BB09B1301004B016E707FDFED306A1BE8FA208828F00BF342186839839F1F6FA338DC5A0200FF383DE92614C03A4508DA18F4D85F9354F7E867AA77A42FF49BBE6757A1A7454448D0BFC3C220714FE43A3D8F1547BE10F0BC5A05985AC3C28829A06FE24CD062700601F4AF12AF99099B08E7071DC4626A97
311
C920C3FF96E190C9D1FD7CB6163E800D79E5F3F10A9306C02B799E80F1AB380E0571A584C0370A220C3125000B500900D96FEA40409F980E2083E4EDF4D8D2480AE5667222E020BCDAD4EF19682120818FE18EC7FD6AAD67C03F7DF1955E697456F517AC4F24700C30171C67E9168B109A4F60AFA60F98BE30941BF776DBC7
311
C70792A2FBE98AAA97224F8BEA39B47BFD14A8CD03320DA2B676E3AA397E652E30A42CE2987B7DA1EF7F75242413800A04C0270C62A13372400B435ACD84B8B5009208F5AC73EB149FFF3508E21C2201E0338BE07E50EB47E7FF6D97724A601028C5519073E7978EC88834410450E074DD58AD13A4900103A6444A9CB99103
311
229F0EF8C0C78161EBC68137240734CDCFC349807851E0EB46CE864D2E405ED341B71A390CF2DE20CF5193189E1901E866D0230409684B193D17E2928534D04240937D3C84477494FC5E0FE0B448E35AFC19007926C1C6A6E622FDB8A12E30993C6710E070397C4B26304C0AE38218D19F01FFB15BAE1C0E7E74DF75F2406E
311
373C414E848FF8E500EFAF3C1029C9C0ADAB2313A7426CA9B2C1B9E30032C84EF31A09A88A386F136E8C2F1D582EA0459207015F10F1F001F0B1B7DF7222011EA2001F00BFD36BAEE0850928B08C077030FE3806C880EAA74BCE0863A952812E6008B3A89199C1EE918AF96AF583F1A073B0A355B9D861AF1460DCFB3BFC6B
311
7EFDC834B09700CBED3510E48DC7129041C991F06BA5006CA6B5B34EE21501374E8DFC910042036111EC9C7CFA1C05D48A7270F7F835BF04A4194DA4CF76CEC66718C84CD020D04C412AC848F03E3C61A1C8D50D0EA6838A00376054D3DF61A0E393E1F8B058A6C994093476D601A4A06F0CFD3C0A6BFA910E75CC10400A80
311
FDA93AC9B5EA4303F6C0D188B559086091CC5910137772E14F2376D03181B5CFE74C0EA38440D0AC256D6C4D104CE05302FCC00B60B9CD4D71E08BD40C144A025E60D4C1F45FE846A2105D717EEA84808A5DD90A168E133640311CF05DD870768683F5D2F1800F485AEBE5CABD8FFA3C0BEB33702493AEB551B1EB035EF5C8
311
E5757FA7832141F88E8578A363802B560007AF93D7D470B478C4D00B412D634C9140C4F9275C00DCE8DFE3C7F8C0AFBC5B2CE82E3C3BDF393D4375D50C43CD1C17E3777CD2C170725B7B42B41DF15BFC344DAD089C1E9118522B4A2C60B794E4E8F33081BB7C8CFCEEA0B2015E49D586429C6C78646180B7710E06018A3082
311
243C275F077FBE412C17DE80D3E6B9462C5204C5D980D1DF84A864401C483CD01B143F4A4868087A0F780F37230200A4FBF6AED325114C367C22512750A5C7C3E32D545CE20A0904183BA10015DCAD89864B3E1EE97EBAE8B204266A48E010511838E2FE413FB116E60880C2D8440AC3880DDA6DF6618C138CF1CB2A09637E
311
18D00F80CB0DC05322E31EADB8081C29410903F06BFCDF5AB46024E4A75828056440503C707856EF0C037623DD4922A400E8A6BD75E4D2800905F18450A00CEE88860C8964C7B3F90F56528BA18F71CFBBBCD2D05797E168FC37DB26DBE0DD2EAEF39686C18440820013C1444055402A541400DD362A0A402F1FE51246404E
311
098249FEE30708C10CA0B54601053159480C00BAA9B1223A773234FE72FD5C3BD81804D8D196FE3D5315A0C981D88D04FA01DFC185CA93F9120E1F480B08063364A0A318F08DF95056E4C91F1150D31B011200383502E079EE43CC18603AE2F88FD139C802A739F208E88D06DC78267C448C27C4113C19B0F51B0E9C1C021C
311
F8F9167C6B1F2E10E461002910105D1042792D1CA303F469714C018C23D72179E165049C40E801CB96CF334562E5807291D1E0C70FE6CAD91656715F0E5C5E70F8D7F83290549B1BAA6F781D25180EBCA93EC84E72A74081CE3020789B3790E1A9E478E658C099BECFF01E530E80EC5FE31204ACFF70AF8177A03059240CD0
311
74978A002A878BF883FEEC81DD684E406CA630ACFDE87292822A11953710F000885D6F68A67ED40CD772B0828359B753F7CE23D9479AB9845771B389D6A77130F8C134EFC83947392029B10E4425440A84AF0E54825228FC1634D369874739C837A9DDC83C20D320C36042610ECDFA750303710224D01202488012CA847424
311
F8D53F78AB6BECE9B3B35A7F32396AC6B7444566327DBB4DF06FD9616744F4D3A397EB3B0A3FBA8D763702883ED742FE5CD24146D8E353ACCF811C806AE09914D8446E93840FF4D6C963FF32BFB6AB015D1D3B0C9A0968776F021F21404B6260CF84A14F35180CE20B5E85BDA2EC91FD5A7DBA7E5705F4F0F97AF26CE18E3B
311
A078138202400A62930FA6CC7882F911A92F33E547E64990B0F27323D73B6222863F86425153FA8009361C675554C25382CE148420C8DCC47A20122806CA178A0918C14CBD33440289078A00EC6070184CA9907FD0A1270478E0B325B67C2193694EDB7DD0F3C238447C8A11485562FB4902134E6AC952FD5320A4F7C78088
311
2DA9684285CD81D278C0E8FF8DEC9F45D22DC3C2CA99C2728110888799575B6834BF22B0F01EDE72D7F21B672C40F0A972999E2200B7C91403F9BB3D09C01990819238CBAE5E7510D7D57450507E3DB04AAA0A3C280064E0775380C8C16EEA4834346A04BF0CE847B4B3AF760D06D24BBB267C32E2C9257DE5EB748AD101AF
311
1FD33265E2B674EED8C01A0AC901392211011AC810560F77778E85B13BAFE3E25C95B70919A4862C15928BD8989664AD8638101D009A80F00BDC41AF27602A4BDA0C077E550048E7F1011410F01405045E1C140B4D0E70E0F6E034171C3D6FD12004FCC1FA304312518910356628A4A326EC9ADF5DFFD1B2C0399503F14B4F
311
8E3E0E4E39A06ABCB56A8014687E86E462BDDE5124615ECDB412B7314F62E6E0C76ADEC0F717B360E741960104CF1706CFA18E0605004B01AE007869B095ED92144A807841EFF2811C047889A04901C809062057192688C92346F97F279449F89B113500BAD282D1DA80A55C27EFFE02C8D4F395003F285B617BBF0831F49B
311
055342DDDD414378E8888E92C16789F269A27C9A221FAA4A0DFDDB9F935B2ECC04DC51481558A69301E0460B02665AC4DD30C03D480866C3409400051811876014C0F294C542821AB045011A3E3F09001FF304E3A0BED05CC11A811B865001769507FC01ADC611F400CF68C7B093606E30F3C7E0F00C1D10C31951C1E2D725
311
2181DA00345842A19130715C736EC9ECE686A712FDB31E4D3E50AB336E5666D7B212C0113C4A4406029709B43D0228F3FBAF49921B19CA0C82A2D5BC4A2079809240F37D3E10F9637607C3983F0458508A98B8B4EFC92AC13530180CF55359500080061DF59B98BB3FEACEE881DC8127F182A885A86FB12B43C590A4380504
311
E32305E3148BBEEB2D2782029765428092545BA5C2C681FC5F8E869C0EE1034A822FF09A12C94084505AA868080303473F8161F7AA0A6610745E280BE4427FB770106F8800EADABA19F453210435BDB2348471B13B65F2FCB554827632C4C44467333E4127095D22092ED492009930413251B5408345065065E415266E2027
311
9A40B3F520370BE2050C8360E6BB4601C1673B9BFE007EF5200B6483CD195400A783E6DEA0653515B0FCE8E86D1618FC1EFC15C2E727F24F2A2DAB57326D8D0877D4E298894E7A0C3C7D9CE8A0E2D17AA2020FA1097D6372F2A9F955060FDD467AD0426368C24A8340FD0D6687A76316DEF5179ED9042005A2BF02A5DD810A
311
4DEFA4A8F700EFC50FF4FB8C06410F0303C106ADF8852ACC6A2CA9046E9ED070739339857222CC009E206479886EA26227BF7A341A15C351A8404A6C10080A2140FA4B4E8D9B9A11645899332363FD69887F436A660566964250FD752E787B64BCF8E6C8190DF8EA0C854C062D8A5A1346F810414313E606ECA0AC3A01D692
311
8544029D5F42E202C0CB386F880F7842A31287061F32F3CBE09F2950783394F2F2B23D85386C6F51943E99DD10C8A0000BA9569A14805693274BD0E4F4DC3F28E331EEA91C4F33ABE057889BFB92819187840A08E57A276A8BFCB75B0342668C70C565C8059996D209C2800941A21FB82B2F520BC2E6FE6F1A8827043DE170
311
00DACC8193E78BBB8DF1467978C06F6AFE986123E3A95272CAC122046F4C65C4B88FED2F1CD1D918F7CDBF8903BF1A90057D42F4DC133AF804ACBB58446A0DB78806FC053FA1E45D0AF1112613CC0DD976C5E70AD3282F42725C0D02AC8588DE451B1C01ABF063E7748A3882F0DD484BB78D037F9812240EB88B6034C0AD53
311
E5116D4C6D920C6A89F084E6D0598AD7EB6930CC7B293E27A666E5CDFE9A3FA52FEB3C97976FDAAE9A60008FCA6B33099CF9880D35D419FC687D424378E3099441E110C5B3C6DC311E6653514A67A530D863326C4D8430E0C28024803B5B069B0E60C10EDB6DF087034171DF01F1F3404B27B1056D8C0E56E7CA6056E77981
311
47BE4C2F01CED5987E413AC6A724876DE3F599E0601CE7B9CEF3BEB3671E12DCE8AF9631B8031D3F360B6955DC2342B2A0E4632A00264C0DA002220CFEC3E10D9BADC8904D88DC51928593AA16C91DF6FFF82B3234404C7214D0F8608E0052283EFB2B0563F1D072936C4017706010BCF1B16CDE0C1FA9C777E44E1F5259B0
311
C9BBC8794A82A6C182A3AF56B16921405351FDDC91B5BAAA617860E8D76C97C377FE701A4EB4378FA97C2C8E3CC8950886C6FD93AF70A1F5F676B7ED16CBC56AF5D09110EEB8607CC08A795882358280DDB98AFFE7087C6EB593D62F041CDB4018935238E73F1098100D0C8769818F777057F64C703C6530E142FDF5C837AE
311
1CF66C94C4887D3A3726AB990DEA248F73B5D32C8E04F6714B1E67C53FC52040252E605B322407CBF8C7F05453462A295ABF4D95592DDD76AC23512E9A2DF964715C80DD752CA8E263AC36F02C3C28A133EB22AC8D099BDEFDE28C3E8FFEE3815D5D00C17C00511058354D62443C1A546280E43572A9C661A34FA5891F8E75
311
70608C8DF21DF51DF9D2A84D4501F41B8CD4F4C9DEB2F901E810C0E4CEB6EC08DFB06341C864CF8D0EEE779A606545E1E64AAF30A4324C20FDD3BD558BD966BA994FA915CD162B1978642AD01694E533EC190368A68234657085B5F88E27A0805E04B8BB6A00A51646EE3C10A50FF007FF410F1963CA69BE2002F0F902E701
311
AEC995FD41F83A3F0C3809A3288A083003A6CC2A20E6D703EE48E3777AC07ADD51EB6101603A9FCF17B3D5928F6D742EE7E4CF38AE2B03C5FB39C81D7B2978FAFE85AF3D2710B0582C970F0FEB0E4D1103B8BE2B4D560CA10002FC8F334C891C07B44FE06B2E3ACE5E1E2D1FC32203110ABF9CA0E8381F68EC3C06701328E5
311
A38278A5FCD944CEA5283DA933DF2A2448BD23F1C5D8BE04CC2DC3B43B3EEC29F8B5FF926D11D3E97EBF7FA1BD1E5E5F5FE6D3D972F548547783146ECD84873F377C5820F7F9FCE5E07378D6CBCB7E036DF7F7104079A05B77C6942D1BA95D47424BFC3DB6411009A42E207871B7EE9B06614BBD20F22F7523FB985F3F7068
311
E37600273A3ED0C1CCC380F6EC4AF01CC1CF95E4848B7BF950AD14C44F10460221E02D21D01DAE800F323704C00035DFE97CB37F797D3D1C0E4FBF35EE1E5E9E0E879FBF3DF6F474780A01FB3DAF01FE0C0798218007C2090A3008BA7682A338F4A8804A06CBFE6A80CEC766F49853F15B2F45FCEA3F8250012841315016E7
311
5E797EFEEC4ACA6C79F515CF1738F7C36E2406071051043817C9E8C5888D49D0332E800062FF54FA562BF7446CC0BFDFBF8603D1FEFCC9F7FFB5A7F000430755C2D3F72F2D02A022820897ABDD44594475BDCCA4A10AF34C06B08B4AB58BBFAE30999DC66C7CE903A83CF8EB006EEEAA063430F84B05F0ECF644825F5E9507
311
3870E72A0771AB89B080022A0C5A9FAF34C89286257FB7BEA000EC65B59750C68E0815B0D9834B15606328F80709DE09018AC2A7817F83F96DB3D562C10A0A31300230CD4200B87F85808BAF64D04600254047F9C14DE93464009E7F5AABB4FDD6D55142A2C0BF1541FCE19C20C899BF4F76AB54B84CB97F88F48ECC029FD2
311
53F0C70DF4816B9AC94BCBD653B1A283C4001A0337955E4AFED3FB790B6B1F5EA0B5514074103A38D84280EE0F5F9BE974EAB2D16AB1EA969684B6E4166CA28264B300474C7308D20013B204A65F82970718D05678B3315D442E1C0A327E2F56556040C005D2FAB1326A68A07507C9E46A3648555A7080F5F50219A00E6222
311
E3E0862CE95B5680930530742F1D041805E69B788161F015944D041182B861A2C17F3AF01CF5BFDF6C343F9171F5B004BF59C016719164B888EA206A02AD05E8464D06B48E4381A0E9345FD171625AC22198F57C003BEA5510F81FF78D31C9B033D0030000000049454E44AE426082504B0304140006080800C446625C97E7
311
A1FDC2930000B89300007800000037374436443631332D323743392D344639302D383439422D3338374538303337373445322F5265736F75726365732F31323131323844452D354538392D343043432D423033342D4130394442464541414432325F506F7374323031352F7468756D626E61696C2F302F745F507269736D2D
311
3136395F706E6700AE80517F89504E470D0A1A0A0000000D49484452000001000000010008030000006BAC58540000000467414D410000B18F0BFC6105000000017352474200AECE1CE900000210504C5445818181C5C5C5CBCBCBCDCDCDC9C9C9CDCDCBC9C9C7C7C7C7CBCBC9C7C7C5C5C5C3CFCFCD838383E9E9E9E7E7E7
311
D1D1CF9797979B9B9BE5E5E5C3C3C3EDEDED8F8F8F939393D3D3D1EBEBEB9F9F9FE1E1E1E3E3E3EFEFEFA1A1A19999999999979595958B8B8B8585859D9D9BD1D1D19B9B99CFCFCF9F9F9DA5A5A5ABABA9C5C7C59797958989899D9D9D919191959593A3A3A1A7A7A7878787A7A7A5A9A9A78D8D8DD7D7D5A1A19FC3C3C1D9
311
D9D7D3D3D3E5E5E3A3A3A3EBEBE9A5A5A3C9CBC9D3D5D3C7C9C7CBCDCBDFDFDFC1C1C1DDDDDDBFBFBDADADADBDBDBBDBDBDB939391D7D7D7DFDFDDADADABD9D9D9DDDDDBDBDBD9D5D7D591918FCBCBC7F1F1F1C5C5C1C3C5C3CDCDC9CDCFCDA9A9A9B1B1AF8D8D8BC1C1BFC3C3BFD5D5D3AFAFAFC7C7C3C1C1BDB9B9B3BBBB
311
B9BDBDB7B9B9B7B3B3B1D1D1CDB5B5B1B1B1ADB5B5AFB3B3ADADADA9B5B5B5F1F3F1B7B7B5C1C1B9CBCDC7BFBFB7CFD1CFAFAFA9C7C7C1ADADA5CFCFCB7E7E7CAFAFA75A5A46C5C7BDC9C9C3A9ABA5838381C3C3BBB9B9B1B5B5ADD9D9D5626250B7B7AD70705CB3B3ABDFDFDB6A6A56545444BBBBB3BDBDB3787876ABABA1
311
A5A59D4C4C3CD3D3CF7E7E6A78786276786CA7A99FCDCDC570706CA5A7A1878774979789A1A1976666608F8F839D9D93A5A5996E6E64CFCFC9818174D1D1CBF3F3F3CBCBC38D8D7A9B9B8FA3A39D5A5A5046463493938387877C6A6A6093938D3C3C2EF5F5F5C0DCD75300002000494441547801ECBD8B7793E795EF6FDD6F
311
B6456D8C8C4408765425388E93885AB5A410DB15D2B2902D24026E03B2F04DFC306731E4F44718C89469CE2F09BFA403A44938B990DB64B5B93549FFC6F3F9EEE715904C9269A773CE99596B1EB02EAF5EBDEFB3F7FEEEEB73D1C0C07FB5FFE2C0BF3B0706FFDDAFF85F17FC2F0EFC1707FE9371E0FBCD808E5EE161F00A4D
311
145D19BC3270E5CA208F03F61987BEFF9B3AF93F671B74D40E5EB9F1C9279FDCF8E093F7DFFFF8EB8FBFFEFAE38FDF7AEB2DFDBDA1A78F5FFDF8E3AFDFFE9887F7DFBFF1F65B37AE7C7563E0CAA4B1E83F27D5FD5E7F35FDD5575F7DF0C1BBEFBDF1C99BAF7CFDEA0B2FBDFAD20BAFBDF0FA6B2FBCF0C24B2FF1A767FD7F49
311
47F4F7C26BAFBDF0EA4BAFBC02673EF9D3271F7CF0C9275FE5F3FFC9380184C137747FF6E1471FDEB9F3DE9D773F7DF7DD5745F96B1EA1AF89701EF8A7FF7AE1DA6BAFBDCE49FAF7024C78F38D4F3E7DEFBD3B1FDDFAF0BDF7BEF9E4CA3F7A5AD367EE7FCCE72B832018E2EFDCB9FAE1D50FDF7BF78D37DF7C837FFA6F0DBA
311
5E79E555FD7BF555F7D2BDE7EDAB2FBDC4E137DF7CE5CD375F7DE39537F4D557DE7CE5A557DFF8D39F3E8495B73EFAEC9BB76EA01DB217FF111B4AFED6DB6FBDFBC17B9FFDE94F9F7EFAA7375E318210E3A7BC7BF7DD77A1E88D4F3EE105ED03B53FBDF7D97BC8F633FEF3F24F1CE0CC773F7DE3D34FDEF8F40DDABB7F42FE
311
9FBEFBA678F5EA2B6FF2F683F7EE7CFA1E76E3FD1B37FE633101D0DF78FBFDD7BEF8E093AF3E79F78D575F79FD85BE8821E38D773FA0E7EF7DF8D9CD8F3EBA7DFBE6E5AB372F9DBFBE73FDBF9D3B777EF3DCE676EFDCF6E6E6B917CFBD78FEDCF54BD72F5DE584DB973FBAFDD99DCF600B2C79E30D10F12630011FAFBFF0EA
311
2BBADE5B1F7FFDC54B6FDFF8B7F88BFF0D2E6670E0CA8DAF5F7AFDCF5F7EFCD64B5F7EF9E5EBAFA3D56FBEF9F15BC8FDBDCF3EFAE8D6CDDB37A1ECFAE6E6CB9BDB4BDBB55A6DA3D389C7E7E2FD76728D57110EACCD9DEC6C6C6CD46A4B4BDBBFDBDC7CF1FAF5EB572FDFBC294E7CFAC1BB9FBCF116FAF0D2EBAFBFFEE5EBAF
311
7DF1F10BAFFFF9F5973EBEF17F5D150607D1F92F5EFFF2CF7FFEF2CBD7BEC4807DF1EAD76F7DF2C19F3EFBF0D6CD9B57AF5EBD7EFD3C52AED53A1D91199F9A8AD116C3915824B2B8B818B6168C45C2F3D1489863C1582C1C5B5C8CC54EC6E36B1B9DDAC6F6C597AF5F073437AFDEFAF0C3CFF00938CC2F309570E1CF5FFEF9
311
CBD7C10151C4F7B2E1FB8F7EEFA9FFE6839393936FBDFFC29F5F47EE18F597DE7FFBED4FBEFAECCEEDCBB72F43F9F5F348BCB6B186AC212D120EF3100C87FDC160D04F8B46437AA225A2F7374E09F2170E2F46E055243EB556AB819CCDF3C0E8F2ED9BB7DFFBEA83AFDE7EFFE3577123E2FB9FBFF8F8AD7F73FFFFCA2F7E97
311
A583F92B37BE90F45F87F8AFA1FD9B0F6F5FBE0CE53BE75FECD5D6D6D6E253501E8B2C0623C12034FA436A01480EF81346BA3D84C4081DF5EB04FDC11B7B8C868351B1020EC6D6D636962EF6A416372FDFFCF0836F3EB941D8F48590F0FA6BEFDF989C54E7BEDBC1BF92BEBFF2F4C189D9C1F7BF780D857CFFADB7AE5CF906
311
C15F42EEFF6D6B736963CE80BEB81831B202501370D4FB03015EE5ECB0A8E60D08D0B35E890B229D639C6700090827F33001F8C4A416B5ED17CF631A2E5FFBF0F16FAE5CB9F1F117A8C36B5F7C3D3931FD7F96FC81E9FD3FC943FF6B5FDCF8C7C1C71FBC75EDEAA5F3E7CEF5B66B9DB9A938700FF769113910C6FF5CCE0F1F
311
72A24E64C30923D81EF954C7F43A1482217C2B21942493E2877DC51F9C070E3021BE565BDA3CBFB373F5F2AD3B8F3F7EFA2B4C101C187868D7F45F29C2BFE5F4C9B1BD7B07DFFEE28B8FAF3C78E0A187772E5D3FB789A95B8BC7203D284A44028F8674518544BDA68F74022DE44F1879097FDF1EC0151DD6038F05F742EF75
311
5C0D4D322E9CDCA86D6EEE9CDFB974F09DCF775D799F9E0C3CF6D8D8FF29100C4EEC7F7AFFF48DAFDF9F7CF8C9833B3B108FB18BC71665DCACA7BF702F42F310129040E184C8B84BBA5EDE7B13889A52048181BB00E7DE6724F445070EBB7A28340F1B308F58050289F3E72F5D7B70E0FDB76FE47F726857DE5890FF51D9FE
311
ED5C9ADCF3C4DE03135706DE7EF4E0CEF94DA8DF589B0A0AF3D60CDFFD377A8625089F3FA3D21DD0716380D8725F33EBE7206047C5CEE8BCA71EE63CDC17CC7104091E6A4B3D7AB079F071DCE1F481A79E3EFAB793F7A3DCE3C3C189279E7D688CB8F7CA379BBDED6D27FAA8BA6B420DF0929E86ECC85D227891BC27555905
311
81DDD0E21E39DF6C82042F5DF1DB6582EE2AA1A82E179227F17C892E2C6F11C52874F091BDCDD3032409B38F9D797AF65F23E06FFC7CF0C0CAD9C7A6AFDC78FBED2B4F18F577452FAA4D970DDC387B931812149DA6DCBC48385BEF484F248C7A0F057C24B2EC41BC0CA11101EF2201332C518B20A2CEC888CB3A39188E112A
311
F41EBEF2F68D1B83D34F5C38F3E0FF4E100C4E3F7261F3E06902FFF7DF7F7BA2170BE3DC91DD3D71ABFBA28A9EFFE21751E4E971C1C9D5D1CD87B0C1883742A1C3FB80EF0A02F7F45F6CE01A21AE620E3168EF39C4C17EFCC4CB60AC779A2EA1068FEF9CBBF0F4C4DF28E41FFEFAE0D15317CFED5C3EFDF6DBEFBF3DFBD0F4
311
812D13FF5D1AE5CC688E1E5111944373D2D7074E66DF3A60271BC374AA895FE745531CFB855E39D6E862F62A6A820F06783285705165A43736B17F1AA1DCF8106FDC3BB5E78749F8F6277F2558261F3ADB93FFBD73E5FD1B0FF46ABD43C79FED84D14ADA7D3AAF773A644FEA35D8166DA230EA49172DF7D43B6847EF91AEEF
311
99BE705C2FF51D4F9BDC554D53B8AC38C1A3EC406765F6E7BDCEC527AEDC384D34B673AE77F6A77F2565DF66CB0FBDCB3F71A1776EE7EAD5DBB73EFFF9A91E19DD68EF89C7CED462F721C0EBB509CB490CABE05E784C9149305C405D2881D517C55EEBBFB12F784082D0FEE1FE697A36C3225404834B8FEC79F622F151A776
311
F1E03592E94B97CE6F5EFCB9E3C0BF271F06679FBDA88C8428F4F2E656676E54518FEFC8CA53CF5E98B3901729DFEBB970EEDED17FBDE091A847CF26398F188F368EFD0A2BEF0E721DC50DCE10D81B1DC715BA93B1B4F7CE0BCE5D38B4F75427165D245D88C76BBDF397AE5EBE8A73BEF8E40F1982BF9A27930E1083BBCEF4
311
CE9DBF74FDEAD59D734B9DCEA82F4E70AE187D74E9CC932BBD93113900BAE8FE591745823B987481BD811BBE186D1EED8E188F29584D7D9FC6D5BC0BDA097CBF7F7EDFD3F883B1CE859D6B6796E2A45AEA080C989BEBF408927776FE2A43F05DC47F2F8B261FBBD8DBDCD9B984862D11EFC77D4A5A95E3F21CF31DC1345CE8
311
C42396F099EC257E0FFC022A0DAA457AC2A23E8F4C23CE28F6D0E23DB9E37CC3A84E2846B026C31130F487E3B50B07572ED4C83B6405ACC5E23EDF5C87C8081EC081B33FF95E4ABE4BEE5FF63EFF444FF413F5F6A86D747CAB246778659A6E1D2157EB74365FDCDC548F82582EA3963E63C3E87C9F130ECF210FEBD1906889
311
FE82D374FAB76837EF29AC13037189A8A7F2E202F15F67AB77F0FCD65CC787ECD585683468D9A2B460F4486DABB7794E9959EF891F8F89FF32D2EDACFC53D00FF134E847FB45BF30108C2CD2239ACF972B263048BD0BE7CE9112020DBA0F4DA2DD9126EA4DA0DEC37D2070C775F20F36BEC4CDA4E59BA74EF536E2D15C31E5
311
A35E629D30365837E8C75C0710D036E9AE670AFF024A7F1C2C937B7B4B5BBDEDADDE92E03FE7693F9217FB85009F6F34DC6834EBCD6631E98FCD2DD183B3177A4B9D399D615C305E884223D21EBE2D728FF4FE4124AF9A115C52F6171B9DABF52E9EDD26E30C4712A546A39E4EA72B514C3F4526A4EFBA414722313870E448
311
8DEED296960EFD38617F0167744AFEA9AD5A47A5CAA5DA9123770B5C10AE46410FF9C7E3DD66355DAD66AAF56ABAD94875A3F15A8D3E6FF6B6B6B63A6B9DCE9C0F030164A0B32F6771836636DD3BDE271FA073DD455C5BAC767183C260AFD3A9C5541E586EA6B943BA52CD54EA8D304AEFAA6D0E03B24A02E3E828DDA5756A
311
5B87FE322DF8513EE51FC1EABBB63A37E7F3E92620DFD12FF1C4467DBE40A3556D56E8D548AB4507D3ADE556AB914CA1CB5353F14E07BD9DAA2D75E25B10525B427473186CB01497DDB20AF168AC13E33DF759EB809D5AA7570BA36DA3A3738BFEF9502E9168B6ABCD663DB3BCCCD5D3AD4C3593A9A67C73AA3DA9277EEB4F
311
649EAEC562C80345E81CE1665B3FFBCB38F02358C81F92D9539B9B1B1D5D45F104B53EF93CFB46E3F1587379B9754C94A75BE94AA59E5EAEA48142B3D96DB55AED54220727701CBE983F1C8FCD61AB626BF1CE1C8442290F4B4B1BC61A822BF8159B1B9D9A0AC4F119B95CAE94EDB6EBAD7AB552AF348F65969B994C339D5E
311
CEA4CBD574A6E21F5D9D03035494AD39041806E411C582DAD2937F2307F2CF2E51C7573381C15E4380F33C112AB753BE78EC48175442FC727A64793993E155913770A05DADE81FEC2950DE990FFB9DD9900341C523201DD1CDCFF338EFEC89A97424826A24528D74ABD92E2ED78BE9269A55CFD49BD57215456B55CADC093E
311
570AF1587CEE9E3422CE10AA9A2C7760BDAED5FEED189062E49FECCB1F34226AE99C2BE87B3703C26845FD583D9DA1A7E97AAB5C4744C56ABA55ACB41AC54AB35929F1D76AAB301C8C52D833EF26DF888720F091A1B366F9442E6039CE6234124814EA957A1DCA2B68537D19ED5FAEA36308BE8EFC2BE911789E539FCC2945
311
18590008261DCC800CC111352CC1212F96FB1198FFE047934F691C47E2E73E7174DD6E1074B69F1BFAE2ABC484F1F6723593AED7D395653A7AAC823A2C6311965BCD7AA1596DB7978B9962767151865EE42938C037FE8A72B06B704281B30B178C01F02A180E0902D08FEED35081740BEB5F17D4C01748AB2C1722924BBF5B
311
D639A9A80F54C647E7FA1878FA4738F0A3E66F60F0B1BEFDC3183900002FC704337F320BA3A3D1363D52C78040951E57AA2035830968351AF57AA3D968B6EAA01DF92BB4E97B01053F16308648125439A491F7599DC71FC93126906BB50A2D58584D350B287FA69AAE2F03006E84BFC9B4D2E94C26CBEDC1FB147DC20C6004
311
FE25068E747A0FFD38993F28FFC103BD8E6074E488C814B0E47805B4A8DD0798C1180080ECEB064FC966249D1E2E0F0F0DA1B9CD22E2AB57BBD51605317F38A46121015E61BE8B1255FEA75A080B8281504EFAE08F1243F12A4944D9AC34EBADE6B166B3015B87864646CAE94A867B9533F841CC003C09221785210CA99902
311
E095E23202B802A207F51DFC6E3DFA7D34FEEB5CD9D31BC5F47181D198487516C0F15A8F04663EACED6800F1CB39211D7CC0F070667CF7C8D0F8D072ABDE2E54AA0DCC40B31E92A78E86A113885B002016A8E5408190C07F2BA7C0289DAB00375A68158BCD169A942A2C570EEF1E1E1EDA3D921E194E2F8FC001A12E53EECE
311
8DE23BE8093D52D308234D5640F2A1F37060ADB7E707A9BDEF83EFBE9CBD386AE4C3043301649CF80073BBDC62CA004160305AAC837A0113B334323E3E34BCEF305D1D4EA79BC556B50E8CABC502765D14F3674FB27AB0C13302D1042FFA5CE0249901E88F4412D5560BF937B952A53C3CCEB577F31F4664464650884C86A0
311
28E0754E641B06247E358CA33140066CF4E25F5B2B8519F90B965F3AFF8FA151E32636EE039BF51606CDCD45EB550C52350DEAE9E2F8F8EEA1A1A1DDBC1942F0E01F3B58690624D62830806A33FA62433494CB69C484D7BC104BC8F628152968100602A1F98566BDD16AB40B8D7A7104A68E7355B830BE9B7BA006A8433D9D
311
8A1907E61888F4AC93239F20D1EB7F47E1EBA9E9EFD3821F3B965FF1E14BD53033B2B4A2DEDD42CC8E11C1492F46E77248BF9A1E19DF07DDF470F7F8F0C8D0EEA191A1A106DD2E921F3417723109D5A85776D717BE5891D04898950B0411353989201E22140A87138D7AA1586D659B95CAD0F83018181AE63EC3BB778F8FEF
311
DB375C591E29579AF12328011DB110C58B53C4037A8CE392121050FAE22BF7007EEFD58F306070EF9C122B1A423643430C4813F10A7F612FF1E6116251BCB2E0B96F1FC21F1F1FDE7D1829090443CBCD7AB28E0FAB1642CA591C79787B8BFE85F840C2356F0050508025F3D486C2F3A840381889265BE0A8DA28D52B99C387
311
81803460E83077DABD6F1FBA50017AC402088A07C6A2BD3E2AE80410EA633CEE84E89BDBFB6DBABFFDEE5F7262AC17777E5428E732828017FB88079155EE68C1610AFA8DFA13BB69C6047160787C184788172B2C17130AD48501C95E4324AA8EE9B52C204D5E41CFFA30E1318AB373612C07106A54F93F224C0D0D0FEF1E1A
311
3FCCDFBE7DFB86C483E1E17441409532D24328B7DEC56253115F4849818B89A9E0C57A63FF92CA1F3E32B9220113A94BFEBAB2E3ADBBBC2540B09D703E1E6C216CB521203042B78677EF1B2AC380E121F222E4D76C7455C5080615F541A12100F2192943F1790F131408E4608CA0E0B9029D1922564E35AB8D63449458D5F2
311
E1713000D0B8CBF8EE7DE3DC11160C5562A3205DAAAAE4D02929CFE1C8E294120B7D842BA08875E6C7B282EF7C36F8183C05FE5C36AE60934B29D690EF730D48081A113FEE79DF0984022091FF3E2CC0EEC3C3655461647CB8DA6C351B9546209248845433F410809D377943BE9E5DCBE5507A116FFE404522ACA09F819706
311
D7683697470E635A0E8FA0FE229E9B207FEEF9074050CDB9CE80D4FB4C809216094E3D354D8E1F79E01EECEFBDEA83C01DE91F9FD9BA67000C0131438047BD5D19DEF8C245D9FE13E3BB6596F8DB3D8C0F387C7808E2D532D566B7DECA91AC2A1140F745205E000650DDCF92EC19F17E5902E50550CF9F35714B9E2018C935
311
8F75492DB8E4E1712ECC0D9C09840D7F373E7E621F37CF3412809126DBA46646CABD345B65B21CF56DDDA7047D4AFBF47FFB79FA94974CCD615C22F2FFF7642F26900262006238E8DDFB4E98E84F18036002B2C7FE01D51140BBDC6D168B187342474B03A0715E747AB22710C0D8CBE0678505095FE5418B04C22A8AD0C2FE
311
54BDD1A88CE00585AADD52B37D2343087F1CE49D90169C18CAA40BC1396195AEB974D5A867CA156FD10F0F02F1B3DF06FA779970F7FDE013A63818000BFF64000C0021500573AD04361A4FD5717D34B3C8F2010887D748687C280D03460E0FA5016F40628CC802325B40C44125D46211CC12CA0EE670071CE6BD3E71C6D01F
311
FC2529375F8BF8DB4412C34319F42A338CE61FB65B490368270EEFDEFD77FBD0BA6632EEA35A41C92186F7A0598F8D0FD8700B8889D97EA048F86DBE0C0CF415E0C82800F0C9060A048A0368BA3A5C4D6411032A4F27A4F943FBC6B1049824738123586C547678A455CC8663D42BE695F343B9A2009E150C99A8950938A245
311
371F6AD20887301892BE9CC7E262A2D194A6D1E4081CA3B9976B60E0C4EE13FB863223F5C8288537AF19E53C50B317045C71603456FBE190D8D301A1207F1680CB031C31049059EA725108A185C353F2AFA9A6A4ED75028B2C3D502302B038180B20A7552DFAF5252119430079CA79ADE101A058DA1FCA25F52C96DC8D1265
311
275CCD85FC8E64D32EE798CB1D1406B8A60E60064EC086DDC3CD12560F6D05A47C4BEE608ABE6AB440065B114DDC77EABBC2FEB6EEDBBBC127E6E296492BB8E03BBED1984F1318956F9A13988A042A19F920133FF7060240C17AE575123788BC32E54A16F5C7FAF14D745A5ED0B480F04FF8B754C0116FAF135849B8C369CA
311
07ACE80CE062E12E2640C22718B4EB8BD1DC126B68BE405C902D1A1AAE47EF42407CA7015C838017D3F846F77E0FC5DF996037BBD5070071DEDD18D05DCFB9C15CAA8C1EC2791921B303EA83534D7C35F69ACE0E0F97315C4D838D80030764FD0C0112BD6C00CE20919409504A10D5416700380DB6C90662022281825DCA22
311
E121420035BBA13D9CD877E2C41FE8C51F700B238D9C64C4FF7ECCE6932D88FBA0C31243C2A17F352B1A3C145F35007456F174535800D22A1A85308F090B19C95FD1183A6042101C908A8B82259FE1C399E1E11152D74AD61400FAC3012503F27352815014DB2FEF97A3E04BD157B6100D30BB284D81FC44446921DA93AD66
311
30284319C380C240144D88E3A6CE12C00075E4C489C323192047A5F25E1302140B60CFA4043EDF23F741E07BF56176C9850047F0010A824DAFBC00CBAE5BAA139173C761DCD0EEBF835CDDFD9E15206D5714A00EF394C6088429EE4434E7D3FFF7C168D6C847C4B2FEB0405C5033D98B3D1A060E2C06AD3264200814C54C2E
311
366E6A6089805900EEBB6F1FB40345FA308E2924515A4E21FCBEFCD55F7903A2DA3E047C5B338E03DF219E853DEEF8E08A6732B11B8AA4CD01C41C4FCD02B42B2304BBE8207999E271B4E00F70C2FC815201D12F4325A9C1806A526110119D2C3BAFA408AE0C241620760B84650D2478DECD9BFCC3AA125316640A50B235EC
311
6CC0F8705920386CCE566C57431B4EEC3E2C0B2095FCC3BE918AB3BBF76100234EED72CECC00107876B24FEB7D58B8F7F2F18E0FA7E93C808260576A717516E9642343A0C3AD769F000627E8060C903C4EE8011F2853A86E6203B102E5914A494690043FC7B36BFE5F992E2829200DE23578D01C0298019F7841E958DF989F
311
073DD1502353CEC89C085568BF6703B8CF1F001F3DF803B73E411F888AC7E1C350BAABFAB007028C22A101969CD10B79822373B18E07817B34DF7B35383079CAE79465EE885229B2000C80495E2C0D479BCBC438288004EEEECBBD25098F0FEA205D44F630807F8C6350F89734FD61CAC2C14094611E1E0576114BC8CB4B13
311
BE82043B6A16001D082E2E46839164731830951D03B8340CD61DDC2D6583B9B3E83769D0AFF14CA549FA6D8D6143992FB9020503CE15C64EFDCB22F1DD1870E041AA00C6283900570835FADDDCFE6091B4D4C57BF243DCD410B81B3FAC8E1DDE47B8DE0780DC20E1E048BA1D20B32717B0529F51680382DEAC226981B97FC7
311
127145532054132215A286DE489731A7C3660287C1FF1066171D34F327AE4BFBA50ABC36A1EC1B2EA7EF72003678112171A2C2DB23D4373B07EE89FCBBAF064FC55CD084C6603AA7EED61A8DA164666949170F4CD04737BCA657E69911CE61E40356F5E7F98142021348241041A62289F96D6E8680945D360005806E3DCAFD
311
F3608642A7F2C5548BC29732012E373C4C4D64883BD8DDCC111BF490C33E74904EC01BEE3F5269E20E61389835F44E394F601040AA67BE4DF63DF10F0CECA9394DB10A8BE5D74E97C05224E26FA4AB2EF717F170C1782EBEC30E1060B22056573DC83A9C1951F1B26E76196AE40DD0025E794897BEDF6DF840EF7818067016
311
0FC144A8BD8CFE97D338029900FE146D8333EE6F92370CA83F74C0D48387E14ABAAED84BCDA9801EE50980C01120F0BD01B1F1E149590006C3CC03C03613BC3D70AD520B5128D6DFBD4F9CD65DF5D76F3A00E9E4C33C52BFCA8C548628DC52BAD594C670483E0DB19A2330CA65FB3CC19BF48D176E684CA7E6607A28D44403
311
D400815201924DB300D80201BE7FEFBB1D019AFBC60FE37CB2A2DEFC615476C041C00B8863CF7E1B02F7DEE57BF7CA00AEBEE20A2C16C8A518FB005EA21226AB34D3C7C0BE7D160ED029E029434D57D17ED940103052A5CC8B11E04FA6C001C0806FB306EF47012CB033247F109C88847355A2294CA97C0AADEF07140841BF
311
DA090F03C29F4C11BEF9F0EE916AAB200E380D3043A0981E5F8823188D6D690AD9FDC8F75830B8775541A06042C3727A00D0A04B38CCD817E9BE527188C7194BF3D409F5E3843D887ABA28FA87460E03160407022AED00A8960A8415DBA999D63BFFA7F84FBAA030411FE94CC6D0307F417F0400A43370D3A8C7AB60097407
311
B96110CF4DAD0BD0CE337FE83FF2971DAEA79B2E0D2311739E401818A5846EE1E0770AA47D084C5F8858C42C0E2802B0E9173081DC2A1CC8AAF24FF985A28F446FBE50C1601F06AA57736BC8A68B43E8ACF9C1F2303EDC0606F1E9A01F10F007794401FDD95282BE7380B87E3E5243857988E41A1A6B332C217D8B04B9BA09
311
D9842D0D94D00FC38061138D00AA9129860C72121B56C07902C6B11410CA0AC42317BF47FC706117933514309B0530F1A33D121CAD5D6D11E0033DAA32BB87E1FDB02C9F070364421E60EFC504896964985890C230FFCBD5A48AA2C130D984D400FA65E71DCDA2DE6B16FEDA091451012F204830089AC1060EA3044AB3C502
311
8D0E7043855C568A8476EE2DA30CFBA598FC078654939D2174303633A0A16C203E173BB2EBBB2AA0C87870C5F94057065066EDDAA22273E6BF70F70C37A7F60775BBC7CB789E61622F6060256AD946EBE6B88276492DAD474C723AC92817341971F3E1D05D418B723C83B93DE3829D61E7913CE03B014026E3AC00E1901CAC
311
864714851B0AA940EFA30BEE0F5D2448E13508A59BCC55490223273E823939021BE28401F1C899FEFCCF3EFAC590D95A44360216590D0417103437800FF4178A95910C7C250F048214415D3A8824903BAF0D961C1FDE27D9CB5A49FEC4A5E9F272B399A4FC433CE83A43AF2C1E700E0192453A25238A465E03B668AEAA61D9
311
96A604A47531170A11E8C9110A65FCC90A5011933A2A32021CD48B01A9B16AA4DACC2910504392C60094E00814AE466AD3F728BFFBEA2736C94E7520E5807CC100401ABC18A5B697A6308F726107E58C95098D107DA80F4340418CE0DEBB0F2B0AC005AA820D1332238D562195F32FC24CA6C73873120E0381BEB27B2A2FB3
311
60CDFA0B23889540803F57626431339C965B81B52840861B93118A7EEAA31A8E10FE003D52B76769A0B0506E2E373C0098218024C2410C81FC40FC2777C9BEFB62F04C44150006D26C8CC5846FDDE1A1CD50ECE1C324630AC548F3D401EE08C574801BCB2E221881701F3202293800D05F5F2EB6BB29CC3B147319D79FBE29
311
70F2061BD12823617DE9DB39C62E958422FE6EA9D8AA57460EA3812880051A196EC7FD507859A1F1C3668DB04A3827EB1A1559D9616613117BD29C267BC1C0AA0D22DDD581BBE40F0CCC6E45642365027119CE03E8EBB428EE58DE086C8D100848D6A8A2510EB7AD36820D96286483F968889099B952C7DACD2EB63CBA089E
311
FD113F3D597417040434F90444EF6C835E43B0CC1FE7C9693244AE2A5A22596C36300528813C0B971F66E8C1F86D7E478E581651E578EEAE100506C864A6150DD905793615505E088173AB91AD7F51191AFC093E00067800705CC3709BBC42C5A11155666130CA272B4B3FC409E781A583E6FF3802836403816DB15E48510D
311
60714B24B818E1051235EAD0045E50B952A8E60817ED7CE6090BA3201F611C612A7E8A5172F420A3F116FE0300B3F648809B59008344DD000020004944415467E8CF610BD18840F11228AAB4B0AE2109D7CC0820569C2104328412DF2FD9F7BDA19E07CFC4289F8B030280A3FFAEC082492C3A36AD0C6DBA03281F1F21EC43
311
D58CFBCE140816628CFC55A5522F34DAC48011B419902FFA135824330474C919273906A3599DE48E6623DC9D098E0813D00405457E7F8969468A43A45DF2041200F4E38E3DB7EB85A81CE6808C20F4579899E631D85D1413408D5018E079E53EF01B2BA66BD2005C04CD235F4A4827915E38D466828E6564E280EC0C3217E4
311
100150C006A210DCDE9882A56286543D9545E839745CA39C1429846F02731E5561F22C415F4060A23FF784BBCB318413F00D25C03A5033C60C37971987A7999513AF7577DD1C35D4A019F669B71CF57086B21C96AA991001EE06F017A1521AA20901F160EFBB7EE00003A9580026836203710092495F7FC261D25230C8DD35
311
FD09281CB6B930681E719114427D112EE99794AF55AF974A143B49E784776C590C05303F007992B6B53EF59CD23FE43D5313229455841054B9946F36BACC17AC43179D20DFC2110B7ED0AC6903EA124AA87919E343E5E1C3AAA2A7BBDC988B582A6E7762FE00F1F0944AA4ECD8B0CB70DFC7C1E0E0B311330FC85F13819086
311
BAC2F7D47FF8184DA5C9C8CCB8D309840F1A8544D86FD40B0C120E23E338EE66A12421E660A173EF4CF7C0065A78DE2795D10B6BD6B748DCE30A4F5A06C01755278A44B3F3F3A14424A1D831A5D94236514077B58810FAC747CA8CC642377F3200B047A583A14A031BE2382CEFA35B892EB180B478341279B24FBB7B9EEEB1
311
00C8C580B297AE6F8E03669DC27EC5822E27C508030130C07D2473FE247F195FFA91665ED74242B61D13A2CA1E3E5F8CBC5FCCE663FA86469DD36B8671FAB7E5C68C25A301B9F98006148C25C1681B97482F50F261293A74724F842181D31F6C142CC0006598495667684910E0D64CA1B60EE83EA09B22310C08F72CFA85FA
311
FCC024FFF6300A2CDDD054807E378C6F5EDF8321CA0114E7D404010B0754AEF7E2229230A8C7FB17D345A605A3FAE82F4A1C30CAE9892E2A32BD3146E795F4489FA49DFDE60C10DF826A2695621AB4342CC05B1811000275324C8867C280C99AE084676B88C7C20F1E98A6AC9506506001061C309D76F1E09472DDF091FB06
311
CB61C30374425930B381691E0BD8CD23B268B6894B85DAC2001C962980F7DC583C17E05402318BC8D4BD622117C2DA07E7E97F8E4EE3E9658AB928848A589F4F43761694B97A2D0725176B9683DA6064C4170EC522A100D3241413E243141C84BA6241C6840FFB356B820E28F41406E816AA490F33D5226C13EDDCDA9AA694
311
1B5562351131B1AE82C1BB7660708555575E08C0293A57218097BEB96B2C34AB958A81CC38A007DDDE24201C0C318F93F0B3946325211056CCCF0498848F092246230F64630CE233A10B768C32CBC035C9BF7F469C83F4708A79889885791F337D18EBD48E221A5B21894E76351B5B71A1C61D64ED0D8D22DEFE5486A9346D
311
6AAA175D0A088E780100844F61EDE2E1F093A2DE6B83F90B61A54A9AFC794F07F4450B61F102B440A1C8BC6F6E684CD6DD149989032041B3429AF5634C078890EEF9FD3E7F201222A7417C30D3242CE9D22CCEE03902D87428E2226FA56A7CD8FF541C59644429C7FC82791449838594C8F026FE9C261E516F3482E98E1922
311
9E14AC2A5864D65EBD601538F55AEA4F1760013689175C97DBE2EA8367190DBACB033241D58D7DF14509C7B0C27764B57511B5C5F979CC30B394C5018F0B1280B1414F4CE04F354B9AF31B0D83BF302E5F008C04D16ACDD7F2520C3AE074818293BDE69DE1E12E086254A35757C9DD5592D259D2237584E428A28953A55291
311
B9E3A689D4CAA4962A9A601946984F8AF9AB171BFD95D5A881C40800EC017A441F8C06565BD377E5CF9C88D1889B716993EFBD09B75810FBB63140C63CD7D6ACD032B3606567C4746180D72343E97AA95A2DE9741C980F2F6EA0933B651318DD51C4C6246C7A609D80FC084759708341E8EB809DA653ED0B9E318AFA7C7E7C
311
381CF0D9584134D46EB5BACBD05C66DC98A1070AC7433CA0833C6B823AE9B7E597263E42AF7EB30B5A0F40C0A83744040A06071E60DE8B58EEC46F64BB59C17A892E59AA1A8D9698C0DF10AB613F77233C9704D0C334B3821B59456E821BFFB102309B99FB429351C4830C90485544C6DD560186A4AFD12B3BE6CE732AE1F4
311
4551A98F5D1230D1ACCBC436A10820265C6AB4EBE69771CD9A9E9E918FE6D9E807878A42C04D5053543DEA856675C6C300D77AAC8F0038B0A23B704F0CB09D24C830CB42CEBCCF3D8A78C144AA457D43BA06BF618452A4F16142A4FA42A3B560C52E0633229AA7E0830D3EB6FAA0997299BE03BD558C408C39178678C71A5B
311
7625D3EC31CAC624E3D8225C85704294242F427926C8195C908249B648AB945938021EC9BC289C315B7DA4DEC64094EE559AFB9D77549860FB4305E1E05D2BC890E0C520AB3F6858C8BB0C80057DEE8102D702C5A2A27234AD0CFCA85394B18899E672BD5968EB8B90AFD924B1A8345FF48465DA34AF788A27442E15E0C1C7
311
BA280884362833E8E9F6E0402BAAF40D41048670088BC049A341443685F457B55661D4172CA552CC44D6EA04F82FB7A0DAD9329DAB171860B230C4E1161E38C2EDD1A89323C4406305FB6DBA16B4EE0AA13A450AACD4DD6CA0FC8F477FD49F84C50D86C88437266CE37759C3D168B796539295AD220C4AC914F4F86251CD61
311
D6544B275417647044F711238808FC9CAEE30EF28E3B7069153C4E4DB9AFC5E26097E89D0351DF22EE2326ED4A140AA9667AA40ADD6A154A06CD148E6A81C906AE496C605842F1145374D12FD11A0BFB6BFD15E6830363736280D72FBAA608809B18802CA512037069B4104B181AD9264B038C05DC9EA531857643AA859098
311
55160F22485D0CA85BFECDEDB0EA474CAC4ECE12B27100A63948449CDCF95878D04C6439255CC1DC9401823741AD58C65853B1A4AD064BED62BB51AD4A05ACA51B8542A199D25C03E511340760F5FD1E063C16C84CCDC90A9A091CDC334AC8E99A9DE01E9CFB1717B0278CD65B8B84BA456E44AD12CC71E34AA55B603AA800
311
CF0A2616AFF8C2782E66AD8A60A11BD72EE54698A882646E8CF04197B4600AA18817D63885B3D5C41FC56BFA9618E0BE0D7B17E311F8007300670E0EB0AACAA8AF00FF6CB3DD2829FB669DA2D79C1610C69A77121B8470334DF8698A229E16ECC772799D3023E3A0E2D8A6905E6BFB0C00BC0E26BAA956BBDD243560D0A2D2
311
AA3717DA25D1AF7E227951C00A03A9B3C9CEBC0B51264C912A08E49108B35A75D2543C1EC4C9D94184CA67F87FAD829235E22B329F5CD3030473D664A3F4A905168C9B940A3204B46AB3DD6E370A498D4003013383AA44CE5BD76505CC09C428CFB9C606301182613180BF0730FAE8ED943141FA22DCEB44D4082DEA6FE183
311
02C8C83385BB29B431893F536D340B8D147914BD52848990E756E3D495A082F756891730B0053C894DF87DC7180B03C80B9D1A6004C415E3A3133AA509404068084BE1868C25FF5657B90AA0E232BE60B6DD565444FEDD6C66BBC5664A468B2147E706858220C5D8A005B2106412F51820CBD69F303538F0A423B7FF997B76
311
D6932B6AA2274D10508A076C93DD62235B38C672886A31DB484547857E50AB7CD2ACB62487EC242CBD704E4FC4892F34B444B6DD4A0FA6131C720DF76051A09DA56FDB40250BC0C0961DD39D60A8F4C01729A524896AA391CA661B8D10F64DC60AFAB5F85CCDCC180FA25DCCE1C90C1C6FA25146893D049CC154DEDF8C55DE
311
83BCBBA5365476C9AEE5E622F32C6C6DA78A85E642A3B810D262688A2CA2D485F2945DD5047AF4DE091EF5D087F83EE8867E5ECAD2F73D82E3828386006353FBA44D906D7C84681606689D8ED8C023ABE2E6465954532A951A29FEB51BCA18E34A4035E8AEE4C12A02265BC70721DA1C95B00059A7FA5E307FD66640DCCF02
311
5E8B6F8B64620CD9EBFB0214D7B493628BA164B1904AB5DBA96ED6BFCAB0333DE5D1113E25C1E901E5EE0F34D363D937046FF9D8946CBF299CC801DDE288341BBFEF63351E91D2AAD1ADAB885E8C8BEA18FDA6993CCCD71FF5F9DB292DB02E95DA09BFCC1791070C301B200EB886B8F9E734C0132B6FFCFE8BFD01B27CCF86
311
234DEB45A0672874AE48172B680080471729722F7F37D50580A930E21F8D206FEBDC6ABF9312929A14D7DA14310E2C10B9AB587F0382FBE42E23DCDBFB02420E000DC702BB3C5C101BE41A54BF8A1DC12025BB8952B214F0ECB02F8668BD0948EA2FBAEB8830CB0671A882A32BEAA728840AF0FF408D53FB64EB0C6BA0820B
311
281350130078C2594CE953BAE6C71D2CB4FD82FE146F113F320306C8CF34177BA8FE0A0E10A1831E2B8C4E644CA02B334053488881372369F42A0874DF95C1338738050C048A5160C608B67484B1DEF891006BEC730175481852CCC8FC42E6DF61088C7C3A2D399AE41D617A09AAFDFE9A8D8EC080D90E501148FA4D19344D
311
273A10C80E7091A01B2E2528A35FBE4820C95611C23D2030AD5F5555519A3BA710488D1357D555E1638A7732837A44878D74E704F45EE6808FF87397D059BCD4B60AC2D811CDEFE02EB0634E68E3A8D5B7299910FAF146DF5523C68BAA8EE80486D993F84C052C1C224B13044046D47F6456361008ECF191BFAB3906E8857D
311
8B07BD6268C0E66C80053B417761AB8E5542FB0899BBFAE1215F119F93B5E70280844EC04A183D567244508282AB039AD0B8E0947DCEE5C5352C011CD1CA740141C4827885533803B823967048FB4BD0841BB90AFAC36BA52054C23183C8D881571488103D9046997133DB1020211607060776C1006BF792009800E1C2859A
311
D5B6B58A4797D7302B565FB2A6493A4EFCD62D1EF4190091E8F88F535B35E2E83E8C43FB9D0F90BC1CE45500A361D625403197B6C8E982CEE81493F76547F49A0BF2841550FD56079CC1B125CC8207B7D377E50AE5B1ACEB20C05E300AA5F1591AC816499C11E9EFBAB69FF12B9A7D4A3CAFE6DEC901DA65B001F65ADBB4F0
311
29F756A3172258DD0094CC2B302FA5B80D84F4B35B2B054996779BB3F8A2543A2B8201BF20E09638C0236C24A185BEC0A5B8AA174F291A1222D47453BB1F9DE0B586358184BB9C13B9846750F62A9BD2681AB4A9BE8AA5F4FB0E1802260776A9E40CA1B2FF62907149277308855124A0E659068465BA28E24DF8267ABA3ADA
311
B184C7E7B3F145C1023BCDA3C422C6990D8060FBCFA6A00600BAEC0C98414267C215C57AB84CE85985620B20B8AAC026D98B2DA30A0E79E42561E71CB7A4C992D0468D6C1C1B0C802A47998B0345908E410D24470E0C4ECA130EEE67EC4E8286705704F72060F897C5B448C0A0219129AAE556DC7E5569BDECB56E6FA110BE
311
0E6F809AEA88A7F8922884E9C1522E2C85BB0C8FEA705C9F58B0185FC452F245730147143C9348EA3D07FAEEC5EEA6556B2498320792BE6E46074CD964410C029E5A3B084BA8469B7DC4121E454B914707B423B3D9004380D8233FEF21403C111BC519DCE13D3FE1110C0FE82077160420C55EB8778093661FBAB388FBA662
311
A34A77342A0008B80D5072869B8090D7BC13165435E79B5E5EE05D5D7316042F7305485A68A0171DD60B724337A285ADB07B9263B9449E8EF76D1B328706615B4D24C94B44982B650D1BE0CDE17027280054337D8172CF1098D736BC72A329A154683C828888C930072670970D4A20B2033C0212F70936CF44ED5B5C841488
311
9541E13A66B8F519D8771FF8E251462E5C7C2946EA6A40DF8A0B1E83DD41C18E57CA13740281877705A42DB3265142127B9A43B138EE8AC482B46C40C4B30193A8008D333D86D957C501B3087A86196EDB0C494A92539F44A3FDA1E78AFCD57B0BDCF984B81DFDA4771CD161D3FFC555E4BFCAA0070DF863FA78EC97037496
311
17231876D8B208A913F018FB64F3B126160DCB0E44F88317E60B2405590ADEEBAAFAB6B3F4E6F8ADB249FF2143AC50233A9409F047F65B2C3C38F0A031C0A8E70CFD376709F75C1AC0176D80443CA4492309F94C30B8289A227FD7E8098850208FF7A75FABA256A73825E749D5620128125B15A45C42A827898F949775A996
311
2BC9967223C8523A2496226F11AA3042FFB510083383EDE5D67C205BE830240640277FFDB2A6928120A641474DFC5281A86FBF0D8D0C0EEC67EC01236076DE9D24E0D82B531EEFB5235F21B3F86D209080CDCA8BFFACDC44F53DED475DFB4C41FAC806A34E4107E2F88E14008E3838F128C189199C4425DD1AF194443F3505
311
06EC805CAE145F7F3C9A0D104F083B78B4EE7065BB8A2C8CD77BBDB03FC891710B6A329E58208A3BBB3434C4FF03DA1BD53525FFDE778D850A0E16E74D993CFA99DE81DE4AE7D40F81DF3A6826DFD201057F32DD7805D775457596172071040722BC6E8A30ABD33B00E8E37E73CCD395E08DEE653714976992358790BA170D
311
C213FBC0AEA34B5036F3A810EA0DF918022853702F4ACD08761E941320233A5063BAA682236BCE71DAF78901C435C1430CBCD7747F537FDDD7857A7442FE519ED9A2612381BE98C038990F1C758E7A69922F3C05799ED816D9F4C19D6010E12817924D99D2E5CCC28BE32A2BE80EBCD2A3070A73840E446640EE42C0F1C1D8
311
214A5C133544CBC1AD03229FB66789EC41C65E3ED3F6F532E3694AE4D90D0141F453F9D58F60B04E97105F73CA4CBA88C8B3872E2A4040320E7C88523B61DA23E4520234FB8F163B7E7A0131BA6FCD78C0972C08F0BEEA95964CE9C450EE8A1F148338D1ECBF3A220B70EF1AB278112A8082F03D3410EFDC0340646B464690
311
1DD9C72E329A179071C43C0A1FE6352572E319DF372878CEDBE204DD5CDDA353D621C4CB11B44152A3E4EB7D189F9BE2ADD6B50B1F12113E9FC63514FEEA85E383F7687902B317DCF8918489F7E792B8022E89E55774694D81FF141D98A30EA7CD3C386EAC353C31150BBA91B868618493FE5B31CBB41F02810046C07771CC
311
02C18181E9B37308DEE6A41913FAD37A4D7DF420642810A41600020014B61D0DA4999AC7FDC40146A169BF03B25823661847701C8AED81BD597D3881C4F50D8EE1108C29F807C1C0B864E354A3E2A3516F0305DC81BB6014CCD1003AFA83113204688ABB78E99448D092C717D45DC7ED855E43895BB104D06BDEA61A4C935E
311
59D228A2151485009A606300F0D4C70512D41391998E93BA413EE411B033A53719910F160210854C9FB4562890EAAF227EB23951C697CC0198E05D1C6009A26AD2E21B67722533026411BA8CEE2291BBBA00EFB0FA820502CF66FD4129833B433CE5B2DC6311365BB7257E297E849D16210040E8BF1B3886DCDACF9C0F1818
311
9C7C1A1DA011222B29D0E0BED72C181498B49ADD535AAE25EDA0BB26E1883F51482512D67FD755606AA600F2097B103C9D127534A56BC6083D2906A47188A64F2911D84970559603B2F9862260BD0164722E5C8D1C040588F853C9522E1A5BB5E478952B33CC6C17539DC2A980BA4A131A640C4422B5229EE6838179DFC515
311
3736C6D8E8D317E616FB34DBB32B05F1D28020F6711D844477E9B22E8A60211720244A815CB6548A4628D4A0A5E2811CB87555FD9E329239C2DE3B820C0541FE8B72C7D0453061EFC4194E004808D050007CF89AF40065D065F50826D0FA5830552A2413A5520EC4583C689711FFB80ABB5EAB8F5E33036026419E4E3ECDDC
311
DA688F3D57C1007F837BCF5A24A0FAAF3EB3F2AFF0E33CA8AE631CB48EF2C07BED251827AA0DA60A398A72A954CAAF9B5B0F61825E4B636111F12D1DC26099D0CD2842159F7321933D384064D25FBD9FD24534146A61A15D46B9AE05C45C0EF78B078A84A13C97622E3285D990B9031040AF04256EC7F407BA2C2F06567945
311
B3E846656DF0A0A770A476F6A97B0C58D98A7332C7B5D3034F885E869F43961699E3642C09178809D4F5E83DC67E3141071893624D00E2F079E98A48961D801406B89C462B6AE23D51D094C4CA4BF300745857823F00457A603BC1286E24600444EC2FCA210B9E147AC81BC0815C37974A7593A93645695E61828DE3A69604
311
9C622DD48805AED93B11273A2C0844C6BEDEA927066D2135E1E0032B178F900FD8988A89DF2DDF835DDF6ED0CEB5A51F12DFDC3C3DD1D84CB3D828944AC900612C5D8154F507815BD80EA3A4CE801A0C2065FBD0C91E82950F70329753F7F9F2A2423FA901CCE08B08944B125510578A6D9A19902C95BA5D1E18966636048D
311
A1794D35E10A48870BA9977267ECC8E51259DC9612237860E8E6B83F32DA3BF5C0A07E95455AB0F78C740006CDC32329014111A7B3FB8DB14C49829A2C8276AED5CB38C343F40200D8967F1A9B4C26F59B698E506C382F4492580148FB003842DD6B141360876D4044A2B7A1024C84468BA43250AABC882F730939061065DE
311
656E74315562449051C1767D993D1BB96DA99DD22C1BE3E1943141654117FE08AEF457D500DABC2CA0C883B62367CFEEF2A6890D0E1E387B6A8962AA684707D474014E3308984395DE70192AC4B6A89B49C0D09FCA760B2CE8A833385B2815DA254667E8BA88C62A8B15D021019B4220508E0151ACA0586084A3F3C89BB923
311
FDC60544775CB0C1F00B3E47F89AE20C5D6E6E8E61A076A3DD65A75A06459994CFDEBDA55C2AAB2929322432F892D07DCD83818E307BCE101E0CC66BA74E3D34890E1813F69C5AD9F2C1231109F52A1741ADD0E0E991531F5D828BC3D57946079BED6C5B9363D831AFAA5D5F5BDD7671819DB5B5FDA85241139EE852CFF58E
311
9700213C257BAD3C4F38B0FFE87FB4CF00397FE98AD0D3C793997E8BFA312EA90633A41A4DA4CF1261E60531405DCAE61A5D662852C7311C780CD0967412BEAAA00A069D71138D32714BA7CE1C18989002F0937907CE9CE9D946E050E84E809130C2DE0A3C663ED93D5DEE40DA156468B09D64B75BB63CAE36F4C08EB2C071
311
2115909E2A68B3A10FB96448EF3749718A37C89CA092115E94D7B9442AA6C602A187C6275E4CE0495EC8E29A5C35C53CA0F6428BED14999CA16DB6352D2A956C7735364AA0AA39C6102E20EBD9FA4CBDCBE1DBBC9C36748BCD5D7CF6940686DCE8D8F4B35841F6A213ADD19C040FDA65458C87048F84CE762912065ECCFB17
311
BA856EA3C196BFE9746199BD3D8BEC73BBCC2CDE226395CE89236B3499522EA1821B269AB239523007CF2F62ADBAEE24A67100D5095065F18F66908166F7DE4100F1AFC672A9EE42916D5C5952C9EED5E54A4B7C608236F04B319B50244885D55B231F4BC86C2718A17102329D00E90EAF7C9DB38F3C326D7345E50BA79F58
311
3953C30888DEB0ADE10AB9AA805D48D7335CC0526D6E32CFDE4E8D6691ED32999951D7243D76914620DA5B57EE20878F437F19F923638494D5299F8643218BB11B8C2726D160407144337EF409FC40EA761241CF143CE04B5618123BD83E1A6320CEB08553A35BEAB6326996D4B3C16C3AB36C1B0D334FABD168940266EA4D
311
4F4D5E8E0D2C548005D0A5528770019B7C5B679E6463AD4143003AF0939595254DBB71F8E7D1B86800B243A2DB9A8E271ADD6EB3B50CEC2199394A74460261CE8C268C741BCC97856C0380A9F3EA2AC343122BCD85014C789319F0F144650E4B609FF59F543C26958089CE783A17CAC88FAE996B6A420C33F45816C71C2550
311
605B99572A2D30D94EDEC5AA31C033064E2B5C6EA4300F0E1DE9AD1CDA6F00800998C23D3FE3F72AD001E9B76200D669CC07176196B203E42ED9832391EFCFB2451C13E5D40F90A8E7F40833959699AB99C118164A0427094180F88614506E40861E11DAD021B3C031FAAA8C4AD3C500A35EB19F9BCB1D599DC284C84948E4
311
FA22844BFD15E1B09894096A9A1A37C20CB90C9AC754255982741A0834B54C8B2E8264359810E6805A98C5A988DF3B1E8E742E1E7A9A5FA7B37288C2A1E9470E9DA96106CD0972225090FEE72CA376A9B42EA35A7292B97885347386B9275334D956650428807F785061DB984ABBCD244E020DD1254D803064E70919944399
311
2B05D8BE9F18014E08830531A00F025745D6D7ED225C884837924AB181E9489525E94323D5AA16E6D2B4C930DCC010D4D9C8B890837EEBA9D06C08109A4907A0CACD755264401CFCC4CFA6F3D332829383B061E291A74FF58E6084C422CDAF61D15A785E6B3568DA098DED3E78C586A039A2BE02DA070401E3C872B5CC96EF
311
DCDEE6EC66D8F59E1DC6979B8D4228B4A8395F96A15B654FC55ED128324DD44AEDB17B527EE903F1BF3E22F233B83038CCD08F4D1841F2B15820996457394D11D7C470A85E66A6B276598307EC528100C48242BBDB55F7D5553A8FE663F08249D44CEF09754DAB09627B2B4F3E9DCFA3FC5203FEF20FEC3D840EC85FC201BE
311
2A6605922CFD9155A5962A06EA126DDC3E3BA973D3B296B6334799472D9267BA6E95C993993293D633AD5481794B2911244590140D1002859A14C352772DA2C3D48B2BCEF39BC8ED0C3B9118C2B206D610E3FCEC6EE532EB92A56F4C13E6DEC85EF364D9DD413EB14994C8CF3A4893699EE767CF2AA38A79231C810B115FED
311
C2A127F78A7E1C81F2C1C9C15DCFEE3DB50504E09418259B17D4DEBE148734C4A2BD1FB43D7C9789B2CBAC08D72D219D5B6B3B698C60B98C611EC71520203EA8B3BF7A33C7E5942011F761D3C50DD778B5080682A8C3628C42031F380C10F8BB2D01EDCC389FDBD823DF2A749BFC7A85CD5387689BACCFCC705EA087BA1FFF
311
C1031C68E10DB29EB5A7EF50C35F3F22D02B88211DD95AF9F9CA43487E0006403D6DF6CC63872E76B44939A4C227E7F8299D5A95100FAAA977A144C99B972823040CCA4CD1E7D66C6FC0B20516F0A479C1D6DF766CB9DD26E5529B628C17F32F29E30DCC0AD82029EC518D155F105C75B181E383FB0A5F70D820700C641B75
311
D62A7123EE52CEB03EA00C9F6D9110B3F65D07104785D534D89F142213A908512ACDA449CD9BE42DB21519FC2850EFD0632B33A2DB024169C1C4CACF0F9DE9ADC21F1A3C70CD269B69A840932EA4585916F12A06639753C815E433238759CBA705435805D62E01C9326AA04E351AFCE60C1AAD2080F85F66506A6E39BF320F
311
362AC62BCA02A8D9278B58FD4506023895F7587FADF08B34201F4E43308B47B5528F57B0DC588025D4BDB4EBFC486584DF38697609F8ADFBF457C4B0848D85B8868479433316E0D4DEBDCF4E98091002F20C0F4C3EF9F44F3183AA24581000704281249BFCB100446CD461F6FE0A1620BACCBDCD00813ED12ECBA4278E3277
311
DEBA952EA3A25549C3AFF0660A3300ACA714F7890DFDE64A81F68E885893A1ED6CCE472D642B69FE1CFE4D33F3334D9667B04A410B948003B7D682119BB90F1AB58E457B8DA75B2CD7EF8B5BF970229B4C2665C18D040D718F12041C78E490ACBFA5C37966094C4EEE3DF4E0D367B74846153369D9359E2099033B3200BAA0
311
BABF329E000020004944415478E98FB2970A64B39B3A8CB0856AB666060E201624AFB5B5A8021232CBC814D6460EC8A1F3D04D7C23DA9DD937AAADC4DCE78782231A09AD6BBC8C4703D9223F51512DC35ED66768BD20F7101FB45CCFEE5946FAA6053249DAE7DC18C06C513C1F094D32500A2916B0C15F8C5B105C6D9D7DEA
311
C0B3FB01C0643E6F6E303F39999FF9D9FE87572E7408865432570BB1683599CC72C00AC94A01FC7EB6B895EF41E8683DF72DB3B104DD422A5AB2AF7574EA223CE00DBF82505D6E16BAA99CB23E9C9E11187784526224B146B95CC334D1CC4DF20C48A4038B39164D579797112E6B8274792C0D2BF46D99DA78D9188EFB8135
311
A841B9AC2DFED3AD12812853DB4D5EFAC18A2444B0860AB2D8A20C15888CD62E9CD9BFFFD931F49F74986048BE607A7AFA91BD8FFEECE2160527D57CD8EF8D7572017F8A25E07228B21D9810B2E0123FF292C1028E30511FDAD558CA9C3ECC4B89876ED94242B6D263552BE75533F5AE7E6206C912FA31AE405BE49F97B65B
311
54C29A34DD953F35B06A93C682B95CA3CD4F1748FD751BF60F10E6B4910B2B356D05B5562C491EF0423EA1425A4292EE8CBE6C16304E522BC8E5C40EFEF0EA91D868EFECD3471F7872725AB60F060C22FF6974E081A70F3CCCEF28D2330D06E6804F28A95FFA61C6A1B329661BFCD936DB390C11FD64D0C0B2E81616C7C7D3
311
C2244BC975C01698CB3B211A64A22505595B3FA8E598D04F690981E84650AD828D7040CA827854D19A8203E475497E5A009D46B5C119BA3F0ED4B8B4F62CB6AD4AB45FD7F06168E746601166139FD49B49452D340B8258819C0B643182FA213CAC18F79C1ABD78F627330FFC6402EF373030890A4CE6A7F383F9E999271F3F
311
7AE6E2068B73601D1A444BA402495820238077842DB887041BFE6B8916C11F946A393DFB39A863DAF8596BE9A507B0A4C2F26A3AC7B292E511B2C4929568CD14D97A54F52FE24C13FC45157034102FA9B1F0889ECE07DBEC990059ACCBC1C089C9EC28A955E3688038CE9F2C301C0717D2C43452A917BA59149615D7CAFDB8
311
0EB3A693D9028E20BAC82E04D884986FE9C29931D38041646FA9102CC0104E3CF9C0AEA72ED63A2CF990D9275ED24F7F674B288220A0DDB179C6AA34EBF864011D596B7B459E6CF13A3C80116C5E51D6426200A045658A160811D3597D5532E75277F7D0977BF69AD4D66B1685D081A46C7B3A2307A04D99589EA5ABEABEEC
311
1BC0B5F5DE1A3E519CE6DC6AB144D586614E3940D658B2E638D1CE654131D7D35222A28EDAC5534F9CDE7B685641006D7A0027882DE4EF81A70EFCFC5CAD436C22F25559C37CB6B5EBBB04271DD2A33F48150EC268657964021371427689ED23D83E20C37A7EB3925AD68B81E6DCE5E5E6FFABEF725DCDE0ED53EA0214FB7D
311
096D2B47B8C272719D45242727C4CFF5644011F69F3D595000364BE0CAE2B2218E2D63D84C424D1AA2282CC34A16EB3CFD970E704F168F640B05AE1A61370376260ACF2DF54E1D9F7DE2A16952A17C9E10C0183038C1CB879E7D70E6E0762F1E43D670500FC92C1CE886D80C0DF5D4E41244180DB08C1C94A306F247B67903
311
66DF84AF4D2CD2E3FBB4AE929D2CD05D1203785549B3A30F19992765BAE3C9DEFD84AC30A6C67149C9E6FA0316F62F249CE02A23C3E8DC7859D267BF00209761DF0CC99F3FDBAF884F884E862A957AD2FA6D1E5F9B60B27A88211BFC222510F670602B1B7CE0F603D3BB9E3D308D0D10F2C90441008C989E9E5D39F8E143DB
311
17D7149E623528878642ED2E563027C26D0DA16DFBC6CA5576D603E8F48C0D5BCADABE68F76EB6DAD3262A6E6307292700962FE4240A076DEAF2CA251C89A211F5E28D912E067044CD1970D82D9BD34E237DD05D6655643AC33E31BA2CE6DFB6AA19626F3BC260B9465B3F0CB3BACD05F45FE51F3DD8DDB46D712A05ED6EBB
311
4A7EA277A976F6C0ECC32B68403EAF58102338CDCBC1D344840FAC7C3EF1E2E6362BCBB1507219E1409B1A6C22443AA9770E5DBAB0CA320A03D41F845FD6DE19E83D9231D2D9589E0F58C88AD32A6B47C0BAFCD07DD0079939070388675B695DD3563A8915280AEAA6B8B3485C83ABC1C863F88D7A440E0CE0B6CC2D5BE860
311
1E08C8D8DD66B85C5DEE3640ADC260B046ED7E11AE26140464CD82FD32194D2C86D796369F9E3DB0B2378F0298F98701F941944128187BF69D89CFCFF5D6E40923ACBDA257A56E894BA49CF9120B6408A89B92156686B4C115BBC928404339C77189B6AB8F3653D056265806FEE003757347FDBC13B2F691D62FCAB3A128C4
311
2323EDB1ACDE724B6D9FE34E866505B20E945BE1A58C8DA4EF20A01D6B50068EA6D9CD4481C870997C19E387F42D02941364EB9114C3A7DACC485E102D8E76367A671F3DFDD89999D3D8001CE0A43D32404450841A3CFCD4839F5DDF5E5A5F0F4713113A154585928C40C2017202DB0508DB827BF027526D8A10FCC0874944
311
820098F65B50F450C8475ED86D1EC98D2AD5425FFADEF6F9266E08D74F0A2279B441E8E7595107AFE92CB2F4530090AA116862E2CB849A6539183B60FB7883396D1D6285016AF209BFF45E129208A139C0429A46229BA50610D58ED5E1F0DADAF6B5E9A38F3C3941F84F2680F0150EA202F9590CC2E49EA77FFAD9EDF39B6B
311
EB5C855E24F079EC862350221437BC4634258C5A6504F4B3C51A1B0B2A08262A9147D66E73504DE33143BA50266948D7B55FAC2C33CF5AD949D313E625E07E5C44BC1020EC5786008218169E6F9489ED64E20503762E609B1890AF26850013585E595B92CF629D9F2B5710291028ACE2276AF8199740D29FEA62C3B2BC0E85
311
236B2737761E9CDDBF7280C807C3CF1F08201C241C98988411D38F3DF2F887D77BDB6BF04F3A001713B946AA5DF267D9C4C135FC393A108904525DEC9BBA4083745EC82DAA83B808B412B7840950D92433D2E2276490BA095E6A6EBBCAC3809CC59AC45A49EDB0CDAFCCE42428004650104A7449BC14E2C99460EE087A713C
311
6801DE47BF64A2ED42B4651609313F68539A8F2EDA70200190580087930945B2A924263089598733EBCF6D5E3E3DF1C453A07F607A7A60121E40BB7C201BC94C9210CCFCECD637977FFDDBE74EB265056AE90F07525C819918CA26E405637E0DBEC9168483B843B3CB65EC1F4609D41307284FA74BC4E88400747AA40C0332
311
5D009584727810FA55281B082553401FAA0D00ECADCE7328E596FDB20046450C9DCD6F1859DA41C2A3F40B2D10BD0637459F6286F8CD6FBC3593FC9EA54217594FA04EC291F033744942CBEC951055C10407E3CF6F5FBA937FF0D95D583CFC3F61D0E9693738A8484887F24F5EFBE6F14BBF7D3E0EE899F9A375D8B9542391
311
CCF28378012AA652B110898BF98460AE5B45DAC81E6768BB08D11BACDF32AA011FE0C5705951003F45DB4CA29108D6E11FC9C83A9B80485472DE2BE9857E78819BCA10A0B66D1BFF22AC36C1E31071A96CA5C61E4E4405DCD10B8432DAB946A31D6EC303F8A06885ED5658D80600A2F871D423175A3FF90F9B578F8EFD7C65
311
82C89F4A00544F5B3A30CD13CE70606262F0E1830F4E7CBEF9DBDFAC2364A4108CE4FC25CC602099426449D916DDC535F8DD6C28E6B10D14898A650F407FDAAC81277EC05B691D634DB7A5D4E6EE900AAC558372F8A0061B38287328A0288207001442F49372C291D8893D851178C0918A82212C82E0806EB4BA78599A9648
311
285C030A41261025E8742A8B012707E0D71BC2E1936B9D7377261E7AF6A7A05D59E0696AE2F001EB37909F9655C0088CAD3C75E7F6F5CDDAC967B4E96F825DB1A3C936135170A618D17965F4D44B5423C212C0A4640A3595CB235AC72BD359F305D25559884A9A3C8675D68D62935FCF900650A030DB24054543A15D7A6A3B
311
EDF38005C06C01053895C5AFF1438BD565E8C70C6254CCB20AF6D8450C011928D666B9D2D48665F6CB22F34201430CF31176EACD6A14BD90CBDAEF34100546B100DB57BFF9E69133B30A01074E0F88660582A8BFC241588127FCC9CAE7B7AF3EB75D5B7B0655620F9B50349B2D3503A5DC422A98D3E5CDC2F20CF9703B16CE
311
55F4C34A2A03C0005E222AEDBE094F6001F6205DE2B742DB5DAA52D4D78C38537C11CD5F1F010281FDD004E6D1C88F7257966833FEA8E2134321552E98D6D56187D2C0C3206E28831FCA61919913A5EC52E9B46603A1BD7E66EE689C528304FE140E3D1A5A5F7BEEE53BA71F3AF314FE8E62804686696200782018E20F36CC
311
9EBAF4D147D77FFBFCDA33CF909AE80760FC58AC00FBA2268031ACE656B286DC351A65054C6431842954B6466C46BFA400C447B6116A268DD818AD2936974B48C4027D45D6083A1970E24F0692FAC529D7B2593E127BC0418E5F1E6B20416601981FC1A9C8B94AB13030FCA167E3E395321BC96B810CEA4874E2C675E443B9
311
668956CC520D0C136DB135DF33BF79EEB9EBEF7D73E8D498ECDEA41A2E90897264831801A50393B370E2C99DDB773E7CF91FD69F79463FFE613F07847416720B8D2C812656C16BBCE03F553E74218D1D84050A4A65AD552E208D437B51DA4A910D169A59F02FC27EC5000FA655C257F3008037A47429DEE0B9B5FD03C7111A
311
130118EE23E24C7351255F862B2902A8C3F9936E36A821533796DD537FACB2C4F7B17D0C0FB4C90280301E087D7E66FDF9E75EBEF5DE432B07C88200BBDC3ECDEA0144021A25D4C1C9FCF1959D5B9FDDDA7C7EFD1954C0FFAB9C36E18A52586D9492D905822AC99E4D521471610E353387E5CA0D000A30333C5806A0EA843C
311
772633B4CC3E034DB6D847ABB124908E38A0544DC2C6C1E470B5F696074E40FF090C652E73C79AC7C808092604F734E980941EEF2F2EF3586EF817659578C0340B076C15459C1E4E36F9F19A462295645327153508C2C2D1DF6CFCEEEA9D070F1E9ACE13FD4039FE5FAE4FF1A04220CC212F551B78F8FCB5CF6F5DDFFEE333
311
D1E8FFC3EF3F63075851C45CA042814127CCA2FD7A2429070CE7B60CE600825809AF4FFF40402543694808C0726B8795CC3263440C9180CB790BFE64E3ECA716453EA24EE5B2601F9E64C516E84E5AE0AAB070816D8BEC77B695F52929524448346035E1F4723218A703531470907E080B801D2084482473ED44A8C09553E1
311
9CEC3F0888FFE68FCFFFFAE59B77DE59D98FB465EC9401CAF04F0F501BE4355E11965C61AC68E2673BB73F7AF99FFEE137FFFCDF9924C88F8225C2C968A19024AF282A2C6276AA78CDAE466A36398D22AEBF41E50B04A8544F7789617180870102F5B042AB2BBF21D70607F93D114C9E530259023C016680F7DC0A4B89FCED
311
87E70401B66FAB669A561653B8CBB013A60048F0733A994A9261A729A6EED309442121CB2D11F30488FEA95B314A484E81EF4A26C9E57EF9FC73BFBBFCD1AD438790B7CAA1E6FE0C050EF9E289EA238A0B1E5D79E7CE9D17FFE7FFFC67AE8719D0B64C782CC6DC08AD1225AA0BBA1B00D04E3334EAEC6C97150E272BCDAA3C
311
002E803088E15BD5B240029368648BA9318B03E203E2C6072ACE92B263082C2364FCC6A5099CCC89424CA2CB4F399B3D91FC215CE1559A5A649A9961DA5B697E8E2568D42FE885F6EEA25B8CDE9552816A8859A4882A1C22930B84E2F1FFFEC75FBF78FDA35BD75666A0DF9220EC3F264FAA80422822160A6413AE4CE6F75E
311
BA7CFBA317FFF8CBDFC05CC2A81C511C5D6E6635F3810B42059023F2544A10A47E2FF2B106219203C52604EF682C9A40150353902E57DBE21885F6842AEDFCB2A0046E385010205763B1A054035B69A3125C9A1A4424A75937D87ECABD202BB39BC8128F881AB413411B6BD48813500CC6E699684688821159C822A6024E00
311
F612C5E1C442EBE13F3EBF7DFDF69DCF57F662F011B9A240E54032FDA6F8139379B221C5C5D28799959B97AFBFFCDC736B27D1777624296157C281647BA18871CD0AC4C01335B09A09AAC74410F5221CAE63A5B051A8AAD4953F3506ECEA329950AEA10980603F2F9508B1ED077E0FE3AFAC20C9411440793159A320A0966B
311
680E88D914820AD85AC1F2A3072D7961C10FFDB7A52C2E26890180403B9B2D50C3A138C21D43490C5828F6CC1F9FDBBC7AF9D6B58313E43FB48941558478807A7389960E817F8503B4433BEF5CFEA75FFF7A89DA48284CF7E025C140A9B1B0B0906C84882E009751CCDD31024C8461F72CBAA35FE1313BC00C0E8D9F6B5460
311
04335088284021A174F2254E972B50B37C2D97E21EFCDE6832048BA01DBD552E321F09654908338C0DA0F38A80C0425995E664688AF9649A58C0360E54FB9402FD82EF04024C976B6753A55CA94D751CFD22A18826C26BCF3FBF79FEEAAD5B67F763E94DE8043F4060DA1840355044C30A72E3FC24AB48F2132B3BD7AE5E3D
311
BFB9B411E3B742C124A60066B6D9AA81E422956A91D5936FC7250705E10C286AB22EA02D40B2EC003F478706100691AA5532DAE054CD280BFA73AAD7E1598D7CCB5A13F0D870E5D9096045BC150A6B174FA5D43280F2ABF20699741B75A7690C0B3B409D014DC40B7205F6116A3355AA512A926884715964B3D1C5F8DA1FB7
311
2FDDBC7D73E5E959F939089713201C400F00C1A455063438040FF26363831313F93D3B3B376FDFDAE9D59831C085736D80CF20DB428AE9416C18DD4EE05BF139309E3F9902EB0E2639D4207455D862895BB9DC24886F8D2C6B8A255640564AC8247773D53AC55A16FC44956E8A09CA02A88728DC0826D9B04AC69429213204
311
752E8BA7A9B05910B1AF90070BE4FAA4607277F49179C48D6231996D670987313458AC44B876F2F9F3372FDF3C78E6619979095B6E1F7265020880600420986078503898813513F9A7762EDDFCE8F2B9A54E2D8EB0E926768C81A276931912A840BB4D704DD98CAC8BFB6B8E07EB5424175F828D6F7181EAB1260E01DF61CA
311
1A596441614EE45349804ECA0D44C61ABA0407A4BE2113BD98C3B0A41F17CBED181A634224D267F6CBB2A2AA0A4E65B99A25DD077730C1A6845304C4BE707E221BC866999C54622261A9AB0A43292C394DADD5D6366FDEBC7979E5D0ECF4692A9F089F0A98DCA11C82D17FDA2B892927E4687E7262E2E0CEAD5BA485DBB539
311
8609C82450561421595A2894168A450297640AE530CD5722C6640684A27511A54AB58B31A4984DEE8E1F50ABA758DE91205EA3CE0713F8B175114D640C02A88B665566530E4CC80E75AC51C0C050112C36BB4D5C3EBBE4718DB24C4065A1B99C0B4763A3481DFA655AC115E4A3A56CC45F4A164BCDACD691F8FDED50560362
311
FEC5CE466769E7D647B7771E21DD9F3C8E9CA9025810041A940D4D6A9450E1A10C24A41B3206670EEE5CE34BDB4B1B3545038924C115BF948B3764D20343F6B205644B385E304027F0859AF00C2F48634B209F605D254D6C423AD3CA06526DC62C40AA1ABD456301439CC2933609855CE063B5778B33790887D83B1517C826
311
AE4CFF523A0C1B1AF56C936D1BB909168729F15C821F34D6C994D3281F248BDA50895F34A01A021F645863310AE13BB76E5E3AB83286F1C7DD4D8BCE69345ED443F9C0187A414D94C141538B89D9E9590CC2F4C3670F5EFEE8D2E65267892D6692C4D5182A3F6155810DCC0A2566C62792C850932AFD612589B1B07EF79817
311
D114BF37DEC25C2134026159F065A6CF1248316B8C4D26F158B08AF361978C076ACC669141B61ED5A1B80F66446374BE516C3117312318510F280F0FD7DB0B8D635D7F9CDA27732E247F6E0E6EF8827434FBF7597446E913740718D24C28665BAF6D6C9FBFFCD1D59D95FDF9FC69ECBE8680B0753279D3FF88D489FC600435
311
2280C08BFC2C10393DC691D99F9FBB7CFBE6A5EDEDCEFA3AC56CA201E20B5E64132C5520BBC915525D40A13147D49A92E914E34EF285BE68AA55541687EE96298852D63A566A34726C451396E058F025425197452A17F1308BEAFC288F9F89D050CFB4203EE132B1247B28433D185A66BBCC65760B640BC9628E6B08480209
311
1E1AF9633D08FA4AF554BB5B2C32385892E0C983C22A848537966ABD9D3B9F5FDB7902C192071D9F8648FC1C88E741C18F7C3F35F1D9BC0AC379AC011C389E1FCB4F8F1D3A7FE9D6E573BD5AAD8619205CCBA6C82FB105DD02D33ED458B4D60E85D16D1BF805908CC8D035F67A24FF2B3435AC4128B05CC99412280889EBA2
311
280FC7A3E139E9709827D24AA01345F884D39A14052B124CA625B6647BE602734CB0A818927ABA486DA0D9D036CB4C2BC46620FA2458F187532A2B619C98C04FE169813A78895420950A74C3FE757E3C77FBFCCD5BD7760EE5A727180E9CC511620A668576424234406E104CE863E031333B3B0B5FC0C14CFEC0E3A7CEDFBE
311
7575130EC4E328412251682F04498730F42D24DC040A4444041A904E3D2EC6F41BD30132F9E231E69317A8055696D3C574D336308CB2DB1184AE8599093617DFE0379FF8AF15E06BAC84D2D28835DC5A3CB6C6D65C519953D954C6C6EA9A7CDAE247E8D95CBF2D97270B89E0B11E4A1A98C8C0666AE87FA1C8FCFD05B6164B
311
769389663B15C072C7E2B5DAD2F96B1FDDDCF9D97EE806D602388A2FB06306A6077933308DD5E7289F8F4D9E9E9C9E38CE49F9FC9E89D9895D67772EDDBEBCB954DB60A80887956810B2E25A09B70AF552A1B140C9863B9128047E89480000730BC8CCC2E163C5E526586C633A42ECB638175D8DCD11374972B24B1BB5DEC6
311
46ADD6D95A9A5BDAD8AAAD2D81B2ADDAD6129CC6946219B9843C0C124E9518DC64D7B66CAA5B6C6773283E250845541028138AF053AD06B9DA428BFA5189688D42789BFC52F124F7587AF11206E0D45EE833EA274137F43D3E9B9F383D39C190C0C4008303F9B15920AFFF7C3ABB47DC989D9D393AFBF4859DCB97CF9F5BDA
311
588AE107C832C93052D827229463CDE55653B680B14351A5A20341BCF9AF4482790AB99C6485ACA700FA7A7421C537D2C732C5246AB9D45BDAAA2D6D74A01BDA3BB5B5AD1E5CD8E2E8C6FA33A9C272AB8515A19C4D8A07A8E086480E2417DA2DB64C4337149C627B943A2C04D84495CC778172051A9A4B1402542DE8542E1C
311
3A292E9FBB7CF9D2F9A76726672DD999910B9855AC0704B0843C510C9F981D7C3C0FF441FE6974607A6C7A666616A7911F3BD5DBB9BCD3C315AE31C78AC83A413A803FEB9642857A974513ED6497053C581BA5F1748B9F51F053914534A093F53B743F9AE8168E91C750CD1D6EB5E0536D6363E3E4DA86F6BD985A9F5A5F5F
311
8FAFAFAF01FDB5B5F87A670D83B39628A4F989108ABFE5632DE48C85604B9439AC7DD26F51903C1FAE99D12AF4B2B8A0116C36B567FD5EAE914890AE2CB4C90313C958A7B6B5BD79E9DACEB943FBA7A721F3E881696C80541CFC0FCADC0D2278320020B047FC183C8E5A8C4D4FCCEC399D9F189B199B9D9939736EE7D279BA
311
DC893D43D02A34B6B3D80336EF4448C52EBAA61D0555D05193571076D15074955A1A8352FF1FE941E6189410384D9D0C9FC488F12FB6B6B1BE7E727D9DF928C004E0736C6DFD646C7DA3135E0F77748544B79919FEFF8FA512BF67850F46115F83D72737C7F762E7E5811309568F3429FE69466611CF4908D448915806C837
311
C23100B074EEEA8B9B6764D427266666F36352740C204F92BBFCBEC6C864188E4FCC4C4C9CCEEF99E59CB1B1FC71783531BB6766FF99F33B3B4B4B4B8C9786150C89055D72D876229B6B1DABB25AA919EA66B9B782040A308AF3828C41A0C5B1BF8FAD9DDC5E679606313A24C4E3EBD138B32F627327D7E64ECEE1A0013FB1
311
F6C6161D05636B27D7D6D663C0005E843B53A44E988C50E89993B593284B9403D138BB1C704C158AB0D2F464A9B0D095EB639353A483EC9354C2B051986C94E764ADD3BBB4D33B350331B30C88CF8E01707981D9E9A3902EBB8FDCA502331363D3F9D9A3BB8C2B07668FCECE1E7F9CEF1C9899DDB37FA777FEDCF61A1D47D3
311
DDF8251D50BD2D94A26447C8932AD44993E980300004883E188459FF7DE2B95F6F6F84631C66B89DD806D786D0E7B078BDDEC5B3172E9C3D756AE7FCCEF953A72EED9C3BB7B2B3728A83177B1797F08AA83DD9406C9D415A31E1646FF3B94B9D5F82AA30B3D735C0AC5207E5995232D75828D28B7A3B277CAA68434948F516
311
3160ADB67D6E67F3DC2E4CDC71D41BB11FB7400726D04CF0C01F2328E7373D767A12F43F043A76CDCEEC99991E1B3B3A36B667F6E89E539BE77B4B6B734A4F285E9B13E0A74061752AC1D855533F3A506A64BBD8C25C88EA03C08C3E13FEE3EFAE3FB74E474388744DD473147B7012E25756AE5D3BB873F0E0CEA51DDAC1CB
311
0777F4EAD2A583970E5E3BF8CECAD98BB5937C43C44613B1E806C3942804EEF37F5C5F5F7FC638128DA61634AEBC5020EE534CD2D070AB7ED526954436949F5116BED359EB9DDB3CB37F82E8E6F4D834D0C7B341E32416117610F8CC9C4621880A01C0698546607FE2C0F4F1313CE1D147676666C6C6C666278E3F7C7693B9
311
63442FD24B0260C41D60A427B100169B441FEC385F4A15497718382130E4CEBFFF87172FFFC33AEE42365CF34DE05D344C0CB5DEBBF4C8C39F5FBB76F9E0C1DBD7DE79E7D6B5776E5FE31DAF6EBFC38B77AE1D3CF8C83B9FBF73E9E2DF13E5C4A2EB989250789DC294E66CFEFE77BFFB68DBCC6B98B4375760A882D4A75068
311
59589EA55B0B0B8C052221200A58190CAF6D6F9ED98574D1E689B15945417B6407C608F5452C3E6F927A00F67E6CE2F4F13D10BC67260FFC0F8CF15210983970007778F4E1B3B58E664EC9E8D031668750CD47CF0ACC1B21F326E6537A90A20E950B4413EBBFF9E7DF5E7FEEF7F884356C00D4E3D9D7090E979F59DA79E89D
311
77A0F0DAE79FBF23049C3B77B68736F0D7BB78E1E2F9533BD7DEB9F5F93B072FED70C2B54E6821D5C59E623798D944F824DCFFF1E55FFEFE9967149124425DEE9FE8368A94D5995AA15821B990CA293683788C0EF059DB58EAED1F9BC0AE4FE3E3F6E0E7F333BC44C408169E20FAE9FCD8C0049F8EC125AC04BA80C1988047
311
F9B1C7670F9C1E9B3D3A76FAC09EBD35A2341480C1ED54A8E46FB07E65016F80D229E34A1659CC434494444CC9D8F3BF79F1E56D0D2A85B1F0820D8C0B355AADC4E6871FEEA092EF3C0685177A3D0CEB92E29F0E969A27DA92F8C098C4639FEF9CDBDE7EFCCE4E1447B3DE39893990058D9FA464F6CBDFBDFCDBDF3CC78D18
311
3E2A36169204C7CAFA16161AAC594D36520085CA320C2088D068F0D25EA1181370FCF804A15D7E467A40D167360F2A26C00199E080E48DC2DBC32C748FCDEC41070E1C78E8E8D1FD071E7D7466CFF19F3E35173D194701C8BA740B2C609BB1D78544B6905C20AB6F1608FB520CC124D6AFFFD33FFDFAB7640CF170F4240A2B
311
6B186589D5FA8BB7AEF5C26BD71EBE76CE08E7873D49D3E7E6D6B0F8FC6353000EC00452F7DE526FE5D6CEDA0629ECF62FF9CDA204CE31BC0E92D0A5442AF4FCCBBF7BF9B90E958944A8788CB28E58B200002000494441549F720490F8BE241E40C2D06888E65DA95E05CF3A0F40FCD13D3FDDB3E7F4E959F41BE18282D313
311
D3C400783BB5A393034727C68E2A309C9ED9358DD57BF4F8F1471F9DFD5F2D9DEB4F23E9B5EE7D32C163EC937495342E76CD745D484D7515A9AEDBD8A6A627950A3B3A429CEAF1409B41C40683A1B1073842106B98A8458FE0032212684B7CD851A4AD93AD3E7B5A3B9FA2F917CF6F79E2BE1963CAF5AECBB39E7579DF2E7B
311
A56D6B911D05B66ADB512A091C5645AF14954BA059E19388852B0B2FA16873348D84051C3CDCDD5E36F80F4E886380F808271891113C5EDFBE996E1D1C2F4D8E592445266C435CEA0F182A8143D802A0275C40C400231A0FBE1F6F555FDFDC5EB0197299B848601C55479B23F2BE7757D3FB8B5DD8380E2FAE40B19E494EEA
311
0DA425C20029B040D741A2EAFC6A81492B1A41A0A3697875132A8079B3DE99593028F6BCD789B000C220F13FB21735F379A0D83DF02FD09A9AAD2A5A6C2AAEA228667757A00CDB820340FE498A5758305D2D2A4354DE1847433817F7770F6F1F313FE2392B4275C3FA8BF58F2FA6F7D707A3E393B5E1012B942232C440C202
311
062575321C96902F2143EE1AC50DEBE20F8797B58B879BE9F227DFC016ABE088C446A0F491572FEAF3809074EAF8DCD963F94563991AC51C3782234877AD56F715B38C35BB570A9A311ADA441EB27E517E136088169FDB9D4E6507E9A06CAD47CC8B9A41D3D6B44EDC2CE330B0EC40754BCF0E4DCDED7E0E05E103A8913FA3
311
B90906353082277F7A36B7426B073FAF36DEBDBF7973FD6E614E8C6573B4494E5B7FB7F0B8FCF6E1667B656B4C4655271D12204171624C3006292FF0FCA77A2876CD859F3C131255AF020AC3E5A39BFFBE043F6ABBA3FA16FFFB1C4A60B5CBD3DBBBAB83278D79144DB245FEFF0583005052F14DB14E69E457ABAB461013CF
311
9560C78D220D9C5F84D982EC3BBD4E4FA138881080C0C5E795666CB368DB8A22BB0CEC661C369BB693E8AAA60541A22A9EE9866EECB8ADD7606B4362808818B933464DB754E61021DE8C1FCC5F5D1FDD5FBC9BDB421A586DB50EDB7D5C7E7135BD1AD6F06C5E110112DC855149CF466C1529486708A3E2EA7C0592FEF4B456
311
DB5D2309DD7EF3305C5FD9ACAFC915E7AA7588E5DCDC743ABDB8B8A8D6D908B207FFF894F3030001D91AC4859F714F3FE3FEC6A16D8641A8C44D3B2A63DB2D9BF874CFC6BAB566B3D791C54304C97F2ABC1235ED20B635D356CCC871234DE9998E6329AAA91A869BFB8E97187ED25F25F79095237701C219F8CC7186D002F9
311
18F7763ABD797B3BFAA6F684D025D63ABF7AB9B2F0C9E6E5D5E5C2686B1707E547A930D3BC450C68BAF6C51F7EC66C5F8DA82D918BC7CF3EA5742CB0C67779A55E5FADBEDB7A980E3746B52BC6F8B9EADC26CC7079747F757F73B7B92989E93309FE6440A27A7C914E20AFE285E3302C4DD5D41433F04AA734BDA0D3541400
311
9F2CB71419000784446D31AA98B65D96B6A96976A4289A652A3CB5080259D83243DD5154CF489CDC539DF4FCE7D2CA97F90641E1670B2B502F442E1DAEC668ED7EFADDC5B7AB6871BBBAC9BD8EE6496D371AD7D3CBADDAEE568D612D9954012AC9A5E4175566D6495F54BAA340F8AC37842405BFF03284B0404F6F54BDBABE
311
6F7C551F4DC115D211BC60AEF678F896146748A249BF8ADE32D41C3BC0993EE5F61026173FCF9CD0D3F530500327094C1320638176C05F3D68407351A21DA0D85CEC54EC8ED6B4CD38EA695E338E545389B530774CDD081C277113BDC812C7F1752737FC310EC0CD72BB126D811BBAE64F5E70B7A0C0C5C3DDDDCD095CA9B6
311
B9095E42FD8FD697D7D7A65775C2A1DC28E689EE85A4B0BA1998203DBC4048AD7C0B64E1C252E89D1539410A4694879BF5B7F7C3BD272B9743A1958416C4537D737B737B7F5317087C853D9297488359DC1F785EFE14FDB37653F73C45B7EC58750DCB8A425B89CD9EADCCD0CE25BE996547C302CA0A0888F1DB8E633A41E0
311
D8A16B9B6E80FC3244683A61169A2D37CFB32469A5DDC9FC2CE272A36271335908E65016B93CBABD7F78F32D0EDE00E80869F35B873FFCB877347D3FA4472DF554E9A4CC1C1CC1F1E403C87B834B7CB080D1FE24010A1C72E119248A8DC1EE890B97D7472F7FFC9AE14D2CE09B19866C9DDC5DDF5E428B69D68BD4B0443C92
311
1F848D8814AA837E1E8699AA2AB6AE98AEAB9A81EB9868164777813C14CEB3A88CAC9D66D3ACD8B66B45783FC18E7799BA6BB9A69A598E936B41E8FBA193E7BA5E744181B428BA552A4E0BB8DC2BD8A7F437E9167E0136361E8F6EA6777757E48C334D91045D1D2EFC72EEE6EA3D98C84ABF78F20D551AD1BD70093C81075F
311
6252783D96810588D9CF7EC3A891155FF38DE1F0F2FA74F5971F1F4DB724A71C11471AD5A3FBE9F5F5705803487F22265C8B6480737CC421E7BB62B4666204A66E630AB355059ACA1A716D73E6ECB6159301410FB46685F867BB367E12DA00A7820C4A57D11D5D47748595B63DCF735A492B2FFC342D5AFD55EE17390BF3A2
311
02C73F30A2C6726373F56A3ABD23FD1745D7E630810B5A8B878753AA00D4CF65689F1C16FB983D648E458C1E149C19852C9C6040362165255E9392265766CCA106089C1FAE1D3F4852015DA012583DFCF67A7AB5592325E4C30181591248A786F2CC178D5D5F6F1BB9EE0489E76696EE12C643555103CF0815CDB11590CE2A
311
B545829CDD53A87C5534D3453666603AB6A3A07CDD535447CDBD3034B88EEFFB7A5E1886D3CE5B7957F58DD6FF6223CDAB990CC0403C8F0880F5D5AAC3A3CBE911F9FF36024059F5E93184FFE28A3C48968FD9CB9205EC650C1946C5FA67F0C70AC43478D0C9925ACFEC4D42B49E2C2CC3EFAB1787AB476B930BD8D0FC9690
311
C65A75EDEEDDE52A9655E3D894B9DA4BAE4DA1865B2220CCBDEE1A7937C9F430315DDD08132773D4CCB73CD32626E84A149A56AC02759A65A98A5BDA4A45011CC45314BDD443C5F1301EA708733FCB33AFF0BC5C0FF5569116DD54EF1BFD7E77D23EFFB9100E86C6644958EA9CEC48ABD50EAEAEAEA642DAE6366B54F8EAD7
311
C76B47E39BA3B957CB2BB3B5CB7BA5BD28562B4622562FD60F7AF322E88D597CFA4F1391D92EB93485E7278DCBEBC9E17830DDFAB510CCB939D28CA3F77FB9B8949FAF7EC1167F662C243BE15CB5E546F5BC68E74551B4BC5612B600AEC4D5D550C2794A28B01DCDD1DDA854B420B27B901FDBEC691596DE042D2CD7C05908
311
0281E9660ECB0E43330C133F2B5A85D135B868D14FBB69BF55B4F75F7FF029C0CC47AE88FA58BCB4B246D3F7DB97BB42EC25586D0DAF4FCE4F8F87D7D8E5CA9367084B7AACB4DA59AE94B53E1442F48CF62DB9C00C1E512C4E829B332C250F414E24F4B2D1B81E9F9F8C0FA71206AAF384C6B979A6182F6B23A45E67F530D1
311
065D71F6862D3FFBBC9FB45ADC70D6EA1689D1F7333C395313D5D27DD3B00CF05D95E0A6444148864306A0467185276610B99EA9E78A9EE83A38A8879E9BA4461EF6D965DECFF995664637ED76FBFD413F1D0CCE26D4EB6705386200219C1BC13E8757DBEFDECE335D2734B73EBA3C1C40FFD7247B47E39413E97B231E9200
311
190597BA194B96F216D11D8BC0F7B1107E98EF5208FBE0F700CD1C51EEABDAC578EC9FDC5F5194E39DC8AB367A7C4F54AC230C0A6EA201C182AFF65EFD8FF3565AE4288995FB7DCC20D733D498238230C1BA4D5B0F5B9EA79AB66B862A06602A960D11D25535D61517759B9A69E0237AAE7A7061070028D21049B4FC22EFF7
311
FB5CB9EBF7FBADEEFE60B0DAA0182C48001662BD522EA95D4EFFF21E758E50CE7CF549F5EA74F2ED640C059AF93FBA46F1B375A36C0AA79025C9206606C033F489783E90DC90AEF30770019CA0061BAA8E57274B4797CC2E933349DAB8BD7D79BD35BF45B4053284869195ECD1117E3DE10EF1D522E91ADD7EA163FF7DFCA0
311
30544385CA782AC8AE28AA6A3B6E608526A457532CCBAACC6892EBEA56A8066622E2488887BAD3F2C27E921B49EEB58C7ED1F6D30126D0C60EF69141DE9D7CF8A9000F3720DECA7DB1246671DEA13DBE4039F39B5B1CD136AE52A8C7CE717AC12F291C63E8BC05236181B4F54574F2A7C6691AB3F751FF460A1805692DE036
311
5C1D7F373814A95647141619F9BCBCC4FC61057F92F793113E79B2F7E9B3F9335464E47EAB95CE1E8597E469E8EBBA6EE0CE7A82E20176D88EAAEB96A9863025D726EE6908405523CF51D938EBA8B66EC07FF1FFDC08333FD5BB59EE0FDA8324EDEFB7FA5DCCBFCBFABB2D3EAB3F59A310890C56406DCC722467528E46EFA5
311
8BC64A450CA3C9F7A7E36F3656A816F236816F0E3BE3BD18BEA44FE207920509F99DFD0C6F904D7F5880B8073116D3D9DBA8ADADFD7570C00BF8C03C2473B87BB92BD6B4F9394300E4E37B14023FFDD9EEA0DDF68D7EBB8D9FA645D2CF5BBED74E52D7C9D5ACF0F21C1B000D2DC55355C7B6213B661613F1E14A1547090911
311
B87EE9E4AEEA38BA91EABA9AE82DC3D00D2CA0DFDA2FBA792BE91201F8D36D75411A91407E5E9F030A78FC01B882FCA3A2D15FB629658A09E0165B6B9393B3D5950DA17EE8924C8F553CFB1DEB658049D64CF6C74AC440A001C47FDA8B8294324C24E338C03CFF85D4E8F5EEC91A9541DE2E4E43BB036E498391AF258D90EA
311
D4A79F733058DA4DD22E708593A2AA7E961BF016C3308AA4F0CC2CCC5527341C28014497880F453208F770E08A623B6A58288AEB18681DD4508B1C332009E04759669EEFE7FE4F4A6F0D26FDFD7D64BCDFF5F3161EF7FA4360E08B853FB000D12252A85EC2D62512D46AC3EAD6DA6EF578750538E73F095DA7DD27E910B512
311
71676C1F5884F2F0000039AE0127922222ABA3DCC6FF6008CD27DF1FBE6E1CBC16C414B1521EAE6E33AF20E800FDA032B3C788D187E3FD763AC859757FBF8F09A439161BF2B76EF86A0B5A8C6724D8751EEA0AFA352C383F600F5506FAB34A2CA50F170C0C7337313335238BD22141260C88C3765A05ABE7DA1204BA03BF75
311
3643D9368666F818C46B5AF100A12C98C38EAAF3DB975B04EAEA162BD9C625F6D60F26ABA0000EFDE2D597AFE8E0EF49B643CC4764603EE7F4489F13F867510405E4F892E5BFDCE07838ACE0C993DDF1EA971BECE1A25B82D225120A4010270880C81303ACAD75F176EEB1B5DFEEEFCB5DB689D745ABEDE77A4A2A97195EA6
311
9A599AE51E51D177B07515E377593FF1C0302B24BF1E2439544DF41EE0FF452B246E64FDB09DE72DEC40C7A5C4E2BBB8C2A0DD6DE7FD495A000FB843D137387301278012366ADBF37432A8E38B0BA36929693756C667E7F30B9C2B854B3356C0C2BE100B21DACD6C062BFFB914B6D0A3B06404C2C684FFFDD59FD9058C9617
311
BE5A581BAF4A79BC4692BD0D0DA86D5EF21CB040E4B32E596D6D40C023F8B57C9F1BE2AF3EA669740783BCD5CAD222247CF7DB8EA4342E394D0B826F1A4144AA43A5C081F4E895C08E345040212AAA28DEF60C3B4962D348B230C99222C98A3CC717F2BCC0BD58B5D1ED4EFA5DA26C0B70C047BAE76B920D312B4194AE2D50
311
BB94F10E82944C02556B07E3DD2A9401ADC16CBF5AE72CC83DA6C3B0012A62D01DAC98113AD09CDF3C61E862E315FF8D5BE31952E4E4D4DAAF57EB2B1478F1787E55EB9BC34D5C8C663DD9026580DAEB31B7A4A3A8C44FDB205331B301701A8BF0256CF7E185DD0C1AA4EA052E9053DE712D47351D413B166C39152736039D
311
E8A0069006D2472757ACD0F0142CC7F4BD2249600370212C8CEB2100FE12A4EDB753BFDF56F96A3039DBE59437DABF3318987F9CFF5C125FA4403B851C810E1F1B58C5ED05D39863604722AB81C488EA9F35FEC09B054438C66EEED5CB27F477F17ECA0A2411AC7997A7D40865D5B3EE22718037C3AD88A66B93336E04C0EB
311
262DBFDB6E11A5FB8540F5A4E8B70858339D11105AB9D13212DDD7CD5C85D8E0E2A6679A19DCCF0BED0A29A067692C1DA6949B3E1132C93CB7103AC8E23DF2C07ED24E8A3644A80B00B60A6420F430E916121CBBFBFBFBE794FC664A9CAB6EB2DF0C3705CD04AA879CB801BD87CF5037955F0D062D5FBCA29CC222A8A4CF22
311
C0ACCD4F3F9FE53E63CC93C589775045A00F81BBEC35AA5BD419053DE7A809B27E162FB2AB8F078341770038618849DA4ED0509AF42742D6D27D4C0034C0255A0210F83FA61C26AA9178390820441F080843C2A04EF557568F01D870A02C935438748C1CFEC8EF143ED8CF09B1A2FB3CC5D5DA685E70B19DC3388418E270E3
311
D707BB9B382637CE561B8A55D58674F6480E6BAC93F5708A037E2166FC8AA102F8BECC77E03A3F958740000EF920BF67AE861D55C2726681842BAEC00545A473A36DFEA9D536F92964BB79501F8FCF2613D69B26D92C0128C4E80505FB83C1FECC0284BF111FA16DA9218C28D40D350B2DD5647D8E11020720210511FE8110
311
784DD3700202A7DB7279779271C05CC203EF6FE969BB48C90810705798167F812DF920F5DB83493A399B8CC7A74B17EC9CA01CC4FDFE9A15436AA52938F78493ADA07E601E55F10FE92FA14B82024B7932F77B2AEC52151744AC1216513E248825567FF6AF732B7443780FB504B0841A38C02F92800DCEFD71F4F6E2EF279F
311
9FF1D817B590B1F55968BF68ED77DBC01242C056B9CB563109454930042F49E143187F0833B4C23C0E425D0D144FA900FF8117020720A147622CB5B0B050CD2474128C26735877DF4F8406636FC8970F40AE39689B4390B981C9647CFE7AC98B1F8EA4588DDD62EF3057B82B7C50923A5225ACBF21B191DF52D5001365D13C
311
915E4EE377AC0DF360DA1AB6C76E1C3ACCF492ABF5B94DE8A0285E742FB19FDF5BA3CBE9F5DD3FC2C9EBF1D93E7007FBC3CBDBB9EF277EF71C8E0210405707D828512A49530080E8C0B70BF1817656387998E92444A6E9D1F6AA2896AA9AA9E3B88A6AA9864B00CC905428FC11D8740CBF2D24937567000097DBCFB0839417
311
0BBE007A7180FD31ED4E3FFEEF7FBFBB995E3C5C4B2B4FD6830188B756D9723B4F4B47FABC8C19808BA09A7C07F9547FC7E906A403B246F9BEFC3B9B2315D400499E6C3790C088AE007110E96D5D4EA7D7B77777FFB1938EC783FDB3C1D9003D27994FC9A2BBDFC6F2BB2846F4CF83D2202095C28A8CF63ECCBE2D654EF44F
311
AA431C00F8433C1F1780244B3828CC8C62914D320C79D0428E164BFC3C67F1A4D8D90CF8B832F0CF518C387EAB4550F4F9361F940EF62793B57EFCFFFEF3F6BBE9CDC5DBE9F4F22F23198AAB8E488525A0D3D202BA788DF5CF4B9AC04239A4AEFA7BE9010846406D9881A1F9010B66068A4938F1157C1D0132EEC0B769BC5F
311
5C5C4DAFA70FF777B7FFF67F5D443E980CC84B813E30296DF5DB7ED72F8A74B28F9D72A7FB082415791869E213C6BB595118991A3A29156E909F400F1152BD8A0AF72135C0EB13DB743CCF303CC7511545D79D0C229DEBDDC2F389B1141A583D8C70C0D5C5E38046DA257003281281E0CC8DFF767DFB70733D9D5E501B9A32
311
0B46DC9680C8BE0D20BF56FF35C90E4B970716C00C15C14D322326DF1822E4458646F90EEBAD7F40DF4BBA443F31865175AB7E71717F3BA52FFA30BDBDBDFBCFBFB5C66BAC7DBF2B995F21D53AF213D84A2A0AD9EF435767A1CA6FF7C908C8E75B3A8E4C668B76FB140848735A2135305A3F76457C41A7071A389403290993
311
2F411B4888F4DCF13D08B5C84A900542B04F10D4116D8E1CB0874C320F8007899C9D7146DFDF6E1E6E1F1E1EAEDF4F2FC8598F2EAF2F0E860D64C032E90B1014FE15AB60E9B3912961B5A27C468865AC089A5F4724BC41BE21A401DB21483C5637378F2EEEAFAE1F2E2E1E2E2FAF1FEE2E6E1FFE2D3B5BC5F8BB67DC07AE69
311
609128027016EB4CA9DA0058B8411BE575D32CF56104643345962A09D58EDCF4BC3EB64E014431C34AECAAB66A25BA6399614C36A093311000332AA2215690E62D272B70327C4BF00FFAD3820F27DD0C1BA060C0E722EC01E638EEFAFF7EF3E6E1FAF6F6EDF5E5DBB717A3E905FB4F1FB71FF720C02F1AEB1C460220E00232
311
5A8F8393DE6202320C260FA06F9E735865F19479F6180C665FC2C6F268A5311A5D5F5D5F5E8DDE5F5D5D4C1F6E6EEEEE98A8DA3D3B03F0C40008D244FE2EF72337825AF8B53FC1482554531C3248DCC0AA02EF375A794EFC03FC5C62A1948229135562077F80122011856E023C092164AE97B4B10535CFA5BAD24E42B09580
311
88C30B09F281150A6FE4C5BEC11D88098048E7FBD9F777F7F7F76F1E6EAFAFDEBF7B77753D1CBD7F6C3C2E3F2EAFCB4130BFF80DA7AD3233361CF29F53CE6F3132083A324B3A4F0B0CB62BAFD2045E5ED8607BEC27EC115C6FBC7BB7BDF0EEED687878B5FDFEDDD5D5C3EDEDC3EDDDCDB7597FF5F5E0AC0F0B42005D5D6FB7
311
F103345FEC73AB2C3F1D4C8043944E36E3A74206FA8991E9454B4F425A7D9E430EA449F037E1BE1445E91EE4D4480C1B16681B8E03F643136809E57E88FB240E8C506A4BF9002320B65219C514F241826433DFA70029851262C1EB6EF1EDDDCDDDED9BBBAB0BB47675357A3B1CBD7B7CDCDBDBDBF8ED474FBFFEE1E9D35F50
311
B9E530A3FA7078C0F804C3004C89F26BEB60B875C8F46C7D6E6EFD174F7FF8F1871F3E62D7F19F978901DBDBC3BF5CBE65F557D38737B76F6E6E4E74666944C72D0C00F64F9E07C649D1D6172B800C4908404F1801711ADB95109881E62125F2A4254840A5C8B44B49096230C0060B55250B5512E4CC2626209A0C6A60E999
311
67D065E1DA2DA3ED17202AB6E09304127AA097F40DBA89201027934B1ABABF3FE8EBC97777DFDDBD7973777F3DBD7E7B7D75F15F681142BC30C7C02CA78CFDE605C7381CB08D87878C8ACAA33EDC1C0E1907608262EDE860833D576C0FD9D823B9685437B74113190A39BA7F73CF956F960C43F80FDA172DB4B839B8AED402
311
B39420209C4508000419929E7685C6B70BB408C1EBE73ADA4CF41431707420F55128B06955ECD2B25D8712293EA0794EE279811450B48CE299A0250D31BD4F6DA4800C8126501F21857C89930909CFFBA10716FAFDACCF7DC1C4B3D353CC80C7C511ACE8C597EB5F6EAC6F332A312BF36E32B9343C3A3A3A583D62667875B4
311
8B43F05863A08B3F6BC35572FF95C7976C37DFE47F30F86AFD93F5BDC7CDD1D611C3377777B7A7A77CEAE09CAA2C364EE18372A59F706B5E5B4AA009A40457E00E41BC56BA8F5D60B189DFE65E696AA5BC15220C0E7A964BA958CAFED4872A6A6CAA0EA1CFA67B46C5905201B980EE6661A9522FA1C1E0EA54990B5092AC8A
311
A800B712E6997AF81F56D6A600EF521E6AC30C8002C09768F1EDE1FFB999DEDCDC1F6C6F302324679FFDF2CBE53FFEB15E5FDBA4685465529A69A05D59FDD6686B58E7708F352A5DC35576A75056632E77FB9BE52F7FFBD16F3F62CBCD572F6BBBC7B70F53C2E0E992DE3D3F93404F1140C23A1A350AEE0FBBA48C852DC8CA
311
C535305271000C95404063CF68A918AA8F49E7964307C431E97F69093C8064C8A638628289E2F8C0A1E3D95E4E67B96D511BE1C151A33487C10B40A4DDA70A844F21E836BE85580B0F9E6CC09DA89149DD244D27837E4BFFFEF4F0687A80A26B2FFEFCC93252F892CD2FEC7E79D1A81E7EF7FDD2772787E343EC606D75EDE8
311
8871C6F1D1D1E1B18C8D7E7BB276B4B0B1CCF66B365E6E3CAE7FF9C9FAC67FCD1D5CF0DED313E007EE279C1CED676D6979247906B27BDC504AD9CB973C058F273F13AFE8C2E02147F488DA091D0F323D3A7B3AD41F18641084749F5820DD61338C688BD32B01FCC1450586A863061EB5F23014E8485C5CC820ADC2A8882986
311
289F90E0E7DDBC8DC99331533CC0BD8CFD148A8819A4D8CCC9C9E9517565F965A35E5B585E59C694213B0B735BBB6BC7A787274B278CC69ECCA6646793B2DF9F2C2D7D7B7C34A6E9BD309B23DFD8D85B673B02A584979BBB47C7C7DF93F2F55F9F898CFD829C34215D2563839EE97A171BD5B1709C13398055FB628E9E146D
311
48119142BFAFD327B0323DF74C504D1262C5D23455891DA5E2C6B1AD96B062C66242373414FA8374453CCBC01D0A820732C8923C6C759D3E55D69C5231B6868F11024817F4BE0BF4FA86D7EE73436AC17D80C4F0531C73E978B8F7F1020522F6EED4C96C1E71F6936306F8D1F4E9E9F1297F1D1E1E1F9F88449017126182F8
311
747CB0B62919D0C151F54F8D3FEDADAFD78E9710A90FED85E4A56E5766153C7235BA76C03E1E47FF8A7E00C1BE0F24A764EE92B24BFE9675437E92BBA4D19324148520FD74C5745AC1502047EA446E25A4330E00322264500EA239488F382E850E418BF5DCB530059F5CDA113CF08D428752C28E32840FCD42FB44D724041B
311
F8205A899E9F7838A1C4229288FEE64BCE1AFC0D272B7DBC50AB9F9C0F4E19886699A275791C9F1E2301FE3E3915A3608AFAC43FF97E30DE6A7CF5313FF82F4F9FFE76A33AF00837A00B5508BD4DEC0D598A9E6792B549962746991B8402EC3EDBE76BE84042BD6AB6F25C97D2B80BF8D31FC0B89DC0F465FC013F30339366
311
A9526192CA8C2D64223512700F4B485C97EC9050A91B1E52D30335D7F3B657F429B1C2B90D9DB02BB5161D402C10929FB578A38F9F1940C6EC411101210CC08A4163E3B75F3FFDFAE9D31F7EF8FA378DBFFFE31F211DE8E4AF7F5FF2974EBAC86070D25DE251FCF5AF7F8771386110D78509FC28BF9F7E397F46294A98561B
311
ACD749510B3574BD22F3F855E8A0B287E7F709577443A41DD206F8C068A441810C34A03F08A597BB45709EE1999EE386B8800C44781A33546AC50C9AE0010A13F5ECBF6E2BA52B852155532D8B3E3103466E167889C9E76514D10B1DCF0FF107E4DD26D89207158E91E01F4B610EE3E2FA88C1494C2BF33C8B38C24D61122D
311
3F4D8CEEB8B1FE2F4F7FFCE1A38F3E6E2C3927BB93D65277704C1DE5F8F8FC7C723E383BE6D9607232180C5F3BFEDAC62F90D5D35F7C59E33F01F02178806DC1C403918A3E1D9A314D9FBA9DCFDA6121B87848D10A3D93F024246C3C7050EA6092C018B4B724BFF3C13EF0CC80E2E8AEF4C501BAC0B1AC80D698D654A248D5
311
DC8E1AD996A1D86EAF646080E922B39056A9E9BB3024FA095E521826A6164A9D5C4FF2C473B284511CFE72E0496DC611F4CC084320161A099DA4B724EC13920E6A247AFBF51A7D810DE61E47E75D0A49C76763C6A4D934C2482483A1E713764E9C0F176AEB54CFB776A15A6D15E2D20AFB0EDE1762C5811624D80809ADC920
311
2314CD080D00405AE006C51971465A8328832891CFC212934D986AC86C0B5437E4F643EAA0A1A561F99E193112A26971C8989C127B115571AB542D8569299BA912DD8E03BC82749142BAE7858630675A2779DFA306009EE07FDC0C80C8E77A9EAF7B3E4061A20D7209C775204FBAEEB5283DEBB892628701D2226613BD2783
311
930138CEDE00A9304DBA276C1D192C0170ADD61230B0C47407BD6CBC16CDBFBB9A1700001116494441544A2F83F214120DDD020BC012BD994562EF54AE512C936C3A541D8A9378783DF53F8809558B7D7C500494302E6326B8313551DA9FCC7F0631CAD5308028CE35D76A56A2D2B62CB3677622ABB4A420E24005D5C8C142
311
6CF448E730919E1A9FAEE3E06A9EC1A1B28CDBA17696D047A3E2EC100449196829516E67A12E4136086836955EE0591685781026E425E035E647A4D4607954F2782FF347DC310C3DCB52CBD7AD24619ACBB3122B74F4C0750355B0DA4A3C388C19A8AA6550AE6576AD709D4CB5300E8F1FF4759FFC1517058EDA642B98BC04
311
E98C38E131DB23F7EB254CFC12E9548FA108940CECD31BA71B12546CB3B49B4C484186E59540ED05FC1DEDC441C054A16BC79645F51C95A3189A8A7CA4A766B9AA5267658E882794C8B011A691D09DEFF02DB3C0FEA1D7DCA7EB95AE419121603CC571B95410C44A1CC8BF66EC0606F2EE84C82B2BDDA0A443C738A346D8E1
311
7A34ECE0292A1D2B5BF7548B122EF8CC375497A23EEEC7F40F153B3E95511EE44DE18FF89E4B08041872F4CDE2714F2982270917A2E9C5A2896D303E867FCD52A1E813C64AC49699A02C03C66919A1021DC0079ECA9C1C2E4027958609DE40019D1C51E363D590F52377D7D3993AC0584D6F964BE62C1858C2352090580E85
311
677C01B7712C3D8E15356120C9E1D3A9BA11734C3E23B602ABE4D18B4B2BE68B00F4A547093991EE3546CFAA110D22085880E3C4FCA66CC9338FDBA0C39149F9AE4028101CA1620483BE20AFA4077DC2B181FB034C36F404DDA263852660442548B1199B553A58BEBD135798146E6A6CAB68DA61D9B32DCD656496F1F2666C
311
D9DC8F8445952A91CE105D404599CCC031989E85377B45985989145391087088B7231B4670DCD0621A27E3E71426B490846BBB7844E0F6788910E3355D278E7B04DFD232B96C4C39CA6A228ED855789F85EDD1BF8D9118A108BF770264404D9FB1378280A3BAB4B37585D7F169A12784441F0A425202F7C3F80D29FA491380
311
961E830FA6CECF67AC5CF5AC08BEC3582493E09116B36D802961F60B3034CFF870871D02911935118B162BCD58D1647652F16C3802FB46E0486AA0BB06EC1928A5BA6EB88C93D9798C73871985161E80070028A4DBA6BB3203CE1C4855F49E9DA9312196320C1946A058529066A12E348BC1640BFDC7565C9621EA75E29031
311
7D265CB107446741D1AD00EFC5A75CAC8F9044DB4E0925D452CC649E4BE085C617AC955A1F7048FC758019350F7394006C642A537081E6A85A84CC6D36012D06AA164716DBA39AFC8F734C90DB25BB831821EE7462BE8C65CE9E6FD93D90928F37D946AC712F581292C42654E4EAEA2C3DF1EC2C83535243106689B670CEDC
311
2595B4440B6014749AAA0B43193DCF620F82D58B33C22FD68025D099B115509D72648CB1D1B5C44CCC98386A2126BC8288EF043472E9E2B682507C24064ED127D696652E855CE9EA1B120753DD485CB17832783C4201B3B11E800F1A67AA719CC17045D4CCCC2FA2671220D62B2AEF54D82F55B2474816CC0BCD8E78044F91
311
8A16DB1153D5ECA720517698258B5D3DD02C159260E20A7297B0643C5FE68C2DE802EA1713E001D5C4B609A0418073337E64E2831893E5968A2CD6E2FD603D844BF005E72205A55067851A31C3C26335DEA3851806A54A1C12CC74BC58949E93B2080E0B2AD1E0440BAA53408B6524926E3D54091C92B04D874766E49882C1
311
1B656238C8D80863B21DB609BCB352165AEEF49A954ED4635309F3F3BCD06C323E1CF54AE6C865E3A4C347A308F20364E3A055DAA8650F20B2B8034771A8253357C988490E28012D2A3A35DDD80D63FACA42A58961784EC4341281D7EB70B5244828C10681676A1E5E2FFAD7695703332468B3411DC2271F129BB1E200BFC8
311
C0B1D025B6CCB60DEC5F5636DB0560F952B8480CA9E88754BEA105442152739819A5BC585102DAFE3C4014AE6DC63103C1F05D229CC66681586B9ACD4869362BCF6720F09C8D85AC3A603F0D3B081193D664AF591437C10ABBEC859ACED60B81468A26815CD2B6327C146466023702BC512B62E6A3283BC22030D3928F0E6C
311
072D62BD9459C8AE14FC5BC1A78057A20D8BD6B823DC5B4013D5A36BD52A4121D39501DEB2747968929D30D7C7B03320C93B1D858947576D610284479C1F0F334060623D511930C6D608C4B328820480D5C8150AC026A8D2D62CD6D1B3D93D213B05596A5459ECC94622B60BCF36CDA3F94E694631C3C4B6DDB1D94CD55964
311
9A100331ED0EEB0119755B656B0DB7452FADC9C6124D46F2513DFA9439535EA7E94CA81726A06A1204104FE495A0406FC66DB42823C05193916624BD691B3777AD52708101664DDAD62C9C0B59010EC39D1B71503A910E47D080045E67E093522E788C81496AC868B095650E55814427F3C539C00DA088E140125F6E43601F
311
ADDA1D360A4451208BE7D1094ABB53E9B19D90FD92ACBBC35E1AAD6307E5CEF3B2D4B4E7B1D663BB4D8C61B0AD06BCE0ED7689F9C164A0080A61954452380E9605DCB8B4D863C81A7216DD5372642A5FF8A41560B8329BCCD78A9584110BF5E01C1024EC027A002F404F333531BD1B07181DB56A923E8C886F453117C79BB0
311
3D642A9F13E17C808E6F139475682EC84B680C015F3348C8794BE9FF9395700BF0A84805D0F042368980F24D8B7D1204BD456D47DB8916ED8A6C297EBEC34E59368CB2990C0BC01A9A3249CECA89098B3FEDBA32CB30E2279B906574223B0C344A27106BB947888DA90BC3C4A1C5CD144BB72DF65D3A1631DEE5774CF0B251
311
6D6C6A610FAD5B5666B2458BA00CB3B442C2A00C71131A6104410F5307510893C8017680F048D38011C152D168C9362E964856EF118C593A63CE30660200451C6E82841E5C1590B4807E3604E1BB65B9D38404474ACCC6784C5F36CEC916E1A8A2E1F56C2EE7EC8C1904CEB653CA26DAE667EC9B452441C946C266C45CF54F
311
96E0C4F025761D08AB8B705DF4DF536654872D185AA0C51E3186B54334215054D7F8A6249E5A84CD47BA4B082F69465AA49CECEB53A1A12C889B2D4B36344880E0221070200F6660B28F1149B96E1446820016ED7B1E4E6C88DC899308556192015EC675B1789AFE8C7B126408026A4CC28FB225FE43FBE07E3DB6CCE1FFCD
311
12F063F3343B09D934D52C7B6080C6665AD13E8709E00CF26DDED689A31D64156BB28B36C669909C16F48008AC9CD014974800234314A003CB8B0047CD2E21FBBD9FF69F60E1B21AB1912086D2426C88E644507E423AB41A38468493520C36405C714B150D962EEB93B48145120DB00795577471415509DC98A41508714991
311
49D4C1C03CC3813286FDC1565C05D92801588A73C26A9426F8299B817BE20A689FEDA26C27D6B43286F9008208821D649C1F2128D861073DAF366D3697238D5E8F8D653B0890576C98138C091CB4D8708259315EC61FFE650F528053A02DA8341BB0E8B609DCC6D049BC814D7B009B5A9A3D64108B8A55CDC3B8316DB004C6
311
E4DAAA2389A22B9B1574E80B891A999E706FD3CEA8DDF0364529350005C684E9106B43CA99F04DBC06551328A11C702E22B4EC7CC3E21C8D4487F4DE8A08FA1832371AF748FA7B1D4576CE6209A816D56BEC1C65D51DFEE014A8BFEC2CB2AF0E7F100460B3317BAE5932021320ECD88B6C3921F0B3DEA6D2630F164F51B942
311
F8442B2EEB86635961531CB1C7AE55766948D105E24B4CE01E66EC0C330ED8C4055C06319B33C952E1F5D8BC4B4871617E840662207026ECD352F42631D99AC5199B0D6DA409D88885DD51C035E010D88D0E3B867042F76533944407C89656266888BA47A046BD98B08F1B442C5B02410711B0431C0DC303FEB98F1A2934A3
311
72B18428CAEAE5BC0D0422C0B9D82106C11431024C64D1E29C01BE720180B2A34416660CCC80B76CB42EA58AC2BAB10B97AD48A53CA7FFC4F84DAF34633D15621D4020D8CD04B09133C37C710C5E43726890D8C2FE1DE20C650B0B4B2204D96A8F402182155308A57C29D115145229E2C374A5D6A5B041909A05C5FCD9BE27
311
B20E876D31CCBE953019D61B75C0B10E42408D0A2408FC63753840478E18E51C8DE8B3CF7AECAE17893C672779930347088CE2111CADD2914DD711470A70A040C492591D19EC73F625CB2322C38A00080CD4ED01073D53984D53D8368A10EA6E81BC7C493500ADC17858254D086E1A9B704392E398BD7A901F85828B706559
311
2D715BF6F2715DFE40456557AB225B7D10381D4C593997877DB1D785D201254C568C5DD2D220F58F2C05A929CD8E43D892552B9D1D2A7F8BCD9E50FD009CC79AD1FF4CE9158E11638DB3074FC4EEE5F0086203D0BF137DB6A3709A4C07DC08C431B001803086479911265282111D621A4AE4E3095B8004E018B0F95E81FC22
311
088D5A404C4141D603E5B44A05B3942021D537521F71677C005E8498288680DEA403FCB41931A71384F811FB5B00019237D8241F05B98467D2CD86DD4108197825204A998B6A270E0A00389849C42650FCABA9727E4044DE871B7D06FE4B08885856077BE6E01C907E91939439678EF31505083B254768B0CF1CD97CB6687F
311
668B25EC3C2792343BCFA31D6D7187CBF21EE225C6D06BE2F30EE72CE01BDA8E24179A2C91A0488145B011B7C0D2094ABC4DEBC186A83AAA9AC9BBB91DCD45AD545C5833464C0488095914BD40D192BA2DF02FE37BBC62395C30C4C988115898FCB80A3C50508246216CEC80DA2D2C0B81CB5EE1188BA4AA652A3D4420113F
311
02F639220463169BC699393F42C89D1C1CC86F8ED1E138A5E7CD1EE7EB7098168C709153351194ECAC0619D96149A980EF80088407111A5C4A833558583F1B504B0A6771CFE1BE9A58400F8218535751031541B17B1D5E0DF79600318B178061A038CD0075064ACC981EAE8DCF2BF25D28931070BEC053043D64D36718B3D1
311
8FE502E00E9C40C63A24B553A91C493D185151B7A5C000CD17420AEAF0595870A436638A7BAC587E13CC21BC426B50979CA824EB5B2C59E173C220A7AAC809129CADD3E1042579747E25EB9CB985368300D42B08C1914C5C40A4078C68AC5BCE59D0A0C8B0839D88ACA059C6106CEAEADC089E020CC30C898A64D636E40106
311
C502A432A17825110D6E2F7504E1BEA05FEC826DF4AF5926817507EB17260F1524C1D2F420C2E4A9E42121124C0851402D4A6A9B028A0AAE07E4100BCA88A21B372BF044BD1FB3E43004E2B5F83B0F49FCF165D4CF2192BC463A2C270A719CDC227F78EC70B224274AE1069AD062C2206B2D4514020B84D2455425576A1220
311
4B3095E3193A002CE74E20F1F83951870683494AA99948A649BD8F1F10BD90DC2960230E093A0B148AC2E45704AF47DD702692054C5A927007D040665109E9A77EC802F9167621730C3CA7E6A4C034C44B605C481B39079265727D38345C9C4DC1F0FE0E2CAC4346B3532EEE703EC4CC86D12316DD64F13C097081E79CB429
311
E72BFE4FCCE157F80506B2F8598935C8814B648A6C3197C34710062028D88223F4B4B2C7CEDBA863711D317505F0E7051C1803A19E465549400244676D2696A8C007F88A056A1C521198ECD3B3B5129E1DC61DD812AC9A62956DC1CF5024C8C9050452B10F6C44A3794B08EC4957C780FA0871A420AAAB52E363D14DE1BF80
311
B4706B52140E40A0D68F76AC26F4A5E4A623B7897112013A98BE06E993C5F3F84C91E3F5E56839CE57942347B18BD919532C5A8E9D148CE027B00B09191CC2B3D30328B5E68EC91E7C2E0218F29778D922D6CEFD526EA28C06D263DF7C0D608A05928400A3CA225CC841ADE01214356E529EA13E839111F0316CE2A44DB501
311
9A23B5711C48922BE104CCF3CBE6562C484EF560C5780E96334B39666C899F120422DA989C99424913F3E36B566E738BA2397C1633C0F589E8209A4440506F11C6030F6049A401A26489069C2F5C72B88ABC0046FE6AA67DA18A9D88F5F35372EE16B9835C422ECD4953A273DC0A6F23DBE63984BBA770F742BEE46B851B11
311
F209995D8CE9BE707F4D1B96CCF7596540422AAC1CB2C3D7525BC011E08A880FDB91CC88C6A5E491B80A453A005264C2783B351980912499943422A07087F60E5780EE88E3F3177FC8EDB5C5E77283B38A1F5028CA17DEFF4F88C7F6FF3FA335987FB279C4B20000000049454E44AE426082504B0304140006080800C44662
311
5C28BB58AF800100009E0500003D00000037374436443631332D323743392D344639302D383439422D3338374538303337373445322F536368656D61732F436F6D6D6F6E536368656D612E786D6CBD544D4FC23018BEFB2B96DE15493C78601010A34B880709DEDFB52FD0D8B54BD70DF6EFED3AC0B12E6442E2716BFB3CEF
311
F3D18E26FB440405EA8C2B1992E1C323095052C5B8DC842437EBFB673219DF8DA659866649B798C078B48AE6410122242F2A4994AC7F93815DF85C049C8564CA0A901499DD886B2EB9B1E02448F358701A9235880C49A0119892A20C89D1B9FD768815CAD268CB5E0355B40B1E47F3E37A2020464BED06AA57CE8FCC20C3C3
311
446D46761A2632A8C1283D07031EFF2AE7CCB1BFEEE916E406DFAC8E36FFD99A9D60A6944090EEDC3B670C7DC13DE86B6B2C5C240D6E503BB85ACD579D513F1B9F9A69DC9CC22AFA80C426D40AF0B21EA168559156B6276F0F726A6BFF04DCD513A87A62CAD41FB24FCB2858B3952E3D852084DA25B9303C15687973CC8E8A
311
AE11DF2836C38C6A9E765E8C1BA1BFB1DC29CDFE518C8B5A7655A4ED7E77291ABEB80DBD82EC866ADE1B8D05AF9E35CF09D7A061F38A986D9EC412B8F0F65E5D81534D9B231D1E5A8FE577A241F3A5FD01504B0304140006080800C446625C1004A04F380500005C1700003E00000037374436443631332D323743392D3446
311
39302D383439422D3338374538303337373445322F536368656D61732F47656E65726963536368656D612E786D6CED585B6FDB36147EDFAF20F41EC7F69A2005E214768278069665709ABE0A3445D9DCA80B44CA89F7EB7B0E2FBAC4B2A32643D10E33505411A9C373BEF39D1B2F3F3D27926C79A144964E82D16018109EB2
311
2C12E97A12943A3EB9083E5DFD7239558AEB07B6E109BDBA7C5CDC902D959360CE535E0866DF07A7579733AAB85D5AF234E2C51DD5B081CA7A87DEE56E47E2D6689E735AD0947194500A22A249308DB6F82682A3782C52A141BD80E4E54A0A3609622A150F48C16994A57237097451C2DF462738529D3AC5FCFFB5B401988B
311
C78824973CE1A9A628D91CB968BDBAC335B9A4BB379C6ABF5D2474CD7B9F773F7F78C349F055EF13FE2CF856F0A7379CE2BEBCCE6456F8E316A9E66B5E18E4AC77BF5812F5937FDEF0F5BFE3E3C785576D96659253EB54863A87AB5D98ADFEE24C3B8E38FE48BAE2C062631799EDC8BDDD833C6E88585B9287340B23AEA990
311
CA49B1A473421E81F856D06D9125E45E6F001C4F7F85D6DECA8C6A835753A250DA50DF92F743409CBC3BFA4C6EFCE2618D302A0CEDDB264D93950002937BC66489A18D0A345DD650415124BE376A745EA9F0E016108E328D14C979C1302CD6BC0A4191B2C2C49112FFC0DB51401288D6A44C26C1B87A160AB6A11E5BD86251
311
4BE8B3DB750607BABFF6F781D6A74EED6EA7AC28FB3BA68C87AC94B2138A99DB41AE7147A71F56659287340123812054CAEC8965690A74E111C5BCA7260158B0963EC50C07E38FEDDFC5C5C70AB6A915F446D44E46C321E46087E23E221E2BC0DA6EB440EE6F44E80CE5AE2E2D2F31AD7AB71B8B139AF730773909401FE0D8
311
DC3FCCFCC3D438DC1176062076C3CB4A9D953ACC72CA84867CDA0361E0910F4EF3B109A07D332211C72556825745A215835F47678059E337068E3ACB0E2EA2B507175B0818FD1082EB4D26186F85BAD33464988F1420E1B9E43D522F8452A450106B04F01362BFF1B2BF5059B60F687C9F663A54396722163C7231012E7480
311
FE916910E6572B6D8F4A54CBF92C5CD324A163C8508058D3F16A399B13B348C6830FB5FD47257A1B8D2CF08253EE776B3A72D782D895363D96020B6C18D3C86359B3C6D45E728B4B9D716893D091E4D533045F495D2EFEF633FF5A660A520A5790765FE52E12F0AC82685E7FFA0398D65528850A132894DDE9F837B1DE48F8
311
A74D487795A482C7122A6DAE377BDC5DC212A465ECD8B03E7E2E208EC88DD9DA89456CFBC477FB798C74389668AB1A75C820AB7568FCBE0B5F94DC9AFF0D038D9F77E49D45B8278FC7177D0DDCE732FA0BCDDB42720FA90E87115FF76375C5696F368AF83103F6A5911FFF03561EE06AD10ABE933AA9DEC398588888137017
311
449E09C377051FCAEED1E8BC3BFA9CB27DA2CFDBF533459F374FC0C4FDECCBF3E06CDC6874E0710421EEAA6CEDBFEE60EB913607436C3F5BBF713F6F42253B9A4A0FD64C08416FA986EB02254B1846D82E7CE2584EBE31E340E9A8247483F07D5B84AE3A5AE0D4C5B202EE585468BA84105B1F5EC00C16FADB133FB7399F39
311
0FCF245CBF9027A137FD26D1D651058D44D9B331A93985CAC2046CB4ED9E0314977128A42C13DB06879A273052525D16BE833B8706BD1269FA69F2B9B109BB55D30D37679986D85848B86F026CF21E74809100180B0D280C36F6015A7DFBD06AEB6F8D503BDCD7DD6DABBBEF54E1FF5EDF0E3AD53C03509B5B816FE9F51BC8
311
026F44DAB82BA989F200C4220B24166C3037854094FD46C5648D9C42F8B07E53687D824917FED3CE56F3FBA68BE3C6853FCD64F4A00BB85831B1243346654A134805AF5CF39A9DFE22C9906A6EAFE8303A5F4AC4FBE637489CB62EA59B9D529255F326CCC28ECB77F812A7D6E63DF957504B0304140006080800C446625C8A
311
56E75334020000A30600004200000037374436443631332D323743392D344639302D383439422D3338374538303337373445322F536368656D61732F507269736D436F6D6D6F6E536368656D612E786D6CB5555D6FDA30147DDFAFB0FC3E5A5035ED8150015D11DA8AA6F4437B8B2ECE4DB0E6D8C8765AF8F773EC7C4009AC
311
7B184FC6F63DE7DC734F92F1EDAE10E415B5E14A467438B8A6042553299779444B9B7DFE4A6F279FC65363D03EB20D1630193F2FEFC82B8888FED4DC147355144A86337A3519CFC060387E7FB2941673D484A7110DF75F023125DB722D388B6806C220251A215552EC236A75E9FE7BB62F15FA210677789A2B9D142A4551DF
311
720D0858A353F700D53108F2B4DF62553B5742057653EA0C182620D6982A4A4008F5C69494C82CA650356B226A9C0922B0C7CE1B4FB06816B36631F58B9AD35378AE8DE20C7DABC76409AB5498ADA3AF15771B895436315B643CE398B68D04DDA1C475E1915F409401FE7CB977ADF363A52CE9C02B3FCE239978314B72280A
311
18DDD4325DFF7593269E2D883F24A3C14DD76DAF26C12582AE31462DC68FB0ED545C051993F1A3D5CEF03ECB4A2D6B80B6FE395E55C4F742813D2E91DC28ABD576FF81B146B4B367DA153AE03E31ED85E4BCA01833D4EE093A1E3D2BAD2A2D25D625D1651A77B6D46EFC7F8D5D44DB869705E43EC53DCA02FC0555C1E2239F
311
649A25959CDAD826A4D5769EEF5ADAD5DD3D3D4DCAE1ED35B2DF05C866429DA1B36FF3EF0FD3959FD3FBA81D02783A9FD52E628BC5AF6ABC6D36FA6D954A17E01EFCFF646B80BF60EB69FAB4B260DDABF443B3EDAC8A9BB2FEE435A8FF28A5CC37128DF99896C1E8FAF8371C76E3885583754E607D7E41E1616EDFC0B2CDC9
311
5BDF67C08FFDF073F307504B0304140006080800C446625C6F21203BC7010000830400004700000037374436443631332D323743392D344639302D383439422D3338374538303337373445322F536368656D61732F507269736D5472616E73706172656E74536368656D612E786D6C9D94C96EDB301086EF7D0A82F7488991
311
A23D480E6C0735047483B35C8D8934B6097011442A68DEBEC345B6BC140D72A3389C6F7EFE335471F74749F68A9D154697FC26BBE60C756D1AA1B725EFDDE6EA2BBF9B7E2A66D6A27BA877A8605A3C55F7EC1564C97F77C2AAC70EB46DA1439D0EF07C5ACCC1E2E8CCC2286574CCF761F7D6A6B002879D00096D8B40A41A7D
311
5CA856A2222238D2C54453F2EA686B899AD26ACEDAFE458ABAE41B901639EB101AA3E55BC95DD7D37790F9039CCD4FB5E609919101BE64A51D6EB10BB5A2D0E7E8CAFB6A7CF18C5E8474F20737420BAFFD7DD997159E4A7EAA06B10FAEA3068562D2D4203528BAEC7FBC08278F8C19B5CECB3FA5FA2E7D803A3B6AE5C24813
311
5D75874159D77E37B46745531716CB61311F16B3B090F082346B81E3552E7646D418EE7E468C5C9A461AA3D8FB50286CACB5716BDB622D36021BCEC65C165306F833C83E56F8777A982C7A2D09F3D338820CF0BDCC8B24BB5ACED75B500A26B7492659904076355FB2106493ECF670E18B242934BD9AC498EC19DFE336A9C8
311
A35BD3E25E58E75FD7996F4D0A70D6D3C4D23BD3F52E01AFB39BC9E73D74342C6CA07979DFA401778615A9BDD4C2ECC0A87EAD7C4A3EFE9DFC05504B0304140006080800C446625CF702076DC3010000E60400004500000037374436443631332D323743392D344639302D383439422D3338374538303337373445322F5363
311
68656D61732F52656E6465724D6174657269616C536368656D612E786D6CA554CB4EC33010BCF31596EFF405481C9AA2A64851255E4A816BB438DBD4926347B15BE0EFF1236982021512B925E39D9D9D59677EF3510A72C05A7325233A1D4D2841C954CE6511D1BDD99E5FD39BC5D97CA9359A0DDB61098BF9CBFA961C4044
311
344599637D0F066B0E22C074BC98C7A0319C58A9B254B2435ED23BC2F388AECB4A6089D280B18D139496815152EDDF046711DD82D048498D902B293E236AEABD7DF74D5D839F69EE1D9F48E1F3BF448FC9E6BF144F351E38BEFF9D662D0D16587B77825FAF2195BF515C395B563BC5197A0AE68DCF363BA831CF7C7C8D7F0D
311
A23D42898037B451BA833673DA92BC82D87F636ACFFB0CEC96F4EA30EF9A0FEAB85D91CAED89348D80E9B178DDC3ACFC71D06F2528A182138DD8672E4DC6DC57CF91467432BA985E4DBE3DB399079353607C0A5CDA0B70D4E65A122FA41BAEEF6C272908D315B076451BD55EB0FF9E092E11ACF8C6B5306028F9D5F15EB954
311
26D31532BEE5D6EC700FBA0C1E94211D7ADC8341143D429D2671564059C2EC72108B4EE3847890CC4697DDF8A708DB01FD7AD8209A41EFC2DCFD7063A504821C7869545188D6C16DF801342CCE6B276363DC8EFA4AFD0E86ED0677C3B77747C7FD3FD617504B0304140006080800C446625C2E5079EA7B000000C000000047
311
00000037374436443631332D323743392D344639302D383439422D3338374538303337373445322F4173736574446174612F41737365745461626C654F66436F6E74656E74732E62696E536160603034323434B27071D53575B5B0D435317076D675323036D17534B07471727375747431321202AACB4D2C492DCA4CCC492C
311
28484D2C4ACC4B4E050A82012F90744FCD03CA26072767A4E626EA02058831363E20BFB8C4C8C0D014BBF94C40635880580C88038A328B734380D616172416A5E695402C0200504B0304140006080800C446625CC55C663656000000680000004100000037374436443631332D323743392D344639302D383439422D333837
311
4538303337373445322F4173736574446174612F53747265616D56657273696F6E5461626C655D8CBD0A80300C06F73E4B29FE6CDD8A2E82A083B8B7F209014925C9FBA3AEAEC7DD2555D896CB85E51C2A1BD834F6A1F56EC4494C4695278364ABB24ABD2146F88CCEBB89D5321FF8F3F43D672A3B44DF3CB6A1710F504B03
311
04140006080800C446625CA559C669350100009E0400003600000037374436443631332D323743392D344639302D383439422D3338374538303337373445322F4173736574446174612F636E782E786D6CCD943F4FC33010C5BF4A648931B11BFEA8548E2B044B2790A818D8AECEA5B5EAD8917D41F0EDB1DB0CA022A60E5D
311
4FBFBB7B7EF23BB9FCEC6DF181211AEF1A36AB042BD069DF1AB76DD8485D3967C552C9E03DFDC058E1A0C786E53253721BFC384CA5163B186DAE5AE3F653F12146A4356C2C3E778FDE113A8AACD016626C58D43BECA182917C8B715FB54050CDAA80D18F41639A44A6C769920E08842D53B5A8EF4A715D8A7A2DE68BDB9B85
311
B87F973C934A6EBCB7136FD2B2E087AB5AE8E35EA684E41950720C66A2F26B98FA4B65B5314EF2442A19292457A60EFA1A52070C83351A2899C7BD26A4324108BDE44758499E5DF8E5C51376C699DCB24AD2807C7849023190C10BF4E43FB5E7F766E52281D378C98E9C6A3CBF0FAF875FF4768CE52137979796538D67C809
311
3F9C92149B7C59D437504B0304140006080800C446625C5DB1A67CE7000000600100006700000037374436443631332D323743392D344639302D383439422D3338374538303337373445322F5265736F75726365732F31323131323844452D354538392D343043432D423033342D4130394442464541414432322F7468756D
311
626E61696C2F302F636E782E786D6C4D90CD6EC4200C845F25B2D463029BFE68BB22EC4BF4D44B458937454B3002B36ADFBED072D8D358E34F9667D4F97BF7C30D53761416384C12060C965617B6050A5FC6230C67AD1211DF613004B3E302CD06ADB64425766BC58B29BEB9DE856B37370C989CFD886183C17A93F302D97E
311
E16E26539856CCD769356CA6C39430534916EB01763BF60336A1615C41CF727E19E5E328E737793C3D3F9DE4EBBB128DD4EA93C877DE05C644F1619696EA18EA3F528906685592EB540B01FAEE3925EA52ABCCA9E6EF10FFC40A9918BDB3866B4D822C238F1542B32BF10F6B255ADE2A7F65546DDDE85F504B030414000608
311
0800C446625CA233C2345D000000800000006500000037374436443631332D323743392D344639302D383439422D3338374538303337373445322F5265736F75726365732F31323131323844452D354538392D343043432D423033342D4130394442464541414432322F7468756D626E61696C2F636E782E786D6C4D8B490E
311
80201004BF42E6EE76F3C0F216234B883063108CCF170C074F95AE5473F5C4C06E932E4F28601967600677D21E9D8092EDB002539227A2FCCB80E1168D80A6417297A89C5D6963B7129A0D1E8F2EE73AA7B62BBEB8B27DE50B504B0304140006080800C446625CBE89762363000000880000005B0000003737443644363133
311
2D323743392D344639302D383439422D3338374538303337373445322F5265736F75726365732F31323131323844452D354538392D343043432D423033342D4130394442464541414432322F636E782E786D6C4DCC3B0E80201004D0AB90EDFD75167CCE820A4A845D83603CBE602CAC26799919AEEEE0D965E2E908050C6D
311
0FCCE04C8BC355404EB6198129C92351FAD580A10E464065907C8D948F8F166375F655BDC3FDC3B4E530A176BE7057BDC43B2A593FE403504B0304140006080800C446625CDEFC8B1FED000000680100007000000037374436443631332D323743392D344639302D383439422D3338374538303337373445322F5265736F75
311
726365732F31323131323844452D354538392D343043432D423033342D4130394442464541414432325F506F7374323031352F7468756D626E61696C2F302F636E782E786D6C5DD0C14E03211006E057D99078DC855DB5691B96BE82074F5E1A64A72D29300406A36F2F2807E369C89F2F93E197A74FEF860F48D96258D93C
311
09364030B8D9705D59A1CBB867C349C984487F181B82F6B0B2163325AF094BECD106175D5C4B9D0DF71ED2F925D9ECC7797738C7706583713AE795657303AF275D0837C8F769D3A4A7794A90B124037509590F7D8949A00936A616B1EC46F1388AE555EC8FCF4F47717893BC4925DF115DF73610248C0F8B30589FA1DE2424
311
6F40C9926C57ED234CFD3B50F20A94CC946A0F1DD257AC50C7E8ACD154EBE2680868AC08B497FC172BC9DBBFEBF829A5CED691FA06504B0304140006080800C446625CA233C2345D000000800000006E00000037374436443631332D323743392D344639302D383439422D3338374538303337373445322F5265736F757263
311
65732F31323131323844452D354538392D343043432D423033342D4130394442464541414432325F506F7374323031352F7468756D626E61696C2F636E782E786D6C4D8B490E80201004BF42E6EE76F3C0F216234B883063108CCF170C074F95AE5473F5C4C06E932E4F28601967600677D21E9D8092EDB002539227A2FCCB
311
80E1168D80A6417297A89C5D6963B7129A0D1E8F2EE73AA7B62BBEB8B27DE50B504B0304140006080800C446625CBE89762363000000880000006400000037374436443631332D323743392D344639302D383439422D3338374538303337373445322F5265736F75726365732F31323131323844452D354538392D34304343
311
2D423033342D4130394442464541414432325F506F7374323031352F636E782E786D6C4DCC3B0E80201004D0AB90EDFD75167CCE820A4A845D83603CBE602CAC26799919AEEEE0D965E2E908050C6D0FCCE04C8BC355404EB6198129C92351FAD580A10E464065907C8D948F8F166375F655BDC3FDC3B4E530A176BE7057BD
311
C43B2A593FE403504B0304140006080800C446625C8D24F2138C000000E50000003600000037374436443631332D323743392D344639302D383439422D3338374538303337373445322F5265736F75726365732F636E782E786D6C958ED10A832018465F45FE7B97BA020333ACDCF5DE60C4B2884C47E5D8E32F47B0DDEEF6
311
F09DC327CAD76CD1D32CEBE85D01F444001977F7DDE88602C2D6630EA89462F17EFB990172ED6C0A8818A418161F1E07EA4CDF061BA91DDD7440CA2865BCD138D33CC729A96B5C91738A15C99BEAA2956A18DB8D242A7F8BB7AB5F374668F62D249F477B301E946F504B0304140006080800C446625C90E200AF2D01000059
311
0500003400000037374436443631332D323743392D344639302D383439422D3338374538303337373445322F536368656D61732F636E782E786D6CCD943F4FC33010C5BF4A648931891BFEA8548E3B30302121E8C4669C6BB16AFBA2B383E0DB63870CA9CA46876CF6E9A7D37BEFEC13DB2F678B4FA060D0B76C55715680D7
311
D8197F68D910F7E59A155B290831CE305678E5A065B9CCA438100EFD54EA60AF069BABD6F8E3547C40E7D0BFEA0F708A15DAAA105A16C66BA586881D8463D5A9A8AA55451070200DA943340EA60E9A4045E8986C787357F2EB92373BBEDEDCDE6CF8FD9BA83329C53BA29D78E32310F6570DD7988E3E09E2A2CE8014039989
311
CA2E989CABAB521EA24E841421524A6122E3779F48D5F7D668155358F508FE3252D4D9EC89E547F040462FD5F389BC8B997E2613DC3CCEE50DFB4CE265CDEF48F9D02B4A2F6EA9A31F1338D379B1185EC077404FE9B7925176A921FCA5F27F11D4E3164CAB202F45F903504B0304140006080800C446625CE3603EBE7A0000
311
00C20000002C00000037374436443631332D323743392D344639302D383439422D3338374538303337373445322F636E782E786D6C6DCD410EC2201085E1AB90D9DBEACE05D09878023D01A1D34A8419C380F1F82DA68B9AB8FDFEC93C3D7C52546FCC12980C9CBA232824CF63A0D9402DD3E10C6AB03A3397DD192872090D
311
3406ABE7CCF5B5D18893ABB1690CF4DCF02282E5EA8A5BB96FFE536F285CB347F95BEFFE81C9ED5AFF9D5B1FB575BB00504B0304140006080800C446625C1973DF297E000000A300000007000000636E782E786D6C4D8CD10AC22018465F45FE7BCB4D990AEAA0B6DE63343724A761337AFC3476D1D50787EF1CD57F368FDE
311
36BD5C0C1A9A130164C33DCE2EAC1AF2BE6001A8372AC5B8FFDD008569B31A2A06A3D614F3F340B35DA6EC2BF52E3C0EC8F9D00D5D4371CBAF12B39B24583079C154F05110CA391BDB629CAB52E6D72B5BF3E60B504B0304140006080800C446625C1E7A0675A400000032010000130000005B436F6E74656E745F54797065
311
735D2E786D6C95904B0EC2300C44AF1279DFBAB0400835ED02B8011708C16D239A8F121795DB93D22D20B1B467DE8CE5BA9DED281E1493F14EC2A6AC4090D3FE665C2F61E2AED883689BFAF20C9444F6BA2461600E07C4A407B22A953E90CB4AE7A3559CC7D86350FAAE7AC26D55ED507BC7E4B8E025039AFA449D9A4616E7
311
39AFD7DE8C8338AEBEA54A820A61345A713E0B17153F7257E37E705E3371913892B25F02FEA0F1FD83E605504B0304140006080800C446625C3DEE336E64000000790000001B0000006175746F6465736B2D64657369676E2D7061636B6167652E786D6C35CBC10E83200C00D05F21DCA56CA76D41FC96062B120735B69A7D
311
BE268BB7777961F8D5AF396893C2ADB70FE7ADA196782C2DF776D7A97B5933C430F15651E5469C55D70F80A4992A3ADC954792C525AE70A1E4D6AD9816CC044FEFDF01FE3FDE907802504B0304140006080800C446625CAD05B334F9000000960100003700000037374436443631332D323743392D344639302D383439422D
311
3338374538303337373445322F4173736574446174612F636F72652E786D6C8550CB6E833010FC15B47783798534328E20A45FD0536F96ED502BC1467E54FDFCDA814AEDA9A75DCDCECEEE0C397F2D8FEC535AA78CEEA1CC3164527323949E7B08FE868E909D29B1C6F85F34C8345B640F09064A666BC2BA43DC682F7542B5
311
1172079973D243C61FB1E9C1F10FB9B09C051F19EE9EAF8CDFD92CF332DF789484A0C4BEAA44545337252DD0B2AC06DCE10E8D87E1829ACB7440638DAFA81D71D35D5B5C4FE52B29D232255E2D3FD7B995CC4B01B4C2D501E11AE1EA0D1F4F6D73C22FEFA4484C4A9CB7D1F37E34B9033AA4AF27E61929B6E91FD5B08AFF55
311
83D2BEAE76D56DC3451FF1C9E7809222A514CB33C25853A2F41B504B0304140006080800C446625C94DB4D4DF40000008E0100006800000037374436443631332D323743392D344639302D383439422D3338374538303337373445322F5265736F75726365732F31323131323844452D354538392D343043432D423033342D
311
4130394442464541414432322F7468756D626E61696C2F302F636F72652E786D6C8550496EC3300CFC8AC1BB6C7A4D1AC80AE2247D414FBD09B2E20A8925434BD1E7578A5DA03DF54462383324871EBFE647F629AD5346F750E60899D4C28C4A4F3D047F237BC88E8C5A63FC2F1A649ACFB2870403A3933561D92061B4973A
311
A1DA8C7203B973D243261EB1E9C1890F39F39C071F19EE9E2F5CDCF924F3325F798C86A0C64DAAC6E8A66E4A5A6065599D70873B3274A73369CE978E0C355E493B60B3BBB6585FCA575A2431A35ECD3FDB8595DCCB1158855547B02658BDE1FED036077C79A7456232EABC8D3F6F4BD377C090162BFAC72D2CE3FF6E41695F
311
579BDBAA70F1FE78DC73C06891D289E5195DAC2949F60D504B0304140006080800C446625CCDCB8236F9000000960100006600000037374436443631332D323743392D344639302D383439422D3338374538303337373445322F5265736F75726365732F31323131323844452D354538392D343043432D423033342D413039
311
4442464541414432322F7468756D626E61696C2F636F72652E786D6C8550CB6EC32010FC156BEFD8F89D4698284ED22FE8A9370AC441B1C1E251F5F30B892BB5A79E16CDCECC32430E5FCB9C7D4AEB94D1039439864C6A6E84D2D300C15FD10EB20325D618FF8B0699668B1C20C140C9644D5837881BEDA54EA836426E2073
311
4E7AC8F81C1F03387E930BCB59F091E1EEF9CAF89D4D322FF3278F921094D8A44A44377555D2022DCBEA887BDCA3B13B9E50733A7768ACF105B5236EFA4B8BEB73F94A8A24A6C4ABE5E73AB79279298056B8EA10AE11AEDEF06EDF367BFCF24E8AC4A4C4791B336F47533AA0FE16960FCDD44C8AE7F68F6B58C5FFAE41695F
311
579BEB53E1628EF8C9C7829222B514C7A3C23853A3F41B504B0304140006080800C446625CDF453CCC0D010000B10100005C00000037374436443631332D323743392D344639302D383439422D3338374538303337373445322F5265736F75726365732F31323131323844452D354538392D343043432D423033342D413039
311
4442464541414432322F636F72652E786D6C8590CB6E833010457F05796F180C09101947BCF2055D75678143AD043BF2A3EAE7D74EA8D4AEBA1AEBFADE393343CF5FDB3DF914C64AAD5A94A78012A166BD48B5B6C8BB2BAE517266D468ED7ED950A2F8265A1465C4E86AB47FECD2AC95132AAA4A2F6217B9B5C2A164BE8747
311
8BECFC21369E72EF82C3DED2079F6F7C15699EBE7C8C7A2F973D2A97D04D5EA53088E539E9A0820AF7C76EC0E5301E715FC0840F3D94D5748062CC2F348B61469DDC7EE8B311DC89053102E488A1C040DEA03E1DCA1334EF348B4E46AD3361E71D1AB70B381280F518FA4F75834B1806DC4351E20E9AB1BF4C5D371242B357
311
F00FD03F96FF815E2A57901DF84AD8C00CF33F3F18CDE20143795E37D4786CF60D504B0304140006080800C446625C94DB4D4DF40000008E0100007100000037374436443631332D323743392D344639302D383439422D3338374538303337373445322F5265736F75726365732F31323131323844452D354538392D343043
311
432D423033342D4130394442464541414432325F506F7374323031352F7468756D626E61696C2F302F636F72652E786D6C8550496EC3300CFC8AC1BB6C7A4D1AC80AE2247D414FBD09B2E20A8925434BD1E7578A5DA03DF54462383324871EBFE647F629AD5346F750E60899D4C28C4A4F3D047F237BC88E8C5A63FC2F1A64
311
9ACFB2870403A3933561D92061B4973AA1DA8C7203B973D243261EB1E9C1890F39F39C071F19EE9E2F5CDCF924F3325F798C86A0C64DAAC6E8A66E4A5A6065599D70873B3274A73369CE978E0C355E493B60B3BBB6585FCA575A2431A35ECD3FDB8595DCCB1158855547B02658BDE1FED036077C79A7456232EABC8D3F6F4B
311
D377C090162BFAC72D2CE3FF6E41695F579BDBAA70F1FE78DC73C06891D289E5195DAC2949F60D504B0304140006080800C446625CCDCB8236F9000000960100006F00000037374436443631332D323743392D344639302D383439422D3338374538303337373445322F5265736F75726365732F31323131323844452D3545
311
38392D343043432D423033342D4130394442464541414432325F506F7374323031352F7468756D626E61696C2F636F72652E786D6C8550CB6EC32010FC156BEFD8F89D4698284ED22FE8A9370AC441B1C1E251F5F30B892BB5A79E16CDCECC32430E5FCB9C7D4AEB94D1039439864C6A6E84D2D300C15FD10EB20325D618FF
311
8B0699668B1C20C140C9644D5837881BEDA54EA836426E20734E7AC8F81C1F03387E930BCB59F091E1EEF9CAF89D4D322FF3278F921094D8A44A44377555D2022DCBEA887BDCA3B13B9E50733A7768ACF105B5236EFA4B8BEB73F94A8A24A6C4ABE5E73AB79279298056B8EA10AE11AEDEF06EDF367BFCF24E8AC4A4C4791B
311
336F47533AA0FE16960FCDD44C8AE7F68F6B58C5FFAE41695F579BEB53E1628EF8C9C7829222B514C7A3C23853A3F41B504B0304140006080800C446625C22FAD66F15010000BA0100006500000037374436443631332D323743392D344639302D383439422D3338374538303337373445322F5265736F75726365732F3132
311
3131323844452D354538392D343043432D423033342D4130394442464541414432325F506F7374323031352F636F72652E786D6C85904B6FC3201084FF8AC51D7B8D1F71224CE457CE3DF4D44B856CE2A2C46019A8FAF30B892BB5A79E160D33F369979EBF967BF4293623B5AA511A038A841AF524D55C2367AFB842D199D1
311
4D6BFBCB8622C51751A3202346E74DBB759746ADAC5041557A12BBC88D111645E3DD3F6A64C60FB1F0983BEB1DE616AF7CBCF159C469FCF431EA9C9CF6A89C7C9BBC4AB12196A6A481031C705B361DCEBBBEC46D06032E5AC80F4301599F5E6812C28C5AB9FCD0C74D702B26C4089012438681BC42752AF2131CDF68129C8C
311
1ABBF99D7768D8CEE3880756BDEF1FAA23CEA1EB700B598E1B38F6ED65689A9E90F7176D2C81B4A0C9B3E10FD9ADD3FF642795CDC84E7E268C87FB451E1F8C26E1927E3CCEEC67B83AFB06504B0304140006080800C446625C3959D469F9000000960100003700000037374436443631332D323743392D344639302D383439
311
422D3338374538303337373445322F5265736F75726365732F636F72652E786D6C8550CB6EC32010FC158B3B367EA711268A93F403AA9E7A43B0715062B07854FDFC42EC4AEDA9A745B333B3CCD0C3D7FCC83EC13A65F480CA9CA00CB43052E96940C15FF10E650746AD31FE170D659ACF30A0042346276BC2B241C2680F3A
311
A1DA48D840EE1C789489477C0CC8891BCC3CE7C14786BBE70B17773E415EE62B8FD11094DCA44A4637755560112BCBEA487AD2E3B13B9E70733A7778ACC905B72369FA4B4BEA73F94A8B2466D4ABF9E7BAB0C03D48C42A527598D49854EF64B76F9B3D79F9A0456232EABC8D99B7A3291D626FE04CB0021C2DD6ED1FD7B0C8
311
FF5D83D2BEAE36D755E1628EF8C9E782D122B514C7B3C23853A3EC1B504B0304140006080800C446625CBF8C8BF5F7000000940100003500000037374436443631332D323743392D344639302D383439422D3338374538303337373445322F536368656D61732F636F72652E786D6C8550CB6EC32010FC156BEFD8F89D4698
311
284ED21F684FBD21200E4A0C168FAA9F5F705CA93DF5B4ABD9D9D99D2187AFF9917D4AEB94D1039439864C6A6E84D2D300C15FD10EB20325D618FF8B069966B31C20C140C9644D5836881BEDA54EA836426E20734E7AC8F8233603387E9333CB59F091E1EEF9C2F89D4D322FF3278F921094D85695886AEAAAA4055A96D511
311
F7B84763773CA1E674EED058E30B6A47DCF49716D7E7F29514699912AFE69FEBDC4AE6A5005AE1AA43B846B87AC7BB7DDBECF1CB0729129312E76DF4BC1D4DEE80BEAD7F3A523C677F34C322FED70C4AFBBADA349F1B2EBA882FAE034A8A94512C6B80B1A63CE937504B0304140006080800C446625C969303E603010000D8
311
0100002D00000037374436443631332D323743392D344639302D383439422D3338374538303337373445322F636F72652E786D6C9591C172832010865FC5D93B8A62A26690CCB4499FA0A7DEA86C0C93080E60A78F5FA876DADEDA13CCCFF7EFF2EFF2E3FB74CFDED0796D4D0F654E21433358A5CDD8C3122EA485EC28B8B3
311
36FCC0203372C21E920C828FCE2EF3260DD60434493556E1264AEF314036DCE3A5073F5C7192B95C4224FC2D9FE5709323E665BE7282073D7D59078732A00251D16A4F2823B47AA6ED61571F68F7C28B440ABE681358B535C3E9155566E7102381D8315EACCF115BB4DA20ADE227F545A303D134A7FD695F3252358F1DA99F
311
3A4ADABA7B20AC6DCE2D654D539FAB58249A05F7C1C5D16C45D210FE6A5F8DBFA22DB3FA67B4D5E14194DFA18A3467C18BCF25C433ED447C00504B0304140006080800C446625CB06AA87307010000B201000008000000636F72652E786D6C8D504B6EC32014BC0A628F8DFF698489E2243D4157DD51431C141B2C3E517BFB
311
424CA576D7D54333F3DE0C430E9FCB0C1EC258A9550F8B0C4320D4A8B954530FBDBBA21D04074A8CD6EE970C02C516D1C308434A26A3FD9AA0512B27544495E62281CC5AE12018E7F0E8A11D6F626119F32E28EC3D5BD9786793C88A6CD351E2E4F2B33A1AC19CE09096B86C11AE102EDFF06EDFD47BFCF24EF2A8A4C47BC9
311
9395E4C15D5EA53090164579C41DEED0D01E4FA83E9D5B3454F8829A01D7DDA5C1D5B97825795CA6C43A13FE9C8E849C0E58F688BE24DF284A3EB49E932084E240ABF90B524CF248FC09ED57FE8FD052B9AA4C07B70D1B3287404F2218C706C378D61B666C9B7E03504B01021400140006080800C446625CB7954871510100
311
00B80200004F000000000000000000000000000000000037374436443631332D323743392D344639302D383439422D3338374538303337373445322F4173736574446174612F446566696E6974696F6E4974657261746F7250726F706572746965732E62696E504B01021400140006080800C446625C120C9CD0E4010000C8
311
0300004500000000000000000000000000BE01000037374436443631332D323743392D344639302D383439422D3338374538303337373445322F4173736574446174612F496E7374616E636550726F706572746965732E62696E504B01021400140006080800C446625CB5A795FFE3790000DE7900006B0000000000000000
311
00000000000504000037374436443631332D323743392D344639302D383439422D3338374538303337373445322F5265736F75726365732F31323131323844452D354538392D343043432D423033342D4130394442464541414432322F7468756D626E61696C2F302F67656E657269635F706E67504B010214001400060808
311
00C446625C97E7A1FDC2930000B89300007800000000000000000000000000717E000037374436443631332D323743392D344639302D383439422D3338374538303337373445322F5265736F75726365732F31323131323844452D354538392D343043432D423033342D4130394442464541414432325F506F737432303135
311
2F7468756D626E61696C2F302F745F507269736D2D3136395F706E67504B01021400140006080800C446625C28BB58AF800100009E0500003D00000000000000000000000000C912010037374436443631332D323743392D344639302D383439422D3338374538303337373445322F536368656D61732F436F6D6D6F6E5363
311
68656D612E786D6C504B01021400140006080800C446625C1004A04F380500005C1700003E00000000000000000000000000A414010037374436443631332D323743392D344639302D383439422D3338374538303337373445322F536368656D61732F47656E65726963536368656D612E786D6C504B010214001400060808
311
00C446625C8A56E75334020000A30600004200000000000000000000000000381A010037374436443631332D323743392D344639302D383439422D3338374538303337373445322F536368656D61732F507269736D436F6D6D6F6E536368656D612E786D6C504B01021400140006080800C446625C6F21203BC70100008304
311
00004700000000000000000000000000CC1C010037374436443631332D323743392D344639302D383439422D3338374538303337373445322F536368656D61732F507269736D5472616E73706172656E74536368656D612E786D6C504B01021400140006080800C446625CF702076DC3010000E60400004500000000000000
311
000000000000F81E010037374436443631332D323743392D344639302D383439422D3338374538303337373445322F536368656D61732F52656E6465724D6174657269616C536368656D612E786D6C504B01021400140006080800C446625C2E5079EA7B000000C000000047000000000000000000000000001E2101003737
311
4436443631332D323743392D344639302D383439422D3338374538303337373445322F4173736574446174612F41737365745461626C654F66436F6E74656E74732E62696E504B01021400140006080800C446625CC55C663656000000680000004100000000000000000000000000FE21010037374436443631332D323743
311
392D344639302D383439422D3338374538303337373445322F4173736574446174612F53747265616D56657273696F6E5461626C65504B01021400140006080800C446625CA559C669350100009E0400003600000000000000000000000000B322010037374436443631332D323743392D344639302D383439422D33383745
311
38303337373445322F4173736574446174612F636E782E786D6C504B01021400140006080800C446625C5DB1A67CE70000006001000067000000000000000000000000003C24010037374436443631332D323743392D344639302D383439422D3338374538303337373445322F5265736F75726365732F3132313132384445
311
2D354538392D343043432D423033342D4130394442464541414432322F7468756D626E61696C2F302F636E782E786D6C504B01021400140006080800C446625CA233C2345D000000800000006500000000000000000000000000A825010037374436443631332D323743392D344639302D383439422D333837453830333737
311
3445322F5265736F75726365732F31323131323844452D354538392D343043432D423033342D4130394442464541414432322F7468756D626E61696C2F636E782E786D6C504B01021400140006080800C446625CBE89762363000000880000005B000000000000000000000000008826010037374436443631332D32374339
311
2D344639302D383439422D3338374538303337373445322F5265736F75726365732F31323131323844452D354538392D343043432D423033342D4130394442464541414432322F636E782E786D6C504B01021400140006080800C446625CDEFC8B1FED00000068010000700000000000000000000000000064270100373744
311
36443631332D323743392D344639302D383439422D3338374538303337373445322F5265736F75726365732F31323131323844452D354538392D343043432D423033342D4130394442464541414432325F506F7374323031352F7468756D626E61696C2F302F636E782E786D6C504B01021400140006080800C446625CA233
311
C2345D000000800000006E00000000000000000000000000DF28010037374436443631332D323743392D344639302D383439422D3338374538303337373445322F5265736F75726365732F31323131323844452D354538392D343043432D423033342D4130394442464541414432325F506F7374323031352F7468756D626E
311
61696C2F636E782E786D6C504B01021400140006080800C446625CBE89762363000000880000006400000000000000000000000000C829010037374436443631332D323743392D344639302D383439422D3338374538303337373445322F5265736F75726365732F31323131323844452D354538392D343043432D42303334
311
2D4130394442464541414432325F506F7374323031352F636E782E786D6C504B01021400140006080800C446625C8D24F2138C000000E50000003600000000000000000000000000AD2A010037374436443631332D323743392D344639302D383439422D3338374538303337373445322F5265736F75726365732F636E782E
311
786D6C504B01021400140006080800C446625C90E200AF2D0100005905000034000000000000000000000000008D2B010037374436443631332D323743392D344639302D383439422D3338374538303337373445322F536368656D61732F636E782E786D6C504B01021400140006080800C446625CE3603EBE7A000000C200
311
00002C000000000000000000000000000C2D010037374436443631332D323743392D344639302D383439422D3338374538303337373445322F636E782E786D6C504B01021400140006080800C446625C1973DF297E000000A30000000700000000000000000000000000D02D0100636E782E786D6C504B0102140014000608
311
0800C446625C1E7A0675A4000000320100001300000000000000000000000000732E01005B436F6E74656E745F54797065735D2E786D6C504B01021400140006080800C446625C3DEE336E64000000790000001B00000000000000000000000000482F01006175746F6465736B2D64657369676E2D7061636B6167652E786D
311
6C504B01021400140006080800C446625CAD05B334F9000000960100003700000000000000000000000000E52F010037374436443631332D323743392D344639302D383439422D3338374538303337373445322F4173736574446174612F636F72652E786D6C504B01021400140006080800C446625C94DB4D4DF40000008E
311
01000068000000000000000000000000003331010037374436443631332D323743392D344639302D383439422D3338374538303337373445322F5265736F75726365732F31323131323844452D354538392D343043432D423033342D4130394442464541414432322F7468756D626E61696C2F302F636F72652E786D6C504B
311
01021400140006080800C446625CCDCB8236F9000000960100006600000000000000000000000000AD32010037374436443631332D323743392D344639302D383439422D3338374538303337373445322F5265736F75726365732F31323131323844452D354538392D343043432D423033342D413039444246454141443232
311
2F7468756D626E61696C2F636F72652E786D6C504B01021400140006080800C446625CDF453CCC0D010000B10100005C000000000000000000000000002A34010037374436443631332D323743392D344639302D383439422D3338374538303337373445322F5265736F75726365732F31323131323844452D354538392D34
311
3043432D423033342D4130394442464541414432322F636F72652E786D6C504B01021400140006080800C446625C94DB4D4DF40000008E0100007100000000000000000000000000B135010037374436443631332D323743392D344639302D383439422D3338374538303337373445322F5265736F75726365732F31323131
311
323844452D354538392D343043432D423033342D4130394442464541414432325F506F7374323031352F7468756D626E61696C2F302F636F72652E786D6C504B01021400140006080800C446625CCDCB8236F9000000960100006F000000000000000000000000003437010037374436443631332D323743392D344639302D
311
383439422D3338374538303337373445322F5265736F75726365732F31323131323844452D354538392D343043432D423033342D4130394442464541414432325F506F7374323031352F7468756D626E61696C2F636F72652E786D6C504B01021400140006080800C446625C22FAD66F15010000BA01000065000000000000
311
00000000000000BA38010037374436443631332D323743392D344639302D383439422D3338374538303337373445322F5265736F75726365732F31323131323844452D354538392D343043432D423033342D4130394442464541414432325F506F7374323031352F636F72652E786D6C504B01021400140006080800C44662
311
5C3959D469F9000000960100003700000000000000000000000000523A010037374436443631332D323743392D344639302D383439422D3338374538303337373445322F5265736F75726365732F636F72652E786D6C504B01021400140006080800C446625CBF8C8BF5F70000009401000035000000000000000000000000
311
00A03B010037374436443631332D323743392D344639302D383439422D3338374538303337373445322F536368656D61732F636F72652E786D6C504B01021400140006080800C446625C969303E603010000D80100002D00000000000000000000000000EA3C010037374436443631332D323743392D344639302D38343942
311
2D3338374538303337373445322F636F72652E786D6C504B01021400140006080800C446625CB06AA87307010000B20100000800000000000000000000000000383E0100636F72652E786D6C504B0506000000002300230043100000653F01000000
310
504B0304140006080800C446625C000000000000000000000000370000006662782F38314338414443322D413943432D343939302D413243382D3134313236434637304439462F617474726962757465732E62696E504B0304140006080800C446625C000000000000000000000000350000006662782F3831433841444332
310
2D413943432D343939302D413243382D3134313236434637304439462F76657274696365732E62696E504B0304140006080800C446625CF270F1330600000004000000360000006662782F38314338414443322D413943432D343939302D413243382D3134313236434637304439462F747269616E676C65732E62696E6366
310
60600000504B0304140006080800C446625CB5A795FFE3790000DE790000420000006662782F38314338414443322D413943432D343939302D413243382D3134313236434637304439462F7265736F75726365732F322F305F67656E657269632E706E6701DE79218689504E470D0A1A0A0000000D49484452000001000000
310
010008030000006BAC58540000000467414D410000B18F0BFC6105000000017352474200AECE1CE900000192504C5445818181B3B3B35A5A5A4848486060605C5C5C6464648383835E5E5E6262624E4E4EAFAFAF4A4A4AB5B5B54C4C4CB1B1B1858585B7B7B7585858ADADAD7C7C7C464646787878ABABAB747474A7A7A768
310
6868707070B9B9B96E6E6E6A6A6A8B8B8B666666545454565656A5A5A5505050A1A1A1BBBBBB8F8F8F9F9F9F4242425252527676764040403E3E3E9B9B9B7A7A7A8989897E7E7E9393939797974444448787873C3C3C727272BDBDBD3A3A3A6C6C6CA9A9A9A3A3A32020209D9D9DBFBFBF8D8D8D9595959191912626269999
310
992222222424241E1E1EC1C1C1282828C3C3C32C2C2C2A2A2A2E2E2E303030C5C5C53232321C1C1C363636383838343434C7C7C71A1A1A0E0E0E121212484A484C4E4C1616160A0A0A4A4C4A787A781414147C7E7C9193915E605E464846838583878987B1B3B18587856668665A5C5A626462818381A7A7A5A3A3A1B1B1AF
310
ADAFAD7072705C5E5C9D9D9BABADAB7E817EB7B9B7585A58BBBDBB4C4C4A8D8F8D747674B5B5B3B7B7B59FA19F606260ABABA9A5A5A39B9B99A9A9A78F8F8D6C6C6AC7C7C5451AD12700002000494441547801DCBD89771BD7B5A70B8EE04C702641712605CE034890E220088028C93245451215B713AF388E7DFD9EEDB8DD
310
CE6ABFF4B57D97137BE50FEFEFDBA74049B6AEED74869B7E87404D2814EBB7F76F0F67A8835CEEBFA0E42B854AA5B2BB5B6BCC951A8D52A93657A914FE0BEEE39FFE2FF395B9B9C6CAD2D4C4606F4B7FFF8D1B37EEDCB97587F7CD9B4343BD134BABE7DB48E3FFA7A228ECD6F6574E4786C0FC8B5FFCE2CD5FFCE297BF7CF3
310
CD5FFC92B52FFE58BFF9E69B776E0EF5F79E55CBBBF9FC3F5D3DFFB07F5898ABAF7CDA3B74E74EC0CE20230561BF096E97E05712BFFCC59BC80539DCE83DDD6E54FE61B7747DE17FB8980BBBFB2BBD4337DF487881AAE6C5ACC6AF25207877B2B527BFF1CB3B77FA47561ABBD7F7FA7FE146A5B6BD74E3164C7F51449AE95D
310
B412200EC539418717E7F2F11B376FF62E95FEAF1442BED0581DBCA1BD2780D23F506AFA16E1A7AD974EF17876F00DD7BCB187A1A97AE51FCED5BF2BC1F2BBE5B3C19BE27B43CF26DE00933658FE129B109C2FFF922CC22C4260FA01BEFB462A77DEBC35F42F600C3F5B0795D2E9E02DAD5E650B4438A92801B65C35CBAB7B
310
1EE5041CE69D3B6F1822DFB873EBD6AD3B6FBC71EBC6C86AE967DFC2DFA4CEBFF1BF54F6276EBC114E2F43FEC60B01A0D440A868B2920E5C4BC10D60931ADCB871F3268B21D3851B08E1D6AD9BFD4BF57F7577909FAB86F29B982571136AF01DF5FE32AC3BD9406CAAF2440A54CF176EDD01FBADA1FEFEFE21FE4C9858DFF4
310
183458A9FD2B6708A5A5A137E0EE1D11A9EC0C7C58B2C73C0AD6B479BD76B7790CF899E287FA5B06FB7B07C9195B7851FA8794031EF1FC5F9406BBFB23375420286399B631E93B08022A785C4DBF9996EC3551874094D71B6F487E80F6837E50F483BDBDBD83232323AC420A18C68DA196EDDADF68A77F938F78FD972BABBD
310
B7B87FB164AC6FC2CB760365821ACB74AED44FFAD7E7431ECD7E08AC421F391D199998989A383D9D98E8E56F84A318C58D9BFD2DAB73FF5222C8EFAEF4DE7AF30D756E5108683DA471E70D0502099A7240F19E4089D3FD203E620F1B47BF43501E85031AE44B4B9F2E4D2D9D4D51D8970983FA861B3706FF950CA170DE82F6
310
B312CC4F42C8966295F7D725ED29882415DC055F36DEA1FE96FEC141493F05FAA9A9A5A595B333DED5B3D5A533F62183323032F46EFF13EA0AAFA5FBF7C8976F8C10F7280A014832593B90004D52341980D907EAEB73411EB2F1EBC9F507F92746C40E7AE0AFAE54292BAB2BAB67CAE0746264A277B06508168C94BF772BE9
310
765F7BF0B548FE1E07F3B5A521340A5CB5297C4B12811B89E82191ECF3E41B3259C529F135E23CF4C7F961FB13537F5A02ECCAEA76B5BA5D3D3FDF3F2FEFEFB3AA22053E5008833428DC6C59FA2F770595F311F235D427F379BB8A121BD901B96076A388DC4C3C61C7933CCCD770FF375A6E0CE9F535FE2534BF5ADD3E3FAF
310
D71BF57AA951B6D4CFEBFB8864758A26154430080B06ABFF557610ECC93726224F155D1471041E0D42F82F4891C926C1355B0831649FF365F46FF05300A7A790BD8ADEEB0D4AA9569A9BDBADCCD56AA55AE377F5F3F3EA2A34983A1DE91D810543138D7F28E57FF4E2B5335A3928B76EA1CB9B00BF158C8F63A2E788826896
310
D0B5E7C461949ECE089144F8EBEFC7FB4D8C9C4E9DAD60F7FBE572B416C2F2423ECF8B86C439E450DA970634ACFDA977629098D0B2FAF313A36B3869E37AF7853378CDA1171FBEBA95DF1E44FD5144A420588641B0055A79ED91CC0DC41E27064512FB33F1F04D09D0D2DF0203A646A6CECE80DF28356A348CED8C4F1EF137
310
B9319E1BCD29867CA556AA97F7B757567006A447FD375A26CAAFDED9CFDCFB2BB0BEEE8AA5911BC2C7F85DF88A3775389990AA72219D582409210F85A4E66F2987D875C30848023088FDF77E87F96FD7CBA5B9DCCEF4F4C9FC7C676777577B7B7B67E7ECCCE4E8DEE85E81A6D55AA3BC7FBEB242589CE8ED4770E785D7DDE2
310
3FF2587EBF57F50B9E820527316488E5C32D50F979BCA58207297E2B6D658702FFCD211840FE43FC9F3A5BAD9E97E6F21B9FCF16BBBB3A3A5A175B5B1787875B5B3B86DFEFFC687A72674F19D46A8DFDF3EACA59E405375ACE76FFA922C817CE86A89BDD92F400F2C55B7462F610459837D3A61ACF50C7471C8F2F2A9D38C3
310
DA2F068007F80EFCDBFBE5DCC674B1D83EBCBEB8BCBCBC3ED0D3D333D0B3DE33BCBEB0D8DA35FBF9F8CECE68AE020BCE61C112A4C1138CD47F9AD13F7DC6AB9CF9CFCFAF9D0E01FFE6CD503F5B91C5218E2899CA15098714848B04FCE5654884ABF0E554F11F6C21D73D5D5AADD64B7B9327DDAD8B0B7D7D6D6D07070763BC
310
0F3E38E8EB4310EBEB8BC3DDB347E3E37B5842B97C4E44A0C630427E5CFDFB71E03F471E12CA9FF70E055AE141042DD81234B879EB4606361D9328149037D7D76A571A7E974FA20AD0323832713AB5BA7ABE3B3E3D3FBC30307070B0B9B645D93C3CDC3CDCA41CFC6AAC2D64D0D579B4B1B397A7C1BDBEBD7D36657A3CD4B2
310
F44F4909F2B9CA597F4245C59DEC354316F0587020D0C661742BC02869435FD12CF195C422DB3C5A3E2305C000CE6B7B27ED8B7D63079B5B5B878787C787C7C7C757C76C51B60ED60EDAFA06D67B965B3B672677080BB5329E60E9B477847AE2E9EB53E35779FD37EFCD2D0DDD68AA355B6B0D81860502B8B68C801F5C697E
310
9AD62F4B406244CB975560BAC756AAA577675B07C6D03778C17E7C95CAF1B3ABABE3E3ADADE3CDB1B1B6B681014470343EBA979F8B90383545727C63E43549D14FD0F927E5F1FDEFD7263058FE02EBCD1BDCBCA053496BD58E69BC44F9F854D4D979AE9ADB908824382AC1D4014E9756EAF9CE85B6B54DB01F02F8EA5908E0
310
D9D5F1B3E72188C3C3AB67879B07C8A0A767B8B831FE5E7EB754DEAE5261460243FFF07858D8EF0D658BDC563A2C5EF5833C13C90B69248C4DD97842B61DFA7F210A2F6108A0F96B62E2D3B3F3DD939EA47E30ABF5AB2B903F4BE5F9B36757CF65021E616DAC6F60A1FB647274B4B05B2E5341B082D43278F67D8DFDA48AFF
310
9A13F22B34C7586C9992BA6E66CABC190E313E7C811AA57304B421A75B289B9D174CC868C24548823E230B9A5A2DCD2CAFE1F98E61C015CA7E96B083FC59F3ED06EE60F360B3AD6F79787ED278D0A86FAFE00BA9220EAEFE1D5DE1F7855939C3FCC1332426B377F692406E022C010DB437EF009803F0DCFD3B7C94440571D8
310
F2C328F115F47FD324802070BAB43FBA80EFDB92FCA1F7E7CF9FA875CBB327CF9EB08C4DE4815BC4210E2CB7CF1CEDECEDCED5B757490968286899FAF95583BF46F9393CEE6A86D6F618CAAD9BFF0BE22B042412C5CFB50556815CC5BBE33E9F61ECEC26A9BCB8145FD10590078F9C9E953B513FAE1FE387FAC246E14F9E3C
310
E7F5F8194BD6594140876B6B84C5D6799C61A16434201E5237582AFD75C07EEED9863F463284E2E13425A036BD41061259289B6BDC1ED656FC8B8592C9D00701E27CEA749F0D8EF44EAD8C1F80FFF8F8F9D513191F6803384C800097F24069C407CFAE88136B7DCB3D5D4A60B711F19070D83235F77331FD35E71596688903
310
8E2E0B346EAB7936C4162043E1A1F144093695443A570144898BC4079CEF1912809A3035A1D3F361235F90FFF1E3E0FB93C7E2750719F88E7D8E68123883ADB5B18185AE99F1D11C1238A792DC4BEDE8EC6FF503DF377E0445F68FAF4E08D43082D02170F30131A154206CC559A8D9CFDD762B31273E4947A581E0D9BB71E3
310
3FFA07CD02CE2A6BE1EC80167497F2A81CFA3F7EFE58D0CF5D5D170DE4F89070B0BC4040CC17BEAC6B0586C3D3FF0309BC06F44B04A1E13729929B4DF73C44070692C810B08AC3012E8EE9EAE22067796288C193B2139B970B86F47FAD0F98382B1E035D9C32FD318A4FAFCB274F2E1FA772F94411B0CD42493C23393A685B
310
5FEF3E1ACF554AF5F3552A478383374E6B2FDDFC4F6DFE38F4F4ED7A7FE838F488EA852482F412D3CB07E293D02C9F074F12E84C5AAC423271450572A385449844706475FD38DC3C22486A0639E5F1E38B0CFE93CB4B25910EF309A2224BD8DAD40C682C28341AD69047E8539A6AFC14EC573F7FAD10AE0FE6EB13E87B28E0
310
93B513B5803514DE408809BC12A14876DE0A25F643009E9176D9F0C330164285A7444DC8CAF0E9FE41429EE0A2F6A6DE91C0856C501272404A8468822E24C807030B1D33D40D4AFBDBABB411D093D88C86D7205E05FC57EDD1F805FA4CED5920F0CED39157E007CE21757C5DE440ECBCB46CD283E378029B43FB077B4F47E6
310
0E9F61E8D01BE017D7E843EB49F50A2028F1E442FCC90C9EE308E4C0C2C94EAE30B75FAD3A0EAFA57FE9EF960F14BE15638840EAF3BA490BB6850EDB38EECAFD21A0C746D0C4234DBD035EFC7EDD121FA585FAB73DB89FE6A03CF833AB0730E5E2F1A36CE3F202A128934B44E396961121E1F2C9F32BFCC0C140CFE22C1CA8
310
E109B182919696BFB98120234F61B59F7BF46EC30CF067B21A33B0FB3E402448EE266CCD93135A8E823DB31F85E677434E608F53F8100BC0098EA2FD6BC01770E0F2F2D1E5452A711C4BB8486248FAD756D852026B6DC90A2AA5C6B69E9068B8F27AFABFFEE8AB36F1D23985D5960014FD711940800B560250D2272CC54FF1
310
D3A660B275AC3881E349689C1616E1E9044129D032313509DE4700BC867C71F128C400159407C761022BA8A040F40A244788808C60B3AD67A17576279F6F946923191921B0545FC2F12AC0EFEFBD7262B6935679FC7F80629160ABFAEC88E8430E76D82A8DE62ACE50BD4A42FBF03B387B37FD321B37E31C3F063D99703F51
310
60E6C9E5A300CF32A91E0A085A29C0FC507F6C21012303C6104B82C1F1E156DB3229D1A855A32A8352C9077AF733A0AFE0FB3EF81FDF2F0F82C21B0EB06998866878B103305E31EC17F4FD43831E570A2118D1667632D4FFFFB125782F96168A833DBE78C3F11F8383A79D49F58F1E3DBC780417AE6581381E8610604888E2
310
913E12492881274822C221AD04CB0B1D273B8542837460898C686864FF6F801E8269F40AD0481DFAF5E6E9C1F3BE391C325004DF0746A4E4448F7B52C0D5EAD39EC46896B888C4210D68E99DFA2820DF7FF850EC407EB55C3EBC5028611409BFCB8889C90F1C52355AEF98B18100094C9D0EF6F64FD47E5CBF3FF5293DDFB4
310
B50DDD54F351446FA1F14580DC3902C085F593CB24ACC917B213BBC11B3F0A61042FD8B24F4FB9C4556D0CB9E1A880DE89934CE9607F18F81FDD950DD0E1D143F41D56110E227C250621FF098838042BC85B5B6BCBCBC31DD37B34966E9FFD9936A2FEFEA9EBA4182E5CD3E17AE35501FCE0707E5525A7DBC64DFD077825BE
310
37CE0BBE1BBEC061410C660B6E49912665E2B3749C7C9F93834022F74CDE6CA5EB501D9CBC04B768292C5CCB84478F3CA83074092C6082169015E5800D5839DC6C1B58EFE83ECA513BDE3EFB8EF1242D2D4B3FD55AFE03D42F8492AF8A3F21444FA2FA9ABBF525EAF84C09F0168527B0138A85D1EC0443C467B28BF844EAF7
310
6323BE13D7C11F72FED783837B970FEFDE7D7817E077C17EF7E2A1C2C0FE851FE4C008388C15E818958746129E1009D054B67530D6B3D8DA3D59D82D9D57CF70039FF50FFE0DE94089DB269C3655A4F25B38C49D0BD48E59F1526887C18FC5272197F85CA72862A593A4843CD25F920487DDF7AA0441A2C0600D062001F103
310
FCEEA3D8560CEC3EBACB01CAE5A51E420349F602191E5F901893142381351CE17047E764BE50DEAF9E4D8C38B6ECFFACEB141E54A6865A88A60133EE9CBB4C256930B0B168C1C3AB59FE1743FB422C7166082E934AFA5EFA3E4BCE0B69362FA7041818B7FDECE1DDFB4D022007CA23E521F0700AAEB5888BBBF08023E128B4
310
045381542FA256B0D04E28A0C3804E233A1BFB476A2F48FD135BAF9843BEDA3264EB42BA499601F16B566E72C7EA35908ABCB9176BBED43204C696AFD3D7B24B08D3AFA44BE243D88A6D9D0B6562B52F741E1610C0EFBBAF2B0829289A640EC4C8A4FF66A24430786CEBE1E1E61AF9507BFB496EAEB64F8F49B4129EBDEC06
310
5EC1F8A3F228A3CD0950883B41BEC6D1944AE06147289600A7726313AC69A3F91197F1438BCB743E76F01F6EF1D1C854071670FFFE43FF1EDED702EE5A14C85D0C42DF90B86068800659AC88981855E3E774A71C0CAC2F76754EE7CC87C808D1E1E0F6CF47FD4224731337BE1E39C5010823EE997B1491BBD99FC8D8EF7748
310
2BEB5EB2CF66499A8E0F7511B19B3EFBDACB6507BC78731B1B383D02FFDD7BE8DD9256F7D0BA7B46015941097B80018F700FFA024CC08078F51806100ADBFA163ABA8A3B95B9D2F92AC30BC908ED31FABE0CBEBFFF0279B675868F9AA24E9530B08C174055B7F48E4F58002F3E82F0BDFA003E8B431EB6C4A91E4D9B5FFB79
310
1265BA8827BBE5F1BCFA7F789F72F75EC800F8AE43FFAEC42F13009FB905A9A0132015D0068ED7682AC608BA6771038DEDB3B33082891FAB1ABF5614F93238079726B833958796B845B731FCB86316713C1DC581B1E19B424EE32674093F80776F7E27C6FBFAC85C536CD955B96EDA2A3FBF770FF4BE11845470EB3E42D022
310
000E0FE07D161811020742162444668308801E133A4C163BE68F6826A5523071CA78B2FED51F28F8C70FE4190073A3E5D3259D7A288CD19BDE623F10021BAB0C6E327FD507B2741627727EA00D31856492F9F009D7F152D930704E642795C1C1B336E0DEBB7F0FDCB79318543B25341F36802D64A981A690B94259607DE0B1
310
9D466BF8C1C5E1CEF9A3FC5C639FD6117B4BAEAB453F8EFBDA500A67E8BAF76C8A06566E36EE1184E8329419161F83D843D5DE7D8221163E145F56921C3EE383978072129E290A9B7166E63D26BAB1FCDBF710009E4051842390031845F20077CD079407C575F20364C4910ED2A574BC357630B0BCD8DE39335EB175646A69
310
8458F6A346F003A93002E846FFE0C459B8006E506D79BF902908A0AA05CB5E73530E33BA1D3C2EF99C712B7C8B41DF4D2A7830BE8707485FCFAEEB85A09AB6D39BBF7B4F23E00509C20DB04E240822A4B810E04D8D53D10D504C059ED86BB8697F514777717A8F8144D48A4C89077F7EDB00E2D89DC02A7B975640A282C49A
310
4AA84B70B12BFED8EA6584860DFB7EE23FCB00C6BAF7332FF259FA3C9346508813E372F1DDE425065BB61FDF8300F7EEDDBE8D0C6EDF46F7D8823478590AE23759D60DA6B7A9F125EDE8F4A5D2B37470D0B63C30DCDE3D3D59A8D1501EB1B0A5377517BDD6E301F995E3F955F0F58FAC2E81CE172A8344AC03DC6781939D24
310
84B8FFC15E8F3ACCD3954CE19576B942D0A029188EC7013FE59AE90B71292DE774F1F63D60230180B30A2EDC65291B6211B4081128856001A680015CE000708254891851D4B3BED0FA4D7166B466BFF1D2A924885AD12B387FC0FCE6819AC3AE06A7AA4B715F0927B74D119D4A668FB54B8A8C268D8B038A207D10A7B1E95E
310
42195B695BE0240F7408B311257C23F581E987C180140C584A02B1670CB817CEC0A080F259F1360E58452013200E3EC107AC1DF4FD7B0F6D23F33347F9527D9F51E6138E31AF35F1BDAAEEEBA3D71BB402E2FB47CECEE96B4DB85536772B07C82A34F3E66D0BCEC207FEB9E70643761276F7B50D5EE963CFF80C7AF4A2130F
310
5BF8C4EBFB5F07B709840480DBD8007FB7EF3F90104908BA457D43AA2A6A02C91422285E5AAC143F3313A0CB74D9D164933B86C25587134E8D342B453FC982860D09FD13ABE72055ED020E85D3E312F74C25CB0293D978A1C4001927C80B86FD06349126EC219F0C735C8053D8F5F310817EA01F1B7851F406144C211C6362
310
C27DD51F1E310C0102280ADB891E9B085CC528A2B1369A46BA195B9A2B351862CE43174BA73FB7CBB430A5798F4C54B7333B96C3224A9863AD02B9FBD8E63092191924E77C199D92887DA594B6DCF0112857162FD0949FE6A441F5E62E42FB2105BC405A2301A3424601DC807912CB2C39C604A27908021CDA30C4C8C2019A
310
883B3A8BD393BB3546136EAF561980FB63E9E035FF73B96D09A905ACB2C11D79571C5159026227DDBDB81396EB03F14100BEB66DE1FA9EF82C3ECCBE318119C4269FD014E66361FC8BB0B4EA9A98EF3D8848A01360430284335004C183CC25BCA82D2302EB03B8419241C64DF4F5ADAF77B533BE786334BFCBB8DA72BDBEFF
310
C36103AFB30608A0B39B58D93F0BF42180841DD26BDC22CF0A770E90240006BAC65197D90920131C7B2EB3CFD3C71C6378A305EE8488FC1FF8D391E2BDDB0F6E3F45E7C8207C419800DB410073A3173942CA8D5242642A74496FF115832A6314D9FA4257577BF7FCF8F8E8CEE8DEDE5EBE76DD3CF892BA7FB8B90F629431B5
310
525E92A15A3A4A6FEA3FDD73136172060959206591F4C927196CF645AA285CF3014630121754261C0D31E1A7E3DA2DBDB54B04703BDE3A4209F02045C4BB0F529A14BED07098A2A1CD47513DA64B512F409BC01663090796D787173B5AA141B1B39BB470EEBCF1E30F9D263ACC4D05110797CEF7B923B027F089F74D1D06F0
310
A4D8C0CDA6604023FCA45B76C5CDE0BF3845ECBE13E0C0ED73700A8A753C1AC8AEFFF1B407FC8A20F42F0D94019121DE304077A027D4112283BB8FF0072444D68AAD111D6F591BC0061854BBC048EBBE9E81F6A33A95C21BFD13AF3C7E7DCDFFEB0DE8903F77B41DF178E99C289895B0EA8CD640549D68935BA7C5294E0A1D
310
66DA0CC419BD398E6265789CA1241441AC94532A3C19C95340BEFC68703077EFC1D307B71F3C500859C11494838E902203A2BE90EACC5135B80B078804340C920C2300BCC06F7A1C71B875DC572C9BD1D84BD5FB9363CA6BA7D03E5C40FDFC54FC23C9B4B9DDD028787D89219038523BF64E638BB37CC25335937A00DFD328
310
69C5B390C8C32FF25C8C47A7181B4A599A224A9DADB0E0406FEFF9F183B7448F081E3C55024FB33828784AB61704482CD0160C04174F9E33BA9291D58C2F1F1B1B3B5863B0D9F3E51C35C253D54A23E560E2C0CB3A6F7A81382601C2079CAE96B7B1560D20A341E85A928A4E01083256420576C2ED477E2E565FD9223BCC69
310
1CF394D3D8E281501E0EE5C1C8159E92585D255CF30CC854C75318006EA4A01028EC853F9407C6053910BE105348324002260254886C156260F9189EE0F8C9A3CBAE9D5A992184568A69D5183A7DB97DB089FDC57AEE54F858FE54F577DBA85309640290F2D220952620750C5811FB772A7876D1E4040FBFC6474D51246D8B
310
3FB378283FB514F8AB3C20B8BF7DBE5DE541C9A5D3D38DDB30E00151E02523081BC89C2214103E0BC1B3D0199A08E002681A2613A2616CEDF0F0F9C5DDC75DA395C25C0309C03DEC8091A4AFD3FEB504AAC6633930556DAC86EE3561941E862C4A75DD6B6BB3A0C59BE153DFA73EDFCBC3CE2188D3D378FC976D0EF9A95B7C
310
8532F527CE3CF539581E0FE501291E9139FFB65EFF5DBD8E0C18DE3077170A64E033FD278F18068028802F156C3809FDEB11B1019C208D020C9BA2870457F0F8E1FDC7EDD393E3B9FC9C4308E9315704233F960E554802C14716B0B45DAB5EAB5E25AB7830EBB8D25E6CA94E4AA01794FB1EE164FE9F040FE82C940A4BCEF9
310
13075D087E85A7237D3CF29C47E4E676777779528C4781761F0BFBC1D3A77880E40C9A2E5109180D5255317890394229F0F082010354082D574F1E3FBAB7D6553C2113DACB97BEB5526C7C6F69F9310A94C46CD89FF8F379AD1AA035FD00FF3F320180F01417A6F255A3A8D86319FE0C0B0E06A0DCD33F79841339C01E5BBE
310
1911AFCFF7C1E0A540BFBDBFCF2372352686D863F83F59CB6865F43104007EE06F52406F680341102048A01BB048823082CBCB0B6AC48C313F3E7CFEF8F2D1FDC3D6F6F9F9D9E98D9D7CAE5EADE2A6512FAD7AB526E17F600C85550DDE9ACFE9D97E694513103BC69F8A2813176032C890C1E9C49FC09C61670FF8705B1D73
310
86260E7C8E7122C7F8208A55139E8C8D4763F7EBF5728DF9C34677364E3A3F9AEFDEC9CD95470788834F9FBEC512379890B38C94205B2557987C4186DF5C0837608DF0F9F3CB87B7EF6E920475752A01460E556919B2B64296FB9FB70DD5F47232A0F77465BF140CD001F00ADCA175090E2665A14E6329B62660E02A1CB50C
310
6025E3DA252A670B3F0FFAA5EAD94A509FE7036B159E0D1D9F2E76B7AE1FD5A606198D3A747AF450023CBDFD162278B9446688111009B4029B0F2180AE20A542D40610C073B47FEFE1416B2B12200F3C991C2F54EC2491027A816B0A34A9D05C6F437AC23462385DADD75642EDDA738AF1600DBE07EE8437804D2D011A94DF
310
71C2085EDD40266A407FFA1D1C00B0C03927E60338E3B9D8C47D1F8CAED578E06F7CFAA4BB63B175FA7C301B747CB377F45192003CB8FD34B12009224543D8604494011A80C1903CE0518C986208E1C5FDDB8FDA161686873BBABABAE74FA637BEA894A44078C19696F326E057D7F95D061A6B0394A9D5F2DCAAFE4C2388D8
310
A6E9AB7695CB0BDD0A332430F1A9333DA41D1FFB97FA09AE84E738C75C407C260408F8DBD5EDED7DE1570A7BE333C54F16963B46AB0C2B71208EA3D16EF4EEDCD7005241166C005A73C03164792151205C007288AE337B4D7103741BDE7B7AC913350B348B2D767515674EC6F72A0402BBCB41C81305AFCF05F2758D3ECAC8
310
D26AB97606DB9581A4B7A8FFB068CD5C0604E6849046B70C2B60FF0CDDF93C13822B4E82FA0479A68220E66D9FD775FB3C1A9CDBDB9829B6AF2F77EC9E0678FB20ED8D1B1A1A39D10F9812E20D6281F5673121AACAA9C53424000DAC173F7E18C3052EEE3E78E7F1160F5AAEAFB70E0F7775CFCE4EF384DDEEBEB9C0889D52
310
43BDF557559FEDE5F17AB21E118C4C31A3DF6A96B56AC62180293910ECD6B721047664BCFCC6B2DD3C65CA0F0C823DFEF84083C7ECCDF05898EEF158F4FEF97EB9C123F1B9D1D1A3D9F9AEC5F5CEDA84A3C96C14A55584D62893D6A54D8D2028D05C8B1F124884543F3223B29D208B04910D3FC43F5C52196AEB5B5F5E58E8
310
E82610F08C21BD443801233C0CE8BD1E40F84A1CA86001990048031ABBAB11EF83F9283EA89F181F2A0D9A9F62D94B7F625FD727E6A93F63F200F614F7CF100D4511C07DB45FC5F0CB4CA359ABE4774631FDAE85E599EA0878A3C33D5AD6430CF4C055EE5FDB80629000D7855DED3F436F3B61B3DC7FFACEFD2B1BC6FB0696
310
312CFA477CE87A87070C7998E04FBA78AE3F915A065E819FCF35B410321D9ABB308146A11AD5196CDDD7C477A171C8AFC74B45CBC6F641AB53C8D4ADA5870C02379BC0470CF83DB55F073E29CF5CE5F7A3F8FD62EB7AEB1774C2C6780B9523F9287193FD23DDB79FBEA513B45200E2E0C1B51350163AC19043C600F2C1DBF7
310
DEBA7BB9B5457BC0D840CF325EB0BBABBB786D301437000020004944415472B491ABCCEDAFC0591201CAC8EBFACBF367FE7B6E40E69F551BBBE7123E3C00AC560CE20C62436E8C3C54CC225EE08C0D74CE26148877689EDD004FB2BFBFFFBB984035373A7954EC5EE8591FE531348654514DB1D1C56411DFA2A7C212BE5ED9
310
1278F2851A432244C6822C29C85A8B320ADCBDFDD63BF71FD32648E7D098CD018BC35D7FE89E250EF2AC75F96C15271602687965C844B8807C6E7729D93F22E81D39ABD62A0820C1FE9F11CFA7208125D33E96FD69E83AF6052DD32D49FF0802CD9F9DFD39260389A950887A647CCC99BAB17132DFB5DED35138FB3A060F62
310
95AA5E195BF0BB56495A5A4A8FA440026E46A047D40ED2520A441C302D240F201FB8F7E0EDDB0E12A04D8816215A0579E8FE1B1281E9F19C9900DE79842E2A7CCD48E9876EB01C75DBA0E0C8D44AB5512947A00BE7CF5DE9E1A6A6BE43CF1A78783DFD5A404E4477336C1ED8B18908B2A847B2AFE9839E891137A6673BBB96
310
FBBA2A4B8E9373B001F08369BA11BE8ABC4302FD2345FD6014A127068427D007BE28B41D9B0D40FFB7EE531FA673C8870A69135B1CEEE8D009C08042A5B4EDA314920B635BF941E7487E45256439DFE9D276295F87E698389CD49FB394FE19720412DEDDC40E9CE9C6DD605E0B719FADC416CB15AB3A61F9B5B9B9426E54F8
310
1D8B03DD950946D432B40CEDAB7BB5AF11213CBA73C9BCCCDAFBCF06127C7980FE6D1DC9B4DF14832D6568FEAEEBA76FBF438300B541064ED33F3AC0B0D10505306FD370AED02859234402F6C3FED006766DDED2034D90D119057225EEE3DAF787EBF30EC51ACB4F551678BD6728E1944730C095F13E4D81A4DFFBF67C5BEE
310
37E62A85FCCEC6CC6C7BC77A5B477E22223ECA4FCC0F87E2A5E3EB782BDB25B8CFC6736A044DE5A7CDA604526361D650484FE283B77EFBD65D52C1C73C4F48E7D0D81ACF572F2E2280F98FB230508FA906B42DE240ED651B301CEC83DE1790C9FD96B6CBF986BECF3BD332C18EF627A0B6EECD5B152E02088D03D828AFFAD2
310
6B05BF671B4F9A09A8CE0CD2707F67F2A4B3BB75B9ADA331C1305BBAC182FB4A79820B7EEAF73199B8404C0B81231CDCBB871B80FC41FF5860E8E108222A1A076C29E6E03B6F3FBD4F1F295DC457573C7ADED636D6B7B8C88413DDF3B327E1046AA51040B40CB50C7E3F1D2E44DAD34CFA604029BFFBE714DF0C069908027E
310
B275F1F366C132E1A7450B04011CF82B2B647CE754F650FF6E25BF37AAF65B7BDA16CAA791F1D09F6CAB989EC5AB7809BE145FA459E8D3E4B0FB47DAEF093B946FED585B80FE1A0305FD5330FEDB4FDF79FBF6BDE81D8300CF6815E5F9896552412A03F31FCDCC7CB5E32365550CD9365FDCCEC8752E943161D78047336F8A
310
F6539840A1F2E764FDA2970999F205CD2BD1F5CF496571F76EAEFA0E1CF8FD2A55FD06391F9EEF8B9DC9994E72BEBEE1FC928E2F223EBA0FBFBFB4F2DF137BC894B8087643D64ADE6EDED67F7680FAC9060239E845FC94AE93D880F994FBF71FBCF5F66F9F32C292EA900F9C1E6F1105E81C5B5F58A067A448143842008D72
310
75EA3BBA3D2516FDF02FF79260020D6B3C714711F3CFB61BFF56A826E627E82256F7400FB387FEF23C1C1E77FD6A21EBB1B2B35F2F95E7760BE1FA3ABB3A981423477517EEE36FF96F122B942F6FB64D9502BD1B9089162532A2FEFED255028FE653C9F46FA321E0B588B7DE79FBED07C44106CC85133CA65190543004D01D
310
02D8181DDDA5A9C91A7110805B7875B689FC3902200FB192E7DFD936B37B57D9C338BD49E99E181F4E5FCAB2ABC1CA7AAB382CBC7D515457CFABE6FBC63D525E5CDF74B16378B9AD6774A58531912D232DF01BAA913DFB7D3AAFF912984302B84D0500077800D26C60A4742101DE420C610C2E92FA93056022EFBCFD5BB6B3
310
8651470CD33BD87630C05831BA864C85997B8754B05167F0706499DC442FCD22592AEC2ABF3FF13F950039BF159FA9B36ABDB2778EFF83F70972B83BFD3F4899E64DD8346AA495CB155A7499F2CE39B0AAE755125EB84FD8CF8D8E4F4E9FB4B72E8F1DBCCB98B31BC4607C2CFF21C8145FB48EA0F2159F86A3098415609554
310
DEFA7B27EF1301033DD06D274BAF6821D220DEF96FA4CBB60B3CA241C021D38E1AA76B4406B4767576166766A6C7F77273F5F395291BBA19F64F2E3095C14F3E60371827741CB27E89543857D6D96BF9A47C6A9A26057840332EB843717AAD171880217B71FCCC0355AED3D4819911F79D0EA8AD6DA31A83E36C5DC2D47029
310
5C011302387069158F6C9966022367ECF1D00BA9BB95C389AE7B6105A1FB640689033A7FCCFFEDB762189103A61C3A4FEFE0D6A6B5A19EC5755A443AE78BC5E9235B047890A65919A0D2F96AA3C01CEE913BB3ED239C3E0CD8DDAB99E4348BF3F8B977B6C43DEBEFBD7721A839A63B94C06A10DB87FCBFA3C2932F8C26F88B
310
6D6BB30C3C4E09AFE40FAB52EFAA1EC0316920E031A46D65A0FFE45A673432E907FBCF86717AC04F2CD0EF512D665FF53F05BFCDC43489F150890C60A8E0314E70A06F619D30D841189CA15D3417F3CD50191AE4396543F0C42BCFD696C58DF163F5B46D708BD5FDDA5E5E5FDF9401BC4F7E00E8A17520833D1CBFF495B5D1
310
CE037C664123EEE74737268B5D1D3DBFDA6AAD8C08DF2C0BC7A737E10AAB2A7B958990CEBF556CDBEE823CB09FB344143463C630CFFF585D330CF0320E921744A7918280FEEF981161008E9FBC78C830217A07B7D6985E83F9A79884ABB5AB383B4D7D788F9FB3D867A2112A43F19042B33A108690CF6F472F8661CFAC9714
310
78757F6E6F2F7AEB82FEA85E5715941778B278281F28C268AB24BDB470EF3303E09C359E9DF1CF990D8A096106E6A66C8620DDE7D281DF0B2831F20439A30D68386CE13E002F7EDA8D7806162B205D6A19AA1FABFD6B1B400EC2BFFDD66FDF7E8755B4883C043F43046C1326136680404F1F934EBDDFDD39CB58A98DF1BD78
310
80E0532E671FA1435E9D6EA5E9071000BE8F262E7C4044FD95D5FD526EB40A05A634775F32205C3D779FDC168CD5E56BF982508BF572BDA4F6F57D3304BE9EB18149461B12F760D7485891CA47CFC44909136FBF4931716A2E100123FC6CCAA6A644F25EDF4AC980B14039009BECE8B798BF69A05DC5B6885CD23F8E13A46F
310
F0C0A986D617F001C52241801E87C2974C31411DA3A5D7B6175472763D637D3E57C33B908F867F4A59CFCA7923375E5F027A983E18BD7BD4E6FDDBB2250C1529F4202EFAAF979DFFB1F2612E87EBEFEC58581EDB9AA95AD1D7C1905F7305BF8182D5BBB524D47C4E3B81CD843220DE1E6536497C0962C225F75A2D6A998303
310
B23FC501F0B3F736EE1FF01200FC8C99F5515207C9C40081DF304C0A17D06E26CCBC5B3C47459308178301FA8057C2C0AE9D99B05F038828B08400F2E3251254DD7EB8BC4853B101F99AB48E387457C96951E5DB670648BAB70A7B04FE93EEC5F5B183F9739C98952C6845C380D401B8FC86E70A20744EC720E09D35955D96
310
A9041720196D183AC2CFE6AEA816652D0234883D788BEC8F5DF2615261DB031C2381092401B48D8D2D870FECEA9C3D99DDB036C8A051058030E32190976718C89F031DFBFF2EEA3D88606A8A19BD0AE305BDFD12BA4FF46F1A0002B07137989C748936E9DB2C91F43B07E4E4D16C3779CF5A4FFE8CC981F07C29E34B7C012A
310
F0054FAEA4A6A3D49D3A16D2B3CF220A029003366663053C89B3FB1827080DEC2780076FBFFD8E39810CB0593CC68B5D9009F2D400418028B0BC6CC74067E7C9CC0C2690FBB084AA5254A12AF63543B35EB40D17B693F7E3464D5094C00AA9E04E0E0524F5C35C5EC6BA94B21AAF2440725E2A9FF94FE7A8F0E769EB83FDEB
310
039B631B18BF396F5C13CF89ACC02C387DA56DC3B1CD84B96CFAAA37B55FE723B611062258257D331F186AC93D8AD600B4FEF4AD777E4BF68F2168FF08C081A37AC13446C859964803961928476D78F68419390D830C1935B5C2A0A22A3AB17D3D6428BF12DC373B8D464E04C0A496BB3B3B75639DCC2500E0F0B15FB6F47B
310
5A7ED0183A87CAE8D535F2EDBD4B3B7FC762DFE65A07C30B2851DB890082ADC07131EEEFA3DB7DD5CD32C0860CA83CD4B7993A175F422A8149B1C1D94C1145059D9C78A8A572A90B7C8B1E3392FF77A80C50220880FF3669004E90F101740D2B808181455A044904674E7482CC3EC85C4BCE339404C0B0BF6A5611E4F9B815
310
7BAB6DE327EC9BFBA1B4557ECB609C1F45326499EFB90EE78F18227F09E563C9E63D847EDB3B68EB9C39E95AC4F7ADCF7D87F6752BB6912040281E4A0D8A8314E80D60470999B8A51FB1488A66A9F3F81FFA61C83F4FA6969E472288FADFD61B005E0EA4284822E018911828E868614DA0C36E11F3A051070BF2F0840E35F2
310
00E2C0C80A776CC9E7E6841C0503D0EDF15ED9AFE527E798D23BEE5F0604E58DFB7099D739BF0BA5D332EF29F1535995BDBD0DE681C4F71DFE6A7AC5A13554AE6910963E9ABC9A0DB5B202225545F5CFACC942B5B93C207352B6E5310BF349AF200175D7DFDF78F6D683B7C87E087FA9B35812C4F8F13452CED610A2207541
310
E6D659A739441F3833CD0C9C3C3DC2B0712F62333C4FA9327C9CA1124904B4FDE0FE21C119776CB0C212AAFBA5CAF80EB43772ADFE77CD9FA8A4144C54C2FB2304C65F62FC3678E4F6C68F30FEE1BE8383CE7DB86F58B1AE0C51F0F055E188D02F00911DDB0991832228B3172B3E623E513FF1734FF414A611A603163F401B
310
EA790FC9FF7FC3FD3DB02DC00184145B850D01D120424DC03C00FCEB7880EEEE939399F1F18DBD4AA54C939899304D913CC2D5CFBC55E50C7FBE4C0E14AEEF53D6843DFF56BE2D554637EA047D3C210E2C61077875FB5B40E19F43AB7470CAFE1C0D3ED3B3B4778D1DF6D4F837C08747180FE8394F2CA1E0A46B6DA62CE2B2
310
DABEDE0B1924098580FC16B369730E9E90541D3730D47FDE16EE1FFAD3419CDA05ED1F2715C607F2E81893AFC5936303F40EB776F1D808BDE393A3FA401E1C706E154C892860AD74A2949C409E28A8FB3349C764D13E4D1D3468952B7B1B35001BF41142CAD58D6011C8B78961EACAB66E9AFBC627673B61FFDA4167950A27
310
4145BF11EA17BA9AA60815C2C43AE1F648E3772E53C94E6364AF826019E723069A8AA353A3BF7FB5359281700061FF64C28C10B9AF0B70B0B0D30A31CD1CFD22F68C76DA1E44558869257892363C091D313EFA46B57C3BEB252E9C6BF5B4799EC58F1910F469E25AA17B343799DB3E33CF410061F96C6D63FA91B1000CEBB7
310
D2971BDD39A2A76361E000F5DBC1688D47CB812DD60F8001AF25B328D173A9E4BAC18CE9F1F628704330741B2649B92E9714447C68559C6CD2F681919367E4811100750058809D0230C087A89FF3C80C23C4C60882E481F48D531764BABD5CCECA308DE2F63D3BB50373D630796126803C2D1FBAC148F7592881B395ED7D26
310
B7DD38D7096AF98841CB37592561D9C6565317AFBE9FC4AF7371E060736C7635E0CBA1809FC80F544DBAA1F2F9393D970D44C0615A0C6930E758B9E63AE690F73045F0C8C0731DE9CD80F718E94652383458799E02C06D328010011C7090D8C5E5336A83D4059953877EA1E1D66FBE994F04608C4C991917230FB61F9AEE18
310
3A40AB9108D032449FD1A7283DD25ED15360EF7EA9303EDDC0043403531EDEAB10DFF87F5E2FD56DF0F1B701A9F614DB17FA0E0EDF6FD0B1622A81FA3D1DE5A33F551930335C353A87F9AB05C60455193448246944A232C5D07636D864CDD7A50D0B4440CDCC465D1C418321F50E1648D500294065D869559EF3C40C8FCC6C
310
323E989AD0F0C73142480B200842802C061008B480A9954AF282052B3AF67350FD0DD30D1F4075AC303A5D490250F5400ACF479656861E4C77AFF327F3EBECA4B57B6B6C8FF62602BF150744656A87DABD7BC6BED50527B2120C001A0B3718C74F0C65CD34F275164D7968148DDF259AB8AD6CA81CDA4E8819509B996A7F64
310
2D987A401A2B04018C01E6C169A8700F9DE3B489DB2BC49C9B7B858A4F50D22AE15428FCA4A1EDB20C83492690CFE361CC7F8C8066FFD0D77AEE797977F468A36E0B0DFC87F90EE6348BC748F7CB73B5B9DD5C6EE7AB19ADBF6DF359F1DC2A0F9E44F213F8041F64274C0859A2AB7C37440FEDDD2F95BE44065F22067E3EA0
310
CC3BD8C0D8194EAB291CCEE20B9CD8E02950AD806080047A279F19024C837C848816719AC4A34DF8F0706CED904E8185753A458A27E4C1E37B5F30A104932BE140E0BF4E400160F320B054A8705042FFC47B4940810173F9C9E97240C7FCC3F3813EA239B745DE9F1B1F3FC2F9330374DBD1A7B475923F9A2ED81716D18D1B
310
577DAAB9D1A0458655AD3CA7E211867AE7C702DCACCD291E0F798013DC01BC326087775C0833E04EA3778FBCB8DA4687A0255CA0AD210C15661E4E92001A4449031D1DD27D327334BE830B64DAD90CBF537A45FBD4E94A7A88888E715B7E74FCD040E818BDC1BF5AC609CCCC015DED23877080FCDC47BD8EF3A7B783A17D33
310
F3ADEB6D6BC7AD75EA7C7852C5B6FDADA6AFEFC2D181C03F8C40DD8A4AB5024F0B72E34B57BC1182472DC80946789AFB711DB7F1193C03C893B0345F420246114D3EA71D04FBA731C0DAB0D3CD311B218F0D5A15ECC105D02F3AC32F13600084731A83220040019B03180634B5923D438300B05BAC80881F061095FED5D572
310
A3323ABD83F1D37A2301A8C930AB3F66ADF7CBEFED30BAAD7D78A06DEB6A87F15491F5AB7E25842B6B34BEFC12C8A159F187C64B3CBD2356DE5FBAB98BBE9583F0E3280C0076DA15BF34C15238145742B07080B1EFB83382F9FEF2239D003541041083C5AF9EF3C8944DC2030BC3ADEDDD9D27475800693049E05413BFB3FE
310
B4308731512F13400D06F813368A0101D8D863EB3E75FCCADED124F532AD3F123F131AB46A93DF1ECE7F96CE9EB6C365C6D6A07EEC461FC919FE288AF7AE1A7D012D291EB073735FF26BBB1C99FB706E972192819B7A34BF22424BEA1CC7958AC2E04BFC8E02DB90A4A1DD04811ACDBC181037864672C78F6C0EC3073A40CC
310
49D5E813593B7002763BC6A909D31AC86F3F6E335C9E1C309BC58F16418642E2AF6B290A34FEDC0CFEE08FCA0F56700699CB73B9C99302AA17BD516D7F1FD755A2B32B3FBE7134D3BEC813195BD355020A7DBB541539CD2C06E45F46FC0EE08293E6C0E1972176D9B678340AA1A4823404EF79B1E2347E47C35D0A2260730E
310
0B513025DC0BD1C07E3366E9B9D17F767405FB531070700035618606F0B40C73C974CFD321B0C174A80C0F3AA54945FFEF348F5488895713E89B5C98DA501E06D8D24FF04FF0CD7ECD7BAA755A854EC6A180AD13BE094E8D5D63BFD6DFA5F5D3E4DB1BA18FD8473DC6E17FFC9832B71A2A94D96E808BB53F9192955D62C82E
310
282B05168AA0927D54AB20A20A74800B7CC9655C8B15F62377CA4C91641F9F4D0478F4FEFDCE273A002CC0A725EC165CE3A149F0333E8E9600B2C05A7D15FD831F0938DBE5D0FF13E3C0F0765965A0961C3FA86DEEB0E28304747BFBA5FCDEE44C23544F7BB7BF7A132DDE34F99E44EC3FEEAE92F667A10F7E90B0E8C6442D
310
F5A5318B0F816311DB2E6DC6F172C363FC800EE09186BB9EC82A24C0117700CD884AA42023B81EA6E0CF8B3056411110D78606EBC5AD5417B45BCC8E61EA01C4006AC233933E35D860BC1B6CB9C9CCCE7840D2E0C1C1FFC11CCE54D59300F2B47D66A10F09D8E24B71B9BDDF98FB62A3B897C53EC88D16D1FFE8C649B17BB8
310
E760EB20B784F52F992544753F2CBF642CD3C9C70D8722C197142C567E74FB431EE248A8F3FC00377F5142144A82FFC28AC2970A780C85A7EE9146FA4B2981F3C93BCB0F3FBCB6DD3DE69C72B6073B99140DE28B8E919D9D9E7C2F5FA99FC1FFD07E9AC0965CDAEA0A945FADE52C791EA989E8E7A21A355FB37E44405D171B
310
98A6E946DB26AE71DBD01FEF07FD378F5B4B518724481820890E7486E3FCE61A60E096D577701890EE07CA5D7F2B086040749FCEF3F81972E510A86359C9BB579883035887542090614E5C4461705D7CA1CF84DB564838606CF1597E8119790D021080C935A908324EDE9F60A04B7830A33F0670CB08605B8D01BF9A3D4356
310
93FAB4FD84EF6754930640C1F9D74B052A7ABBA9F502B39DA3BF6BC7514EA4BEC71D752BFDC198EDA8DFE8F32B3EF811E4576B0A2074B99B070A069F60173E7427BDF285024E35A4418B7A412914F2800F1965C4F1120A2D5D2C64400563D5942044807BE7C738EBF3034C4A6F4D70C04ED1F97673C039FABC4CFF18866E08
310
200BB66BDC9CCDCC3FFD1E43BEFC52C317F0F5E64900FBFCDA4DEE68768FFF46350E0EDADB7B34DBBEDE3776BC55599AF84E312229F931E700D04478D66A0D88D09B2276141AF0F8811C5F8067DC04C0F90929F7F1AC9CCD368488AFB965C97B855A3E2E93AE5B4866502E55991B82D4388614F2C36B8484A5FA06E3EFFA98
310
4A6AF17D5C2073299D9F12FD63826F67FC460E54030981684E9FBFC22009A3006962285FDF4FC84B699FB5BEF3736C6072F6844C15EDF25883037DE6BB7AFAD6AE164B367812FA8CFCA6FA25725D99AEC5C6EDEEC64ADDA2BE0056002032E1D7A20A54CF444E360D520A5B69816C0A953CE0434A8A898BF18E2B704588C01B
310
DB2133342F5404FEE698957C200EF54E31BE6DF4E888C9C67F5F3F1B41F922777E7FA6332677C20098C59F762F5DFE4A23F9801A3BB6F8A4F66E0D40EC867E92DEFCE84C714FC7CE8DD3DD3BDBF9C781B1C3B549FAD2C89D711808CAB100E09700BB85240374A7209212F320CA577222A7020E7824500179FC7096C714884B
310
DFD9499E027ABEB3CB0226CD293CAE6E0C41A6788F396606A073E28CBE5CC67D584D36CA39D37974FE1023253E3FFB007A26F657FFC901D851130DDC2BF54884F20D5D40A0B7E5C7BCC7CC87B84F2ED820192CCE1AABA1FF24ADBE1D03635B5B3B53D4A5F84120125FADC36A0E792D3AD7E255792CD5241A4C84171F110409
310
0017DA493D0A7790A7BDE6DF326180398E4B0DEADA5C2763825E43E05C388E184678C88CE6422606C017F030366981353DF03A753DBF6370879F79889DD0BF75408724DB53C5B0063AB6568D02DC47AE4627B58D7E367A6000267E7840C23A0940B992DB98ED1C4731B4FB4DCFB6D3EAFB6CAC7646F0335C5031888CD74E21
310
03380260AD47176D703960230370FBBF28813524C17FFFBD6288BB28E4F905ADB4A788B40B4A6201C1878BED224DE9906C4C79EF32EE679B9F5D3B5DFA137327320643909A823F62106CB8F9BFE4BFEAFF0FC7A6393EC7F64A698EFF8ACE31BA05ECE6DAB6DF124118D1D13F892F3D3530602E3F3ED3D59DFB821ECFA3D9AE
310
85B1ADAB9E328DE738BF55D5DFD039445AE76D0194180F57B15BEE5F09C07F952F9A10372BC894CF7DA12CF6507E2A8916E0DF430C519485C55D61EFE209912D8C32866214E121611E22A0B1238DB18E86636A3BFAFD5B4EE02FF1E505F902BDF424D0516907BFC95EF3A76B6B3872769D67E25B548F0DA46E2B93DFDFD5F2
310
B9E9EEE1EE1DCC7FBE6380DFBF38A165CAC73DF912AD76A4690D2B766A3EB4AFA2D05BE543EA20B095FB17AE3F1928D84482049B659E671A4763CFA567C08824913D37F2F92F841FC244085C1681225C04AD6DE1684831682CE0D6096B56101C0D4FB3A1BD3F11FC1105AECF5660BD3FEEDF162B0D9DEC6DB55AF27FC98050
310
BDDEDFF63ED14B01336053A19DE9AEF5F5D9E9D9F9E19ECDADCD497BCC57681922F327EB41FF681E17C1921B04FBAE371AC69E53F98183E91B84897A5DB164158BD1D12FF6F6BEF0E02847727BF2628F9FD48B6FB11DF6928C868B29590A0606F92140D0C08850DAA7DD8A5FE8A50389F61288AEB743E9C801BB67DBE0A7F6
310
4F63BC87770FDF57AA73FE1F5A84F8DD3AADDFC32087FBC0A7D645C327B97D65E7A8BBA76DFD9BCEE1B1CDE3F5F7CE4E6DF4013ECD7CB60BD1239E8A4E9A5722AD9C4FAC8F7FF17B214AF8801950430639A08E3ABD05A0D94E253BD5951C885B0CE750309070555FF21F2EF83FF53F4E15038B8D8A244740A5C9CBC120043D
310
A0B323FB1DA0A4EDA268C05A304619505000BE10415DE898809DB6B66896E60AE347ED3D6DC707CB7D5B5BC374A158EDC343D0EA61C217D4878CBBDC1D85686782C3CF4272E7DCFB5E9EF628F5A95AC1AC0C6848F5771329EF8DF2BB79EFEDEC8DBEC72EB7F245287FD4B31008AB38EA4D52F2BF57167159E3004CD8950E21
310
7DDD6F699FC763E9D1A0AECC701F7BD4430A3E030374066938F883C01DE40E7DAFD609345E33570F4CE6BE467FBD7F793B5AF2A9D331D86DBA7BF98067918F9FCDD609A0384B523F4413B574B818C6889FAEFC5E7B8F90CEFD62BC2C85B2478D54DD076635BE434FCADE68B3ECF1C8708E27863DBEC352D87BCC7A92A8E135
310
700CDE65BC114026DE5DB68275E656D2C0D4087293D43BB4C9C14EA83C0D806783B40DD7CD4F19EE9F33801F55A3F1FD600017A6CD5DE607783D5F74E34680E7DAB98D99F6E5B5ABC7F7DF19D8278322F6A97FDB2FADE1539BD945DDF868EE2B8B70D9EDAA45D1BB0A5801198CF1DA891540474745BF0317F8A3703E02510A
310
E94B084221F887FE950272D62D4232781054A87C58D015CD45EBF9B70E60820A2056E9D4D619E8494BBFA68B61EBDD8CF52CCBA124BACD4A4077E8420A7F36FCDAF661E577B792A7E1B7E337C7CF1FDEBB3B49F501F3C7366C1730E793F51FA20A9C3D2E9F18E63DC277449054CEADA36DA0807467D45F8A744E1BDED725A0
310
33868703F1392BBE221158220588F30574A0B0893D0515B0B7C404AD0E7F40C11D504C49BD7DA39A85A19CD7357DFC966E5D92272FF06D59CA5A6A1C8AE30E52F1247C1F1D78F81887F9F3E387075B170F9F5EEE4A7F5BFC69DF02FD8795FCFFAB472E7C88D563DA514861B85BD41594A75F5E866BE69471110A9F75C8609C
310
7E6BF6C7C727431EE3E9E3773D2378C25226E82C08104A57ED273FE0921D6990E02B006BD038263BA360355E8DC446A380F0BA35FA9945A80CF60DFD54054202F91897C241C147D59F8E0FC67CD0F2BF377A3463F8BBBABCFBD6833C57E214AC3F5AE9C2FDE88852968F20337972C7E04EE5658223008AE82D93BC37D8DDD9
310
00BD6B16EF221F0D4149045D740A8A215D4FC186C658E01994B8CCD317465828704BB630DA2243B3B4ADD3EA554A97408454148C04A1A0CAAC2E04033C04073851F54380E0BF2DFFA43FAD3D6B574F2E1E5EF6E5F4FEFBD1CA87C161FCBCF5C7AAE2F726F814027BAE10F79BC3D765D61D1803952210A9AA07F8C6BB2105B6
310
1145B324F96014EF223D4A9261080239F03FF6F4DD4975C183B887E081F7A467A25EAA0C94028FEB808637768B07400A8235D4EF33143253198900E079E3FACB0C59B00F827A5785A6FFE2FCF0C0E6F1714F11CDE5140D931D707950631F3DE877F300002000494441540ADFB08704E252AADE1BD4E8DF55796A32B9B6F177
310
37C67702E5C638682737286CB0E0A89B624D5BF28222432848C9AB8C07170C97B814FF492A61072407D638006F7C8400860444C01B1930A522788045633DFA9507267A3A42BA05925BAD705CDD3792FA23C1075C6EE768A673919EB6C3FCFE7629B7310AA794CC9C0D14A1FB88F95C845BF22543F57996E0B26C9E4C2ADF18
310
7F979F8A55F11B47BC26594C52588518D25E6C2B1CCED231EA1B748F093E5726A21A54C91EF95789041030C20FD5AD68613432E19A4D0DA2505B6BD843516E10BB00AF9AC315EE9FDB39CC1F9EA59CD88F9CD071D470C86C4647FDEDDBB1CDAB81DA94034747A779F4CED497CFF817348F69F52E55490840E48840BA72DB71
310
F3E84F6DA2F4717AA928F153DA6E4C7E8E00363CEC9A2E1C8E65F298FC4A52F087FCDEE5CBA38A80CBE11FF7BC2AFF249203FFAB77A128A001B1987BD334AD9B901890A8C2005B6B248196AD09C0025ED841325B31845032E327C531C839E66DBAB39566B631C2FF0A1DA5A3CC47E665AD8751B47CFE33899DF047C9F3C365
310
E3B11278D49DF939298E09002F6430F9958803309827A7C791048CA070061B7E9A64C557D235F83EE24822E5EAB805F9862F20FC58F483DC0EF02181F572930205107E00E523861895A2811309808F2B6C14B2AA579E893753C155D2F54302007E9FF36AC5FEDBCAD47E182D91A73920CFA5C18E01F8FFF4C3F1FF553BCAD0
310
E58DEF85DD63B91BE38ECE1A9FFC4AD4A1FBA30D462C328C5A0340DFD393D3D3D3C0659195C96990F391EFF4175213BC74C020922D4830FE215E76940962BC0713A3B82784C0CB6623DC40D6E1485BAD454F6892200B225096127FBD82D2B12006BAE2E329C771E25FEBC0DAB3B5395289D56D7A8A89081B34EE06F80F819E
310
FE75C67DEEE95D227E283FE98A7B9F1C97D2D05B4D07A469153C3DA3048EA68FA667A6D90E291C7D7E2D063E4D044964D055F2DBF3E31BB851AE9F78A0A7314F0AD24901F581D74A6929142039C65AF5830D1C809536CDC05E4BA51038F79D713DA930CF18BA3010E385351CF47F74D439BCBC793556A1F99814926AF12835
310
E251C59BEA3C083EC2B2760FEBDF4304C9EB87B35769E1EB24B648542CFA4EBA9EF93CD42F03C08F249A2C98897D8E2225E90077823F4A52171A61219998CED6FA050992B6B0A74A2220ED12123004FB977084208F8E2AFC80F456CB110BCA647A3A0F854085D84FE0052BE31FFE7F925610BAFEC06FC33F9931BF063F39DB
310
3D1BB20EE357F594045F4226131578582CB055A59A073AE0413989D215019B6EB8A21CF154D71164E0D8F4E730C2CD382D098DA5261456A425643686BC8301710F2C50665881399156AA2B4C3191BC555728384800CE10040F746A3D8A80A5F0E500A93456FEC52833BBB45203DACCA37FE1D3EE4B9BF0EC27ED47D89B8266
310
F11EA2DB8B5A8BB93EAEDF0C06B7AD0402B9EAC6E787365535AF19F15158308A9D9785C1BC1C01377F8C6B4D07B50DAD25649764A91DC9812C7B34CA98184084F7C01055466B48058CD44085AF26648520C85C41C67805462D8425680425559F4440F3ABBE1F3F81B1EC72708767DDC8FFB6465796C8FE310FEABE0C9B242A
310
74137EC3E0427091967023299BE5D6D4D0C6D15747DC2AEA4ECC57C72856E827D33CBD319D70FF854369EB841282F84B7CA4881447ACFCB257E252E00FBB3272120A75B99119840858486615636E0E0334031AAA8C08A62E080053A0AAA4158431EC727A084021D41CF5D630C94184F6FE7432E8F5F9A4FCDF3EA7CF136FC2
310
988093F98ED622E38E4976E1BF0CF49D2889E6DF3566719FE1F9B47A2D3BF89C69155DCF24F88C609EE551160F0415900B4C48FB013D8900A9192A700748002924771A3686A0A580FE4009E00ACC090253E280B90AC15048E047020483A038A60ED232831F2CC90498648690D960C48E439F18F4DDBEB0B6F5AC7B7B89F623
310
0243B4FA160A7B9327F3AD5D937C8BFFE5FF8B3A5E64283BEF8EAB9F71159514CFED62DBC880614AA1F7994CCFAE7D8C87057F451733699B8DF87056E1F0654B5021E38097E4E23221B810DE20559AD183A61C2C88A648DB096081E9801CA00BC1DA0124E08DAAC15FD2936905CA8DA1C40E42B13F1764E0C4015EAD7F8BFE
310
C99A310B1B7C0BCC7746D3C0702759C89EAD57122092122D1F857067684A578F1DAB7EAC400841F493A468113282FFE42316CC74C756B1C880FE78795C692813CF4644480EE9B02991BCA257A71861F00666D9410288487618D120D0E80D7773E2B7DD180E100EC98B221C94BFC4FF531A09B986230F1CD08378A8E4D0FDD7
310
D9B1BC75F5C12EAD7FF83F3ED19EB018620303C217A6A35D826E72ABF2D8E2BB1B783F6E48D2E3F360806E1D192085D022103473A10375B63853EC54F500B5B064DBC20945B88160DCF7E4F83A0200BF6FAEAC88E9F54D22D898E43F378D20B51B5D6B1457000922202800DD401A9266483029C0D6D57ED80D42A0E6E08835
310
F0F3AC73D7FAE6D56185F04FC44472B854EB7D9CBF7134DF3DDC35A9F6B38417DD6F508B37C1A718B0D054124176F7222F62DFB327F34D451799D56216880193254FF782D7DDE26C271BF38C6E422E271CE4AB8823C9510F021126A7A944E00DB4031D013C88EA0746C96D4574069BD5439C4110403B40020C30B07A604F1E
310
41D19C21A93FD9002DFC35F23B1E7B98E95E38387E3603FE7393680410D702FF9ED5A3C5E5CE68B5827D721FA78F3A9A0C08A79722D9C9B418F46C0057BB1640C70AA4A03D29CECF33987596D53CFB27B32C3BE304C540E14BF8464E080918268D254838C91A01F0FFB99154FD8A9C0495EAA6534A6C464440B4A71E16100E
310
7405088122A35F7A511DC003D002E6C8E7E15F6D1D2FD09014139EC11FDC89394621F77B9F88EB5A583C41E2FEDBC8F82334494C0BFA97FF3C3A34ADE60385B60E5A30CF036E5E75370BE3B83AE73B3B7DC0BB337DA0045299ED0C66681E4AE223D01B1BC3BD4C921E2005FEB5114739040758189BA8A320067B62A3995E47
310
20055065AC2B4A8006BF8CFCC907C0063EACE41813C5F017065AD46CFDC6FF1BFEE052932CA3478C8E5A6F25DC8503D40F61FC1B047E4DFFE8E84407C81F1AC7B5C79DA358551CD0D13785A9AEB38D6EB68A0A8087FC6543E7471082873CDCE5CBEA1EFC5CC0579469E225428E9A43D6A6000B4219DE52E8DF00A55F4BF503
310
5960661C2DB88AC1F67C2890A93FC420193C8326409E7B595FBBBA9AE1D1511B3F6D65B09AC10A71C2317201A603E88C56CC68C91279E83F5C147787EFE6C675F00941D23EF092920330982DF38C65EDFCA89DA98E8ADDECCD77CB86D85118F3DD9884820B1128010D02F1060F582871CC8FF42024C02239273A1CC3BF71E7
310
70DFB7E96081682803188118B50310BD620234F230B12711B063E0F0490FCDA9248B580D3D3DE944A30CFCF2A1E0F6E59E8FBEA289CCCC943785BB8880ADA9C2FD70F6A13F5418444E3A669273C006C4B4EEEC067827539FFBEA9CFF04D84E7F170480037005AAC8829084329899F90B5E013927F8E646514B4824B01D11F7
310
2C012CEACD163B6358A4454A4221D06E68A71062520649BF9E9127D0772D6E5EADED52FF216BC2FC513C7D3C5CC4C8AF009811826AE20203B076A2AA66D8D32E317DEE0EFC000FCE16D9E0BEB17C74AB009256C5D8AD1CBABBDA61402612C675FBD72D07E633B1A42F2421208CE01397560811204306617A5141706105C9F4
310
984C459F2D0F6C392FA05BED808512B0B9A8A9FC6CED89640EA347D31F0DF76D3D9E61E800FE9F7601BE4C9614A1C58E6C839F13A12D0EB426DE6386B82369A9E6A7F1F9146EB578A2EF4289AA109B4F6CEFEC0463E0072A05CC9DEDEDFE08407B173B8AA65399C80B2911252E6290C82CC1B8909140C11B7AE161B42B9390
310
5045D017E00CED6D27AAA15F2C2179F1E83D411A7020B9408D202381E7E5DEE5A9E7E5CDE3B186433F488AC81554BEC09BC579018ADD1DCB3D9D70F02B14BF9159A4DA376225FE43DA224FED327941705DA582B2FD1BB5DC0540667B650BECDD1D5DDFB0C7F36DEE2B94F6EE2EE4E426F20A1174C31DF153321A24114C4FFF
310
25E505475F6906D4149B21F1BD9D9DF7B059F8E0FD83323CB97991FE80EE131A9003B81C491B218B1D42C0C0D593D9D548003839DC29A740298B0C23F0CE14BB167BD61989AEF0B985C8FAC8F923A73F31953989F0F6C96CA6C4D0A9A88184BEDBBBDA3BBADE77CD8E2FFEDEEF46184A86671D7DDC51417477BE9F04804F30
310
5AC82C2D018A21EA903866A0F959FBD4139916D036635EE03DDB7408BCF0627A03027AD314C09B0A27F0A79490D53839D0DAF1416995CAB24101FA63F75029D57A4CBBA9FB4D120ADB17FB5A999FC9420DFE04FA670430B90FE7F589F7FE8D50A4B5F004CE5F07EB4EA007F8AEAE8E8EF7DB3BE2F81F42166C7246FA9E62D0
310
2C8209BA1024414C483498B50229FD923F2414040B2081390AAC353B5283EADA12A30B1080866D746B9ABF5BC107F33C2A015B275480759334B83AB02175EFD0DEC785DFC505E0064F4EBA5A97073A74C5C9FEC97BD25D819E28AEE661FD2732B8BBFB1BF13441B3C1F45E8AC1752BBF80C113DE960E0AC7D9D02C58C80505
310
A19BA0E84B14402601A590A4AE00A825E98C3212342302EE10FC5100681F86834A2804BC409D70270A2091DCE874B16BE0706C974EB3D26EFEDFFCA6C4579AA4DB781708469F055532A7046C6BEB0CF39F3ED2EC4FBCA3D00EA91CA68FD2B87B5C191E0EB2C300F00A1C9881F263571C6CFD83D079D09F176FAD839340CF03
310
0F70458F81F09AEE1329505150CA0A00576B56C06D58070B23086F685E44232D9D53DE3FC3731044F286D19F459351863F749F1104198D6E14BBC68E17CAE70D7AFD958E350BEBBC70C9C4DFBA075240DA27D40AD7DB063A097DD3F041EDB3E4B682A7A12A548F3393DB01945547175879989302521EEB1431B08759B632B1
310
74E0F700E774FCA1BB83F95029ED1A084288C8893520E49415E00DA080AE8027C34206D35491D050A4C6B080F6A20889A2FF82379AB6234F6710C05F9080ADF002B9C9F9C583AB220F45D618D7E7F7547FB27CED8A8B7A7D24EDA4988B0C1C2A1AFB53FDC61BF3DE50D63C560F0120B0372F0839DDDAF13E583B868717C1CB
310
8CC71D1D7F440CC82184803144196EFD58BBE00B7EE77DE8C015942357FB06FC906A5E2B8882CCF9FFE184B0035A5CF186A962A63F84B3AAEE3D5A2C830008807568B6A9F424086D2095A3E262DBF124350082C4B5DF4704A9D2C93553DE47BD6766B69349610716999FA25854F759CA9792599D3837ACF6247CE8597B0F96
310
0FA3EC45B61715050260C5844FCCFEC9666BC71F875B17E3BCB4CB151405D7D08F846B4CB952248B4603CC402B609E90F0044A007FA800EC46D07A51232B00E5683C55D5096E1374DA4FCBBDE2C25A5B8D26008227CA7758033D7D70DF12CAF7F247939F93F1CC63047D63ADA0B7CC8771B234D8095FCDB577B586D1834062
310
035670E204B245EC093FCBE15626C10D210CB38A13F50E10A0D5C0814B0C4B30AA9858516001669002229618F100767AA3D6D2528595FE7A398C2D2300ED0013A0AE60B91644A057327BD3C36BEBF48C91279B45F8BD145494674AFB211A91977CB838DF35DCB3D6D6AA2FB2784B591ED785DFD7DB77747DAC9D2F7674810E
310
FC2895F9ED8007EC7885101679C06F21E4B1C8A6120956F80518D1DAF1717BEBFB5803E20C6F2A11B2E48AFF4AD2810A70054623E341B3D1ACD92DA91150DE631EEB2C28882D092049C0DD38E262A7BD6F98549930C9D44B7C37028AEA9F8C5628A2BEF5704C0DCB2B428181B1BE766F43014498D2E57791E4C8DA6BD2ABF5
310
003F0C40202E2E32EDFB02852D16C30B7F646B98FDF86C7891690043128B0A0DE6B4EA27F08C30CA34C9D0AA0852A5997F8D11A6EE84E040B20472020256F4AFEBBB74E6705A12083B249089218E6452C8E5A69717E904A3F5EF3D5D08EC1F4D4E85086B238CFFC11AB9AE972CB775616C6D1DE04DDF073B4DE3747C41FBAE
310
6072901CAD0237100670C5A00C2C3CE063610ED824826C1F6650700E88C00B62468903A0D71D3A390255AD7040048348C56C4647413C2C2561216E0C469203EF06A5B101AD40D0E207F78B124747DB5B4BBB4E88B1C373C114E0470B345156EDDBCE1B4DBDF81DBC400746B0B54E05F693707B89A5E430982C2AC7D10DFF11
310
D5B102B9505034B35D07E8E5F585757F088B390F2D4C85CF7218E8418BB4F25B885053D07D5A908326809F31D6CC6B77CC948413B28664484439D118DBAC27DB5AC40C1AD166F25E6A2F0AE82100C0BF220405323E1FF80DFC518CACA8DE1003F3C9FAE9C7B2D60703A0004F8EAEAD2DE0F5485452D15B77B4B67F4C2403B8
310
D8F9C533558ADE058A9E177A1698F75DC0EB4C800F74C0270178C8579C1FACD025F0560844502D2BBC01E620030CB93636C1041636A693949CD80139FD15BE107F905590A292840F8860706D07E2970A2F15E5B13B87C3143CB2930374CC46A6F9B9D7A5CCCC14E11B9E879A49FBE27ADBD6DA82410FBB94FAA8487D61B51F
310
4BE0A03FD08743C31020D6628ED20305A22C2C2FAFA7ED1E7881C438AA5B9035F20759E243C51F34D0D5F02F11403B9E204CC1686C0B6C9000470561519CBE1B0E4FBEAB37A39EE4B84C05F023858779341991F36D9D9F351E7BB3B5ADF00148D9D05784F9AD8B037D48C01BFA83D4247F03BB768BEEF973A14E610090D4B9
310
6B1EEC5C5E66928F28EBEB6CF578B067DD83086081579848E60DFC7684044D8174993C39F886043481F6A2B743B18749E52447CD4D230513032D20D20206E536E15BCF7B7D211634F98FF9986287F33F9A94615A5A0A7CACF8DF5DCC1AC6EF9AF1945EB78E0A2FED1DA2ACC00EF983F9A012260BD722EF61C9DBCDD8719703
310
ECF839029010CA0B9F100B1D2842153E01A1A3837AB579516A31982FD2908A09100DAE591016CBCD4B011A2F4DE299E1338CE065DC4841BF9895D8C81714800CD08F5AD39601BC929B55D291F6CDCEF2AB40DD5D98F4E6F107C47AEE4A09A079C05316F479DAF4C2BAB83221BCC0CE23FE3D3D4C7BC9AB673D89A3677D6020
310
F6E182332028012FA0FBE0B2668FB85485902A8E7FA0BA2105C213E20BC2169211A4BABA7D693C3F1DA961F203694853137073AD5CD25F1C017DE0477626D7BA55B88F83B5EE513C41D814639FD1BF759171F4577D3CAB0C3DFF68B2D3B1F8478C18F67BEBB2598FA76A4545E9E961BACF657E0791D2373030E0EC9FAEDD17
310
BEA7703A738185D08236C407448A4CB504CBF01FF43859D3115488EA01B55078000DF085911805790DE1B41B6F8CB2889C3834FE02AFE07D85143C6C008438A944EA63E047023A7EF37E13B0903AFEA7BBAB9579330FAFDAACD540022980B65A75FBA17D388F1E6576405CCE7032D95BDA420E7DC0EFA320879E5F8B3B04C1
310
D2D9C1114210C19FCC49DC6A855E12010184DB8968109ED016E4683CD552A36B3AFA13BFC2114068935A7E774CD2C7225642B73325938052D8634ABC18DC9442BF9E0402E85B42F9F3273672DA8E8F1070405D1DC3248487574CD98092B8B956E6AFE1566530B78FAE05B4A0DE51FBAF85DD075C7E11939F80E015A58D1F87
310
E400CFFD2306C4D1D3C634380A201545A92BE01F445800BE12302AB477BD6F62600D211232EB061448A0D2B877BB940D63D059C37E0569A83DE93E214F4BD86209FF6F479C640AFF8AF6D1BFD987D029A94DB7C329B4184D4BB013BF912FB88FEEF913071A8D82B651BC10DB067A7EC52FE1B421883144C00F64FA23A11CF7
310
08BF16CA59F18D4C04B8085964B2D8DA4A855187000BE440BC816FFB13374640B0EB1D0998AF38A1AEF503F14302E2811081FC12EA6CD38A63B33035125F40F170C0B0AA45E9FCA38FC6D688D48563B5C4B4B7C359D3C7AE0EFB16ACD5E2FAA47EF8307044B4EBE1C71E84E742D81431FB06B90B600B9C239E277A57C94C42
310
7EE10E7826980C0136600D916A06058CBE8604DB4D314FBC014EDAACD0820F14BF75449B70339490FE5A0491221BF95F949DF1235380E969AABDBE2D32EB4403D3FDF17F42F9A0A7C28ED75BE86BDB7C7EC80C76F86B8800F77B305EB88F00A4352E0F8089EF811EA02A3DF08F7DA008F803BE4B4EF5F41E56087099E92070
310
8C3D720916444440FDFA013D4E1201414123A09290F5BD7AB729298209C4306D007BB0829FD4EC3A6D7E4F00B67DF38CA0764F832F0448E58439B952CB4F70DF964AFA74CCFDBABBDF273E2FF4F56D3DBFF2A78D42FFF2755DF307066497F44062AADFC0CC546F6DCCFECECFA232E14F408F05477D311B683A35BC245FCF8A
310
5CD2AF20022C21022266905A5BCC8B20235D6FF04019CC04058AC80023662E25F342063165956320BE50370F2A657BACC817DDA3DDD3EFE04028645780A768FE38DBA88BF2EF3ADADFC7FEACA952E5A77568ECF0C971DF32BF1D24F8486B22A649EC81B1B60315CBEFC026091CA45F858D7D04C1B437079431E63E38F88075
310
8842E780A9E03791C0FAAFE10012588C3C592FE35461A6047802BA18686887023A422A49599399893103942CF6DA53A8E387825FA0678B261F139F801E2B17C901D0F5217E07AC2401A87D0480F753FBED44FE949C93A1D042B879FCE499B3D861AEB23F9C1F372F0C24D0B7D6E70FE1AAF60F84BAE642D82F0A9F53E22783
310
915518494FDBC0AFAE7DA282E5050B703570E06319A015E00D693A6BEFFAE493941C3B08C13B96BD20D0115A9565701DC58568A3009DA13E965765C03091F0FF339F7309D44F6E61F837F1B1FF920450EB8FC48F9B40158BE89C81A597CFB0DAF5F5755D3886DC13D4479599B583758CBF35663AA234F133F91D3BCCFCE0A7
310
94367F385C59B19431780F1C099131384056616E15A1563B50021D369C593FB292685A68A8B2A50A0A2085CF05434617E05FC24A6B077B990014421A68401AC4D65788EE25F737EB780D08A6E38F060F2ABD889E1B889C44852C2FF368C1E3E710D73B6589EA83F7417B341ADA1F639A23D15298F087AD0326410E116C3A1B
310
325218433C71AE62C07C1480F1C045629724A076A4BB8D622D24690486727F56108D07046DAB065000678E04C4F8C342DE27F4AC102D854F2D08D59B4ED0E4F697B0FF62F113646BC5B7F3131D4EA8BF8B265EA3F2026E7061B96F6DF3D993276B2180B8E57067587428579460551049049B074CF8B1066C7E14C705F0B392
310
98C0997C17F701097023BAC31081390196801FB0C2A12380042927503D5A01CA127F9841B460310639C674BC8CDF1A320501448E0068905B07F6E5602F8C1F07786253438CEC51AE61FDB25FF71B09893AC026A9EAE3F30F369F5D5EAEA5801FBAD3C98B38C13EE017B054F81A56F05259DBDA64FE270B1FC4C77200FE276F
310
E814B916E222575ED717A62A92956504605268408CFE13FD61F84252228376060206802B9550F00B9D47E6AF1022538A752CF4FFF1F5931384A9FF8700EDD4FFA2B93FCBFABB3EA6C607FF714B0B8B04EBBE83B52B246092AB018C0D0002FC490849F1E214AE6FC42009D6D86616C835B65DB9862EFC4480C14137603C3089
310
D0A5588FA27E693DD184131BA4E88C35045ACEF1CDE1A82323C20B842F2419604821196EE8185BC834AD44F8E9B7549A32900196E9ECBBE20FFB4706861AACADBBFD9B56A23FFD3AB8BFACC18B1B5AC0ECD7B6AE2E2E9CCD2BE8AF1B1BC3A813B94107E82DE67A42E7CC7D4A6116700B5B2EE3C338A09B840F07C40A64800D
310
7C605AC42B72227C4C7020AB1F20056E26F542717F56534261DE3766AC10A6ED2D006DD03BA9DBA507AE0510A8B385C92363B9154167F1230C40D76AF6F3BE0CA08F8BA2FFBBCEFB09D0986550E0F0EAE2F2780CDF850CB0F88CFC2815FE87BD83909F474F45DD47F1C821DB2107A8817FD45384F57891B65F2543D0C1E20A
310
89B4A8DF806862AC27C60F6A054627FD344250718AC0FA21CDC4E28DBF2650D1B39D8B8A420C348A4F846E2BE824BF8C45E1DB8EEB52F576F47A75FF95F90FCE0FD3A7A08D48D5B9AFBE3EA658E1676FE3372FB57F0AD8D70ED4AEBA3D4C2BE0AAF1C3AD63A6004D12900CFC481A47430C9EACB390038642C8C41B13303166
310
614210592736B8603AD4FAB17189DBB32F3915F0C380795A089A15228460BDE8E52203527D41B5470901B088D84FF8B3FE2BA7F4FD30ACAB3DE0B7E2FF95807AB0010FFDE3A048F7360F9F3FB9380EE537F16F8673131325D3351A3F664022020811A0FE8C019CA17370725CBFF64132025DA1BE2555102212E80A907FB43E
310
D80A991A8AAC183932C19AE17524B06590B6AD286EB99BAD18FF4BD64BAB519202F992A963648ED30E7521F909F090C0213E367A77D8836BEB6F34D92EDA624183070248351F1A079E5D3E7A9EE81F2CE6678F92E299EE312B6C0572C0A7B5EEE07853612403813152C7125E2022A20C18F855DBAFA399817FC97FB6E1CDCA
310
31D348434ACD0012F0D32A5456B4007E6E92D72B1A4E9971223A42C1042819E4049C0C5801300C0013FA48F8944FBAE71DAFC27F1826FA2304ECDF3F6C10FF47D5C7E49748DDD687DE8E91C09394EE0682A4F84CFD6067EEDF43E67EA46CB2F4070160439245F00343D03BF25D7E2F26FC400A896DBF19FB8D4D0A66DA669C
310
3D608F9CD048A0533621B25690EE19D5D15248E390F042B12C682511B02BFE3E5700E4C9A9B2107A8F45248FA48234FD23005ED1F4EFE80D1320836F04003BF42856D478D1DCA3ABEEE3C68F9F30C3A16E5C238EA5DE3FF37DACC2F8B7980033F47FAC34421EF0418A045394802CE032D61C70023D788136788613887C0011
310
A4EA316E005718AE191F8D0D841B9C679CD2FC478442D005429166F5A24403B1E6ACF3298F388B6D0BA933D92339D48969A5C11F09B4FF017A9900A4F887010C474717E10F36468032FF33F4AD610517777104CD920C3CD15FC5F3B3A0C75BBCA3B00F2724863C10BCD4A0E00736C7981F2F72E4B001438B99714FCFAF713A
310
2603BC710376A1715FC602022202E06FDEBBC680A3DF1C4C095A12C50B554FE7623B50374FB2129DDEA4C392C9188077658C87F55FF92FFA507FF03FC8DFD3F31BDAB46DD51AEB03F7E1B38B8B87CFF47EA1479C3EBAD5C6B382C221C0F1B358B39D76D9D3142C4A20935F541E492E0EF081BA41B3620A8E172B584EA14856
310
32E22A8221CEDAC6110AFA4B6D43E2B76A18AB240BB24337721C9321D2C033B2D3E2641A55A400A28403C12D1DADE39AD23FC5FC08C47A64DC3FF6DFF76B5235124022D7E6D6D5F3CB870F9F31C96FE477FAFE54100068A3A87FA5908A2C08011CF31309C10025B089FEF9C510522B8DC07C30AA469841723A10C08E27F00F
310
7FBC181C083F2809EC3B2B328E294AEAD5A071B3A95C81D2DE3F930372D022C9C793535B92FDAD5426E90490C3C81D000017C6494441544698C416520C1C40C71FC204B22448FD9303782FBA67089A1A7D4CE38E89050FEF5F1E078A4DCCFADA058032C34C1CBC2E1202B1F8962B1A8024F0EB7A11F209E96FB369D4B64202
310
FE7BA230AD24C46413536EAE955B341B726C593B5D4630C0BE822480908522B0D85430230352618DCD4F7BA6D568BF4343801480006658EA3EDCBFFA9702B4FDE9022163C43F9B72B58001A23FCE6F0B3FF0E4E1DDFB9801A6FC42FD0132CC1F2224F89933107AD30B6C9131A53818AE944BE25A70810821C38F098411980E
310
46D108F483DC63F49B91B852351604091D60546702F58A3872A1716411B642C7629C267E64E77719F46B0548FD6BFFFC86A38DBFADFCDF700228C124C8664FAA02BFB1F92B09800876FCE4F2D1C3FB4FD0A44E0106A8DB8079751CBF0BD9340066C3D52BC64706467C05B5A54401BE4A1B0132A55EAC1CCCB10D378A3DFEB9
310
812022327745EF2102886A9142C812A1A2C9708027BB55B7006357459F9C2080E0BC34489FC629510F3017B62D5073E2A2C64048A0A42580E413BA9E08274091A398EA80B5BF31C87BF5ECF8F1C5DDFB4F22AAC181F070AAFDDAE5650C4000516440D8806786D874215149E69ABEC43FF0EFC820FEA112B0522003C84BE03F
310
B76623513B6D840820358B084119B0CEC8C00AE888826339A54091F5FCA513AFE147975BB1A86FC50618D9D74502F0C7C8815AA306602FEE3A5E79E0D7DED1B221001118B73182CD439A092FF801105D1AA14E1918EC282F6260869D55108065988BD67F68E5581720A708051F7C8070F582389C682BE53F2AFD85853F2A01
310
3D21564028E06E79B7A71E43212180A81541EBC88F451E02385100491AB0C4A3BC5309A95911E66D04C0B448366988ECD204C2FC930F8CEE8FA410EE4C25B58DD1B6EBAD83F6196670F7DE635282C0A56A851AB035831725F0471A10FE52097089C80495804100318405F0DFC2136004B4C40705EC9154315129205EC35793
310
0035688F61AC02188250CFA9A980233925F16A117A48CA54DAB6400221976B75D863330942E20EE3B00B08FBB71AA813B0E502FD2B023DF70114E0D7DF2E2EEEDE7B789504200112075478F2FBD6897835C91F0C20782401E801A2F9142700B74805703426023A81CC0BE88B537D0003E0C5181D29EB8D83050964DD258091
310
0A1E7A8138F76253DC01DC2F3824391AD748276C0B0CDF12366625D038603D0003E0266CB42704C8CE7FA7F11B4D59C0BF454A78F8FCF1E50513715D469607031272358F04E0003C90107223A581218F10008B10247CD20D860FF0BF48801040B361808148714764028EAC137E871501EFDD97C89B52107FF1235B0928C562
310
530082573CE137840EFEF82A0BDC602736C595912FBEC69E6A3A26903B3A300C5A098A9E3F1810CDFFBA019D97B4E7A7A075850F2E92569BD960CA7B8304995FD006FC4213BB1448A6F4BFBB3A9F9FC4962D0A1369129B10073771FEDA38B1737B663A71C088D8848027FC3008DAC4E4397A6F76271DFFFCF77D6BD7F1F67D
310
A51E0E08875A6BAFBD6BD7AE52CC04A0B4A2206F650EC412841A48258258E8662C3838FBE21E25172C2A15A4F78D82DCF68A005DCF07047C183E1CE47731BBCCB5469D9169E0D588945BEB637E87802A03D88FB82486210D28FB3B858D13DC7CE75F5E6F3B03C1744D30CC58C7C7A256146853A05243060B850072A7010CA4
310
7CFBF9A1E24F414037B8781E8E9F219A774B36481CB43E48A79819D638C8760D672FAC19FB9D3FC5EA9158DBD0159C27860409682E8FF2595652FE189D2CC2D7C023E944158355806FC320087CC74116030CC376C559C098B93A041C5DDA48AF33827D2327DC761D19C17CC62780D82A170E6CE7415A5E7FE825E053048F88
310
D2AC2A561CA4D4C60098DA28EF1A01382772484698F60C8DD24BF396EA76260542810A625978C03580A9CAB91D10249BE579B0377A3DD15749A45F24C4D81FF3D7D7996F6A1690288008C0FF6CC186DA9D5FC95BB09B1301004B016E707FDFED306A1BE8FA208828F00BF342186839839F1F6FA338DC5A0200FF383DE92614
310
C03A4508DA18F4D85F9354F7E867AA77A42FF49BBE6757A1A7454448D0BFC3C220714FE43A3D8F1547BE10F0BC5A05985AC3C28829A06FE24CD062700601F4AF12AF99099B08E7071DC4626A97C920C3FF96E190C9D1FD7CB6163E800D79E5F3F10A9306C02B799E80F1AB380E0571A584C0370A220C3125000B500900D96F
310
EA40409F980E2083E4EDF4D8D2480AE5667222E020BCDAD4EF19682120818FE18EC7FD6AAD67C03F7DF1955E697456F517AC4F24700C30171C67E9168B109A4F60AFA60F98BE30941BF776DBC7C70792A2FBE98AAA97224F8BEA39B47BFD14A8CD03320DA2B676E3AA397E652E30A42CE2987B7DA1EF7F75242413800A04C0
310
270C62A13372400B435ACD84B8B5009208F5AC73EB149FFF3508E21C2201E0338BE07E50EB47E7FF6D97724A601028C5519073E7978EC88834410450E074DD58AD13A4900103A6444A9CB99103229F0EF8C0C78161EBC68137240734CDCFC349807851E0EB46CE864D2E405ED341B71A390CF2DE20CF5193189E1901E866D0
310
230409684B193D17E2928534D04240937D3C84477494FC5E0FE0B448E35AFC19007926C1C6A6E622FDB8A12E30993C6710E070397C4B26304C0AE38218D19F01FFB15BAE1C0E7E74DF75F2406E373C414E848FF8E500EFAF3C1029C9C0ADAB2313A7426CA9B2C1B9E30032C84EF31A09A88A386F136E8C2F1D582EA0459207
310
015F10F1F001F0B1B7DF7222011EA2001F00BFD36BAEE0850928B08C077030FE3806C880EAA74BCE0863A952812E6008B3A89199C1EE918AF96AF583F1A073B0A355B9D861AF1460DCFB3BFC6B7EFDC834B09700CBED3510E48DC7129041C991F06BA5006CA6B5B34EE21501374E8DFC910042036111EC9C7CFA1C05D48A72
310
70F7F835BF04A4194DA4CF76CEC66718C84CD020D04C412AC848F03E3C61A1C8D50D0EA6838A00376054D3DF61A0E393E1F8B058A6C994093476D601A4A06F0CFD3C0A6BFA910E75CC10400A80FDA93AC9B5EA4303F6C0D188B559086091CC5910137772E14F2376D03181B5CFE74C0EA38440D0AC256D6C4D104CE05302FC
310
C00B60B9CD4D71E08BD40C144A025E60D4C1F45FE846A2105D717EEA84808A5DD90A168E133640311CF05DD870768683F5D2F1800F485AEBE5CABD8FFA3C0BEB33702493AEB551B1EB035EF5C8E5757FA7832141F88E8578A363802B560007AF93D7D470B478C4D00B412D634C9140C4F9275C00DCE8DFE3C7F8C0AFBC5B2C
310
E82E3C3BDF393D4375D50C43CD1C17E3777CD2C170725B7B42B41DF15BFC344DAD089C1E9118522B4A2C60B794E4E8F33081BB7C8CFCEEA0B2015E49D586429C6C78646180B7710E06018A3082243C275F077FBE412C17DE80D3E6B9462C5204C5D980D1DF84A864401C483CD01B143F4A4868087A0F780F37230200A4FBF6
310
AED325114C367C22512750A5C7C3E32D545CE20A0904183BA10015DCAD89864B3E1EE97EBAE8B204266A48E010511838E2FE413FB116E60880C2D8440AC3880DDA6DF6618C138CF1CB2A09637E18D00F80CB0DC05322E31EADB8081C29410903F06BFCDF5AB46024E4A75828056440503C707856EF0C037623DD4922A400E8
310
A6BD75E4D2800905F18450A00CEE88860C8964C7B3F90F56528BA18F71CFBBBCD2D05797E168FC37DB26DBE0DD2EAEF39686C18440820013C1444055402A541400DD362A0A402F1FE51246404E098249FEE30708C10CA0B54601053159480C00BAA9B1223A773234FE72FD5C3BD81804D8D196FE3D5315A0C981D88D04FA01
310
DFC185CA93F9120E1F480B08063364A0A318F08DF95056E4C91F1150D31B011200383502E079EE43CC18603AE2F88FD139C802A739F208E88D06DC78267C448C27C4113C19B0F51B0E9C1C021CF8F9167C6B1F2E10E461002910105D1042792D1CA303F469714C018C23D72179E165049C40E801CB96CF334562E5807291D1
310
E0C70FE6CAD91656715F0E5C5E70F8D7F83290549B1BAA6F781D25180EBCA93EC84E72A74081CE3020789B3790E1A9E478E658C099BECFF01E530E80EC5FE31204ACFF70AF8177A03059240CD074978A002A878BF883FEEC81DD684E406CA630ACFDE87292822A11953710F000885D6F68A67ED40CD772B0828359B753F7CE
310
23D9479AB9845771B389D6A77130F8C134EFC83947392029B10E4425440A84AF0E54825228FC1634D369874739C837A9DDC83C20D320C36042610ECDFA750303710224D01202488012CA847424F8D53F78AB6BECE9B3B35A7F32396AC6B7444566327DBB4DF06FD9616744F4D3A397EB3B0A3FBA8D763702883ED742FE5CD2
310
4146D8E353ACCF811C806AE09914D8446E93840FF4D6C963FF32BFB6AB015D1D3B0C9A0968776F021F21404B6260CF84A14F35180CE20B5E85BDA2EC91FD5A7DBA7E5705F4F0F97AF26CE18E3BA078138202400A62930FA6CC7882F911A92F33E547E64990B0F27323D73B6222863F86425153FA8009361C675554C25382CE
310
148420C8DCC47A20122806CA178A0918C14CBD33440289078A00EC6070184CA9907FD0A1270478E0B325B67C2193694EDB7DD0F3C238447C8A11485562FB4902134E6AC952FD5320A4F7C780882DA9684285CD81D278C0E8FF8DEC9F45D22DC3C2CA99C2728110888799575B6834BF22B0F01EDE72D7F21B672C40F0A97299
310
9E2200B7C91403F9BB3D09C01990819238CBAE5E7510D7D57450507E3DB04AAA0A3C280064E0775380C8C16EEA4834346A04BF0CE847B4B3AF760D06D24BBB267C32E2C9257DE5EB748AD101AF1FD33265E2B674EED8C01A0AC901392211011AC810560F77778E85B13BAFE3E25C95B70919A4862C15928BD8989664AD8638
310
101D009A80F00BDC41AF27602A4BDA0C077E550048E7F1011410F01405045E1C140B4D0E70E0F6E034171C3D6FD12004FCC1FA304312518910356628A4A326EC9ADF5DFFD1B2C0399503F14B4F8E3E0E4E39A06ABCB56A8014687E86E462BDDE5124615ECDB412B7314F62E6E0C76ADEC0F717B360E741960104CF1706CFA1
310
8E0605004B01AE007869B095ED92144A807841EFF2811C047889A04901C809062057192688C92346F97F279449F89B113500BAD282D1DA80A55C27EFFE02C8D4F395003F285B617BBF0831F49B055342DDDD414378E8888E92C16789F269A27C9A221FAA4A0DFDDB9F935B2ECC04DC51481558A69301E0460B02665AC4DD30
310
C03D480866C3409400051811876014C0F294C542821AB045011A3E3F09001FF304E3A0BED05CC11A811B865001769507FC01ADC611F400CF68C7B093606E30F3C7E0F00C1D10C31951C1E2D7252181DA00345842A19130715C736EC9ECE686A712FDB31E4D3E50AB336E5666D7B212C0113C4A4406029709B43D0228F3FBAF
310
49921B19CA0C82A2D5BC4A2079809240F37D3E10F9637607C3983F0458508A98B8B4EFC92AC13530180CF55359500080061DF59B98BB3FEACEE881DC8127F182A885A86FB12B43C590A4380504E32305E3148BBEEB2D2782029765428092545BA5C2C681FC5F8E869C0EE1034A822FF09A12C94084505AA868080303473F81
310
61F7AA0A6610745E280BE4427FB770106F8800EADABA19F453210435BDB2348471B13B65F2FCB554827632C4C44467333E4127095D22092ED492009930413251B5408345065065E415266E20279A40B3F520370BE2050C8360E6BB4601C1673B9BFE007EF5200B6483CD195400A783E6DEA0653515B0FCE8E86D1618FC1EFC
310
15C2E727F24F2A2DAB57326D8D0877D4E298894E7A0C3C7D9CE8A0E2D17AA2020FA1097D6372F2A9F955060FDD467AD0426368C24A8340FD0D6687A76316DEF5179ED9042005A2BF02A5DD810A4DEFA4A8F700EFC50FF4FB8C06410F0303C106ADF8852ACC6A2CA9046E9ED070739339857222CC009E206479886EA26227BF
310
7A341A15C351A8404A6C10080A2140FA4B4E8D9B9A11645899332363FD69887F436A660566964250FD752E787B64BCF8E6C8190DF8EA0C854C062D8A5A1346F810414313E606ECA0AC3A01D6928544029D5F42E202C0CB386F880F7842A31287061F32F3CBE09F2950783394F2F2B23D85386C6F51943E99DD10C8A0000BA9
310
569A14805693274BD0E4F4DC3F28E331EEA91C4F33ABE057889BFB92819187840A08E57A276A8BFCB75B0342668C70C565C8059996D209C2800941A21FB82B2F520BC2E6FE6F1A8827043DE17000DACC8193E78BBB8DF1467978C06F6AFE986123E3A95272CAC122046F4C65C4B88FED2F1CD1D918F7CDBF8903BF1A90057D
310
42F4DC133AF804ACBB58446A0DB78806FC053FA1E45D0AF1112613CC0DD976C5E70AD3282F42725C0D02AC8588DE451B1C01ABF063E7748A3882F0DD484BB78D037F9812240EB88B6034C0AD53E5116D4C6D920C6A89F084E6D0598AD7EB6930CC7B293E27A666E5CDFE9A3FA52FEB3C97976FDAAE9A60008FCA6B33099CF9
310
880D35D419FC687D424378E3099441E110C5B3C6DC311E6653514A67A530D863326C4D8430E0C28024803B5B069B0E60C10EDB6DF087034171DF01F1F3404B27B1056D8C0E56E7CA6056E7798147BE4C2F01CED5987E413AC6A724876DE3F599E0601CE7B9CEF3BEB3671E12DCE8AF9631B8031D3F360B6955DC2342B2A0E4
310
632A00264C0DA002220CFEC3E10D9BADC8904D88DC51928593AA16C91DF6FFF82B3234404C7214D0F8608E0052283EFB2B0563F1D072936C4017706010BCF1B16CDE0C1FA9C777E44E1F5259B0C9BBC8794A82A6C182A3AF56B16921405351FDDC91B5BAAA617860E8D76C97C377FE701A4EB4378FA97C2C8E3CC8950886C6
310
FD93AF70A1F5F676B7ED16CBC56AF5D09110EEB8607CC08A795882358280DDB98AFFE7087C6EB593D62F041CDB4018935238E73F1098100D0C8769818F777057F64C703C6530E142FDF5C837AE1CF66C94C4887D3A3726AB990DEA248F73B5D32C8E04F6714B1E67C53FC52040252E605B322407CBF8C7F05453462A295ABF
310
4D95592DDD76AC23512E9A2DF964715C80DD752CA8E263AC36F02C3C28A133EB22AC8D099BDEFDE28C3E8FFEE3815D5D00C17C00511058354D62443C1A546280E43572A9C661A34FA5891F8E7570608C8DF21DF51DF9D2A84D4501F41B8CD4F4C9DEB2F901E810C0E4CEB6EC08DFB06341C864CF8D0EEE779A606545E1E64A
310
AF30A4324C20FDD3BD558BD966BA994FA915CD162B1978642AD01694E533EC190368A68234657085B5F88E27A0805E04B8BB6A00A51646EE3C10A50FF007FF410F1963CA69BE2002F0F902E701AEC995FD41F83A3F0C3809A3288A083003A6CC2A20E6D703EE48E3777AC07ADD51EB6101603A9FCF17B3D5928F6D742EE7E4
310
CF38AE2B03C5FB39C81D7B2978FAFE85AF3D2710B0582C970F0FEB0E4D1103B8BE2B4D560CA10002FC8F334C891C07B44FE06B2E3ACE5E1E2D1FC32203110ABF9CA0E8381F68EC3C06701328E5A38278A5FCD944CEA5283DA933DF2A2448BD23F1C5D8BE04CC2DC3B43B3EEC29F8B5FF926D11D3E97EBF7FA1BD1E5E5F5FE6
310
D3D972F548547783146ECD84873F377C5820F7F9FCE5E07378D6CBCB7E036DF7F7104079A05B77C6942D1BA95D47424BFC3DB6411009A42E207871B7EE9B06614BBD20F22F7523FB985F3F7068E37600273A3ED0C1CCC380F6EC4AF01CC1CF95E4848B7BF950AD14C44F10460221E02D21D01DAE800F323704C00035DFE97C
310
B37F797D3D1C0E4FBF35EE1E5E9E0E879FBF3DF6F474780A01FB3DAF01FE0C0798218007C2090A3008BA7682A338F4A8804A06CBFE6A80CEC766F49853F15B2F45FCEA3F8250012841315016E75E797EFEEC4ACA6C79F515CF1738F7C36E2406071051043817C9E8C5888D49D0332E800062FF54FA562BF7446CC0BFDFBF86
310
03D1FEFCC9F7FFB5A7F000430755C2D3F72F2D02A022820897ABDD44594475BDCCA4A10AF34C06B08B4AB58BBFAE30999DC66C7CE903A83CF8EB006EEEAA063430F84B05F0ECF644825F5E95073870E72A0771AB89B080022A0C5A9FAF34C89286257FB7BEA000EC65B59750C68E0815B0D9834B15606328F80709DE09018A
310
C2A7817F83F96DB3D562C10A0A31300230CD4200B87F85808BAF64D04600254047F9C14DE93464009E7F5AABB4FDD6D55142A2C0BF1541FCE19C20C899BF4F76AB54B84CB97F88F48ECC029FD253F0C70DF4816B9AC94BCBD653B1A283C4001A0337955E4AFED3FB790B6B1F5EA0B5514074103A38D84280EE0F5F9BE974EA
310
B2D16AB1EA969684B6E4166CA28264B300474C7308D20013B204A65F82970718D05678B3315D442E1C0A327E2F56556040C005D2FAB1326A68A07507C9E46A3648555A7080F5F50219A00E6222E3E0862CE95B5680930530742F1D041805E69B788161F015944D041182B861A2C17F3AF01CF5BFDF6C343F9171F5B004BF59
310
C016719164B888EA206A02AD05E8464D06B48E4381A0E9345FD171625AC22198F57C003BEA5510F81FF78D31C9B033D0030000000049454E44AE426082504B0304140006080800C446625C51464CB48900000043010000360000006662782F38314338414443322D413943432D343939302D413243382D3134313236434637
310
304439462F6469726563746F72792E786D6C9D8F310EC2300C45AF127987122606C71DD918B841D4B851A43646695A717C52A85029031293A5A76FBF6FACEF7DA7264E43906840EF0FA03836E242F406C6DCEE4EA06AC22492573150D1F66C60C640E8938CB705396EEDD86DE9B5042FE27813D640EA63BB001C722AF6E55C
310
B61E4863F58284D5D3F53DD715CE1C3985E63FD7F1B7EBDD617E9F1E504B0304140006080800C446625C7761C9F786070000501E0000340000006662782F38314338414443322D413943432D343939302D413243382D3134313236434637304439462F6F626A656374732E786D6CED59DB6EDB3810FD1541FBACAB65D92A1C
310
178E9D14C66EDAA2418B7D13689976B8D10DA494CB7EFD0E29529664C596B32DB00F9B00B14253C39933171E0E671F5F92587BC294912CBDD21DD3D6359C46D996A4FB2BBD2C76C654D73ECEB519CDB2A2314FD75294E02B9D0FEBF3D99E66652E87B67887CAB83B7A7BFDA7C6229C625D8B62C4D895CEA2079C20139545B6
310
C5ECD1DCA20299FBDD8BE998D5C4B6D83D45F94367A91C519C16A02A8CA720456AE0B4FF0593ACF9CCE2135AD3DC61D34627A659C2F0B6A22465054AA323AD3A72DC615A8D1C6F75E38E0363EC7923C3F35DC7B8BEBD5E19CE64642FFDE53258DC04BA369F6DB22CAE1D90E3740B5E7CD5E7CECCE2DFD4E64B14FAF48EB234
310
C59144B36FC2164BB904B32E262D601D615AC32195AD8D81D140E3DF98360894964A2DB49571EAB319BDD9E62F00810D8952CA308F725650F0B5C4BECA077B6655A32DBF10A625A8C094A0588BC986220A0E82A995835A6278B670511AC74C7851C96BEA0A817D3E97FAB4DC9571CCF3579F8B4C0B211F71C18466E46F4C0F
310
DA3757039DC0DA92A4C5541A5BBCE62022985962B0FA6EE4CA2F2B20B55D8CF6102D60269F34723B782D792D58AFF4F9EFB79B977B5E1FFA17CF6996635AF0C813C92CF34E79B0115A107C0340A9706DFBEE80CA3780FE33205FEBA2CDC07394BC782F9EB29DA294ED329A8077345B336CF8636BFCF1E86966D52FCF35AD55
310
2BDFC214D2F62761DA32A3B57603D2F9EC09823EA32369DC7D846288E93B92F23C8740D1E20C86A0DEEF362FFA7C0DC51406E12D1483F5F03BB3F8A3061F951CA8371D0FF595DF018E5209D3CDB383AF3E41CC5012D5AE6AD9F816BEE39F82EF6275FFFB7D497728C27732B15778475252C066DAAF500BF456CA7F5F7F1619
310
79644F6B5604EBEC335E387AFC722FFDA209C7802A7C1FAE5C2346EE08A47B1CA314672593E37D852ACAE28C869BD7B0CAE1DEB57EA820A81683FCE611D05BCC60778F28C93928FA5C9A575742F38013AF833200F79553C30D8A1E39BC610415EB3D7A40D422DA155A26798892AC4C79F93E0EEFAE69E6C8163F8E13B876E0
310
4E83F158063CE82E1650F9A38A43AD3E5F2941F91BCB2C5BFE9275430159659207F5B2CF860858535984598E2252F44743C78C812A6FC96E573228EBBDC074343647CEB8C246FD755DCDBE60B456EAB4B552A99024688FC31DE27B62AF7E2D406BE1CA49BD48EEE38C3192622638CD51ADEBA0689B503AAA4857527BC296B0
310
30C1057A4FC48A4DB213B014EFE210D857C1F9EFF978550ACAFDF62D899CEB656928EC7F0D194AF2B8E275E73070DCCE0ABDB872A5F9124F109F212A427B8B054D3F27BDAE240ADF41D283778B7F031E8A7E393C6A0902641D76D5F39E75CCB113F09F2994217FEC8CFC49ED8A7368A9C50ACE5BE2129856F41A3E63B27F18
310
560495CB4FAEC370BC0B491C974958ED21054E80B6A1A2A48332D6876AD25D4856864E4A3456DA911848F5E0322BF88A622CB098202C6F95D9C632601449E15C37C890232B7A8358F8429C61F951EDBCFF2F97FAAF2B66F36CF3885F9F33BAEDD5B44D3D146B532483174CB927D6EE1592E7B366FA25E2B0731E074F099115
310
AE3A59C808A1F889F066863835F59E39D8332A2228A5F7E2D3B8868CD8E2ED8187B4C4C9D6883E87459534C56D9BA72328777C036991B5352FA909742810AFB477FC21FE86C0D5C01699259990558DAFF9D6664233E6A0C709595F3EDD77A4C0C8E0B7BF728CF07347821C5D72F27742D4F7F581E37624488BBEAF4FBC5E3C
310
94C9264584EF8D3C2CD036FFF0519C3FAF2C385C585367395DAC96AEB108964BC30B02DB58B8CBA9E1788EEB2F6F27F62AB8B52866594923CC2CD7B243C5B6F274AF02A3826EC829043A11E78F8B2A9EBB0EFEFF14D293ACED5270E129A415F3430F0EFD5BC4654C36F047C1C47747EEC4F3389975FC0930D93746C79E3F9D
310
3813673AF5F9DC31B0DE9A6C9EDE502E639BB5D093BBEEBB9996E970EDE1C7F102DB717C38E0D4A5F5A21587B3AF63FADCBB3382498AB05CC08EBC401834F65DDF9F4C3DDF9FD6F5401ED3CE2DF65E7634D0AC069D78173FBA9C00F46ED69D33CDB0286B92950B69C5B1DABF9C56B4F6F08B29C10FC40EBD3FD1F2ACDB9A7D
310
7CA055B47833B3A72AAA7649D533731DC79DAE6E8CF1CD34303C1B76BA6B7BE4190B3B585DDFDE2C162BF740EC25511A4A3AFE131BAC52B6D19785EB0596C5046E79F056DBE30C0EC8D0C61AB0F9D2043371F005762839DE565E310D78FBA96AD2176813ABB7A30704371DB1A46B65045D7638945EE9725CFB0DFAEABCB52D
310
BA9DE623B01259D375ADA4E44A87102808900F7303FD51D18D16D23BFD6F701B4AF7FC485DBD55FF7F788DA303B172B0AB9E33041769592BD2A1D7948B8B27C869C556DF6FBA524743053C6ECAA236E63070B04682A06E982AE3A08DFC28E17D81A27EDA2EC714735A900CBAEA3919079554A340742FEE6B1A782F565F2D7E
310
D5B2FEA2E571B9E7EE3C45065B920C4E42E3B2EA6ACE2030A49939E26D9AE5070BCE4A8F985AD0B789B3574B3588B53FAA9B1F4B705E790D047D4E864DB4658F30009EA384F7D22B045BFEADAB4FC3BF0A700E35BCD69ABF5E6972FF6C1C5F9AC7166EBDB803D2204FF8DD1FCF8AE68446C31A421DB4AAFAFAF5831A9859FC
310
BE6AFE0F504B0304140006080800C446625CC47B0C46E1000000550100003C0000006662782F38314338414443322D413943432D343939302D413243382D3134313236434637304439462F7265736F75726365732F322F636E782E786D6C4D904B6E03211044AF3242CA72004F3E722C065F22AB6C2C026D820CF4888F65DF
310
3EE01029AB6E553DB5AA4B1C6FC14F5748D9615CC98E723241D4685CB42BA9E53CEFC974942221967F1899A20AB0922E13296CC2BA0DC9C05955DF55EFE26588FC64214272FAB4454B26ED55CE2BC9FA1B82A2AA1634902FD4A8A2E88E26C858938676A2B800E3844EA00A182217BEBCCDFC79E6CB07DF1F5E5F0EFCFD53B0
310
4E4AF185E807EF628184DBD3C235B635B6445CB00E4851931B547FA3197FF1688B2758B3A5C825B50E0656EE5BC35C5016D803F975A560FDC9361E0DB4D90B913F504B0304140006080800C446625CFF15A4A45D000000800000003A0000006662782F38314338414443322D413943432D343939302D413243382D31343132
310
36434637304439462F7265736F75726365732F636E782E786D6C4D8B3B0E80201005AF42B6F75B59F0390B113044D83508C6E30BC6C26AF226F3B8BA6360974DA7271430F523308B2B198F9B80925DB700539227A2FCCB80A18E5640D320F996A81C9F32D6E9129A0D1EF74FCE750E6D57BC7165FBCA07504B030414000608
310
0800C446625C2C64ADD64301000056050000300000006662782F38314338414443322D413943432D343939302D413243382D3134313236434637304439462F636E782E786D6CCD944D6EC3201085AF622175694CDC1FA5112652173D41175577184F5C1A0C160C5573FB42EA24ADAAA85D444A7668F890DE9B790C5F7E0CA6
310
78071FB4B30D9951460AB0CA75DAF60D89B82AE7A4580AEE9DC36F1829AC1CA021B94C04EFBD8BE354EA6025A3C955A3ED7A2A4A44AFDB881048A18C0CA12141BDC220A98CE83A086BDA499474463D0417BD82F41EF500D37BE541227444D4ACBE2BD975C9EA27365FDCDE2CD8FD0BAF322978EB9C99786D11BC1BAF6AA65C
310
3ADA2487F12A038247AF272A7B20E2A08DB6DAF22ADD0B1E925EDB4F1C6EC6CC8DA3D14A626A54E5140296090239F0EA0B16BCCA8E7FF87E7C783E6848A74E7B50E8FCE66C6D981D6BC35E1A4D89F85F17B6E05FE65DFB962C9F6FEE470D4FC24E667797DC90A2FB3B09294FD2F6E6123FC05EDAE9F39F160B6A7589A677CA
310
4EE4B9DAAEC034F8BC11C527504B0304140006080800C446625CEDDB77507D000000A30000000B0000006662782F636E782E786D6C4D8C410AC3201405AF227F6FAB125A05358821F7088D0952A3C1C6D2E3574B165D3D18DE8CEC3F5B406F975F3E4505F44200B9F848B38FAB82722C9803EAB5CC291D7F374071DA9C8286
310
41CB35A7B29F6876CB5442A3C1C7E70939B5DC0C966123ACC59D10041B6639A61D65373BDEC920C66A5C9B52E7D7ABDBF2FA0B504B0304140006080800C446625CA6D797065F0000008200000007000000636E782E786D6C4DCB3B0E80201045D1AD90E9FD7516806B51190811670C8A61F982B1B0BAC9C97B72CA7B1037C6
310
D3332918DA1E04D2CAC69353902EDB8C20262D23F3F59B81A079470595414B17391D1F19B4730A5583A7ED43BBE4025D9592775E5ADFFA01504B0304140006080800C446625CECFD112DA800000026010000130000005B436F6E74656E745F54797065735D2E786D6C7D4F4B0EC22010BD0A61DF525D18634ABB506FE00510
310
A79458060253536F2FD89D5197F3FED3F68B9BD80362B21E25DFD40D6780DADF2C1AC9671AAA3D677DD75E9E0112CB5A4C928F44E12044D22338956A1F003333F8E814E5331A1194BE2B0362DB343BA13D122055543278D79E6050F344ECBC6478EDCD76CE8EABAE5449AE4298AC56946789C28AAFBEABC53F3EAF09A84A14
310
41B91F0101CD4780756578C173A578FFDDBD00504B0304140006080800C446625C3DEE336E64000000790000001B0000006175746F6465736B2D64657369676E2D7061636B6167652E786D6C35CBC10E83200C00D05F21DCA56CA76D41FC96062B120735B69A7DBE268BB7777961F8D5AF396893C2ADB70FE7ADA196782C2D
310
F776D7A97B5933C430F15651E5469C55D70F80A4992A3ADC954792C525AE70A1E4D6AD9816CC044FEFDF01FE3FDE907802504B0304140006080800C446625C642F6453F40000008E0100003D0000006662782F38314338414443322D413943432D343939302D413243382D3134313236434637304439462F7265736F757263
310
65732F322F636F72652E786D6C8550CB6EC32010FC158B3B36F851930813B9A9F3053DF58680382831583CAA7E7E2176A5F6D4D3AE66676677879EBE9647F1A99CD7D60C00970814CA082BB5990710C31512509C1875D6865F345018BEA8016418303A3B1BD71D12D60465326AAC543BC8BD570114E2919A017871530B2F79
310
0C89E1EFE5CAC59DCFAAC4E5C66334462D77A996C94D5FB572809DCF638749DBC3B69F26D8127C80AFE388E16542E432F5A4E9DE2EB4CA6246835E7EB60BA7785012B01AD52F103510D5EF881CBBF6880E1FB4CA4C467D70E9E77D69FE2ED169B5A17FDCE22AFF778BDA84A6DEDD3685070CA7E39E0346AB9C4E2ACFE852CD
310
49B26F504B0304140006080800C446625C652C26D2FA000000960100003B0000006662782F38314338414443322D413943432D343939302D413243382D3134313236434637304439462F7265736F75726365732F636F72652E786D6C8550CB6E833010FC15B477830DA421917194A6E40B7AEACD321B6225D8C88FAA9F5F3B
310
A1527BEA6957B333B3BBC30F5FF3BDF844E7B5353DB092428146D9519BA987182EA483E220B8B336FCA24161E48C3D6418049F9C8DCB0A296B029A8C1A3BE20A4AEF3140A1EEA9E9C1AB2BCEB294312486BF958B54373961C9CA274FF018F5B84AF598DCF445A303713A1D37AC6BB7A4DD0E03693BB623AFC72323E78176E7
310
61DB359BB733AFB258F0A0E79FEDCAA10C3882A869FD42684368FD4EBBFDA6DDD3DD07AF3253701F5CFA795D9ABF03E1D0DBE8147A5E3DA77F5CE332FEEF1AB5094DBDBA3E151E044B473E06825739A5541E11A69A1315DF504B0304140006080800C446625C66D600B4F2000000B1010000310000006662782F3831433841
310
4443322D413943432D343939302D413243382D3134313236434637304439462F636F72652E786D6C8D50CB6EC32010FC156BEFD840DCD48E3091E5285FD0536F0888831283C5A3EAE71712576A6F392D9A9D6166871DBF977BF5A57D30CE0E406A0C95B6D22963E70152BCA00EAA2367DEB9F8870695158B1EA0C0C0D9EC5D
310
5A37483A1BB52DA8754A6FA0084147A8E43D3F0608F2AA17518B143323DCEA55C89B98754DEA278FB368965FA9F45A44AD80534CF708EF10A61FB83BBCB507DC7FB2A630394BC9A8CDCAA8EC6E2E467BE01D99BAF1345134F6D384DABEC768A45387484BE87E3ABFE3537F664D117316A2CF376F9F94EB5E953F85FF32A755
310
BD90D9D8B8A39BE1531180939CE7B1E0AC2905E6F16837CF5236FF01504B0304140006080800C446625C745E852A55010000DD0200000C0000006662782F636F72652E786D6C8D525D6F832014FD2B867714AD5D6D83345D677FC19EF646915A52058360FAF3077EC4F9B06E314172EEBDE7DC73023E3E9B3AE8B9EE849239
310
884304022E992A85AC7260CD0D66203812AC95323FDA402069C373E0614070A5956D27882969B8F4A854259F40DA75DC8080D5EE92838EDD7943436A8DEBE81E614BD983563C8CC3B18F606B45398D8AD2B1899BE01A90F3F9B48DB37407D35D51C0348BF7F0FD748AE1A540D9A5D8659BEDC705477E9860239A599D694E0D
310
2F014950F206D106A2E41365876D7A40FB2F1CF94E823BA39DE749D4BB03E4767DE268C4577CB62DFFE6B3429A4D32F18D131D20B15B6F28101CF97CDC6F086F9DA11376F9197AAD670B0F07F59C19A5535729955D4A3DAD2D77D428183E1C8D55C73C10FCC693BCE079CDE182A2B272AB51E3AE576BBCFA7AA7966BD89B67
310
20956E68BD2C37AEB89C8BD0CAD23CCE54ADF47FA667AB7398917F98E41B504B0304140006080800C446625CF8EB2F8B08010000B201000008000000636F72652E786D6C8D50CB6EC32010FC15B4776CFCAA9D0813B9A9FD053DF5460D71516CB00047EDDF1712576A6F3D2D9A99DD19869E3E9719DDA475CAE816B2840092
310
7A3442E9A985CD5F7003E8C4A835C6FF9201D27C912D4418189DACD9D61D1A8DF65247541B2177903B273DA0710E8F16DCF821179EF0CD0785BB262B1FAF7C9249963C748C7AB5FCAC8E56722F05B09CE44F981498E4AFA43956E5911CDE681A958C6E9B12BB9512C15D5D94B4C0CEE7AECA9AB2C665DDF7B86CB2037EEEBA
310
0C0F3D6986BE6E8AEA65A0695C66D4791BFEBC1F09393D72FC167D69FAA0187D3766DE0521944046CF5FC0084D23F127F4B68A7F8456DA17F97EF0B1E1806521D09D08C6B1C130EEF58619DB66DF504B01021400140006080800C446625C000000000000000000000000370000000000000000000000000000000000666278
310
2F38314338414443322D413943432D343939302D413243382D3134313236434637304439462F617474726962757465732E62696E504B01021400140006080800C446625C0000000000000000000000003500000000000000000000000000550000006662782F38314338414443322D413943432D343939302D413243382D31
310
34313236434637304439462F76657274696365732E62696E504B01021400140006080800C446625CF270F13306000000040000003600000000000000000000000000A80000006662782F38314338414443322D413943432D343939302D413243382D3134313236434637304439462F747269616E676C65732E62696E504B01
310
021400140006080800C446625CB5A795FFE3790000DE7900004200000000000000000000000000020100006662782F38314338414443322D413943432D343939302D413243382D3134313236434637304439462F7265736F75726365732F322F305F67656E657269632E706E67504B01021400140006080800C446625C5146
310
4CB489000000430100003600000000000000000000000000457B00006662782F38314338414443322D413943432D343939302D413243382D3134313236434637304439462F6469726563746F72792E786D6C504B01021400140006080800C446625C7761C9F786070000501E00003400000000000000000000000000227C00
310
006662782F38314338414443322D413943432D343939302D413243382D3134313236434637304439462F6F626A656374732E786D6C504B01021400140006080800C446625CC47B0C46E1000000550100003C00000000000000000000000000FA8300006662782F38314338414443322D413943432D343939302D413243382D
310
3134313236434637304439462F7265736F75726365732F322F636E782E786D6C504B01021400140006080800C446625CFF15A4A45D000000800000003A00000000000000000000000000358500006662782F38314338414443322D413943432D343939302D413243382D3134313236434637304439462F7265736F75726365
310
732F636E782E786D6C504B01021400140006080800C446625C2C64ADD643010000560500003000000000000000000000000000EA8500006662782F38314338414443322D413943432D343939302D413243382D3134313236434637304439462F636E782E786D6C504B01021400140006080800C446625CEDDB77507D000000
310
A30000000B000000000000000000000000007B8700006662782F636E782E786D6C504B01021400140006080800C446625CA6D797065F00000082000000070000000000000000000000000021880000636E782E786D6C504B01021400140006080800C446625CECFD112DA80000002601000013000000000000000000000000
310
00A58800005B436F6E74656E745F54797065735D2E786D6C504B01021400140006080800C446625C3DEE336E64000000790000001B000000000000000000000000007E8900006175746F6465736B2D64657369676E2D7061636B6167652E786D6C504B01021400140006080800C446625C642F6453F40000008E0100003D00
310
0000000000000000000000001B8A00006662782F38314338414443322D413943432D343939302D413243382D3134313236434637304439462F7265736F75726365732F322F636F72652E786D6C504B01021400140006080800C446625C652C26D2FA000000960100003B000000000000000000000000006A8B00006662782F
310
38314338414443322D413943432D343939302D413243382D3134313236434637304439462F7265736F75726365732F636F72652E786D6C504B01021400140006080800C446625C66D600B4F2000000B10100003100000000000000000000000000BD8C00006662782F38314338414443322D413943432D343939302D413243
310
382D3134313236434637304439462F636F72652E786D6C504B01021400140006080800C446625C745E852A55010000DD0200000C00000000000000000000000000FE8D00006662782F636F72652E786D6C504B01021400140006080800C446625CF8EB2F8B08010000B201000008000000000000000000000000007D8F0000
310
636F72652E786D6C504B050600000000120012002D060000AB9000000000
  0
XRECORD
  5
89
102
{ACAD_REACTORS
330
85
102
}
330
85
100
AcDbXrecord
280
     1
270
     1
271
     1
  0
XRECORD
  5
8B
102
{ACAD_REACTORS
330
85
102
}
330
85
100
AcDbXrecord
280
     1
270
     1
271
     1
  0
XRECORD
  5
8C
102
{ACAD_REACTORS
330
85
102
}
330
85
100
AcDbXrecord
280
     1
270
     1
271
     1
  0
XRECORD
  5
8A
102
{ACAD_REACTORS
330
85
102
}
330
85
100
AcDbXrecord
280
     1
270
     1
271
     1
  0
XRECORD
  5
1C
102
{ACAD_REACTORS
330
1A
102
}
330
1A
100
AcDbXrecord
280
     1
270
     1
271
     1
  0
XRECORD
  5
1B
102
{ACAD_REACTORS
330
1A
102
}
330
1A
100
AcDbXrecord
280
     1
270
     1
271
     1
  0
XRECORD
  5
1F
102
{ACAD_REACTORS
330
1A
102
}
330
1A
100
AcDbXrecord
280
     1
270
     1
271
     1
  0
XRECORD
  5
1E
102
{ACAD_REACTORS
330
1A
102
}
330
1A
100
AcDbXrecord
280
     1
270
     1
271
     1
  0
XRECORD
  5
20
102
{ACAD_REACTORS
330
1A
102
}
330
1A
100
AcDbXrecord
280
     1
270
     1
271
     1
  0
XRECORD
  5
1D
102
{ACAD_REACTORS
330
1A
102
}
330
1A
100
AcDbXrecord
280
     1
270
     1
271
     1
  0
XRECORD
  5
14
102
{ACAD_REACTORS
330
12
102
}
330
12
100
AcDbXrecord
280
     1
270
     1
271
     1
  0
XRECORD
  5
13
102
{ACAD_REACTORS
330
12
102
}
330
12
100
AcDbXrecord
280
     1
270
     1
271
     1
  0
XRECORD
  5
17
102
{ACAD_REACTORS
330
12
102
}
330
12
100
AcDbXrecord
280
     1
270
     1
271
     1
  0
XRECORD
  5
16
102
{ACAD_REACTORS
330
12
102
}
330
12
100
AcDbXrecord
280
     1
270
     1
271
     1
  0
XRECORD
  5
18
102
{ACAD_REACTORS
330
12
102
}
330
12
100
AcDbXrecord
280
     1
270
     1
271
     1
  0
XRECORD
  5
15
102
{ACAD_REACTORS
330
12
102
}
330
12
100
AcDbXrecord
280
     1
270
     1
271
     1
  0
XRECORD
  5
24
102
{ACAD_REACTORS
330
22
102
}
330
22
100
AcDbXrecord
280
     1
270
     1
271
     1
  0
XRECORD
  5
23
102
{ACAD_REACTORS
330
22
102
}
330
22
100
AcDbXrecord
280
     1
270
     1
271
     1
  0
XRECORD
  5
27
102
{ACAD_REACTORS
330
22
102
}
330
22
100
AcDbXrecord
280
     1
270
     1
271
     1
  0
XRECORD
  5
26
102
{ACAD_REACTORS
330
22
102
}
330
22
100
AcDbXrecord
280
     1
270
     1
271
     1
  0
XRECORD
  5
28
102
{ACAD_REACTORS
330
22
102
}
330
22
100
AcDbXrecord
280
     1
270
     1
271
     1
  0
XRECORD
  5
25
102
{ACAD_REACTORS
330
22
102
}
330
22
100
AcDbXrecord
280
     1
270
     1
271
     1
  0
XRECORD
  5
83
102
{ACAD_REACTORS
330
7B
102
}
330
7B
100
AcDbXrecord
280
     1
460
100.0
461
100.0
462
100.0
463
100.0
290
     0
270
     1
464
0.0
293
     0
272
     3
273
     3
  0
XRECORD
  5
7E
102
{ACAD_REACTORS
330
7B
102
}
330
7B
100
AcDbXrecord
280
     1
270
     1
271
     1
  0
XRECORD
  5
7D
102
{ACAD_REACTORS
330
7B
102
}
330
7B
100
AcDbXrecord
280
     1
270
     1
271
     1
  0
XRECORD
  5
7C
102
{ACAD_REACTORS
330
7B
102
}
330
7B
100
AcDbXrecord
280
     1
 70
     0
 90
-736978550
 71
     1
  1
02451C8C-89B7-4C70-917A-087843FA2F26
311
504B0304140006080800C446625C6303076B6B010000B80200004F00000044354435463934302D314132352D344442432D384233412D3045393939443445314543362F4173736574446174612F446566696E6974696F6E4974657261746F7250726F706572746965732E62696EB5524D4FC3300C355F420821C18573FF40D6
311
8FB56B8B84D0D66E9C264D8CFB9495B055A4EDD4A4026E3B70E05F839D756C702795EB17FBD9719EF209005FED420807686BFC5FA0BF17A5A8F36C9A2D45C1E17417D9838718A56D2A9E792335958D739509297929AA465DEDAAAC826BECC765878ACED0B601451D169BD36880D7CD4C6F08813FAD6EEEB85242DFDA699006
311
A3D87798DBF702E6A7838445836E9F39C3388E537FE80E939EFD2054D5D49950B6E3F9819B44488A0721F393D061B11B223D0A23BF3BEA7B23AF67EB6553CC4B9E4BDBB1DB1166AB724147D33A42233D2ED14FEA5C1563A1B96C25A13B9820F382DEAF0DDDF01CCDB0EDA91642FE51C9C42C6629AEF3F218A9275B3A0193DD
311
9788186B3445D9826620A13ED0FE59A0D9A452DA73DC60A3143D956B3CB5554CCF7EEE4FAA29E880058FB0841C14A257F4123F0BE65083000E2F883994F06EBC42968002B3D244882331AFB1AE4296329D56A697464C19CB74FA06504B0304140006080800C446625CE01FE3AFE0010000C803000045000000443544354639
311
34302D314132352D344442432D384233412D3045393939443445314543362F4173736574446174612F496E7374616E636550726F706572746965732E62696E95533B6F1431109EF08A2281743F21AC28A0F0E1F5BEF3DADCEDE5A840912E154242D69E93ACB8BD456B9F68AF4B3A6A7E027F839A02092A68228410154A032D
311
8CEDAC363A9D788CE4797CF38DEDF5CC9E02C0AF0B41175670CD51DF42FB404C455DE4A3FC5894FC0E0294F9819BC51989937E44FC2CA22471A31EA17114FBDEB0C7862C5C6D0B7589E7FA833D162424F07D8FF82173497FD81F1037F268166659D2DB4B9066E5DE93976F7EDCFD90A2BD82C81C57131B6B59E7A94E9A9BA2
311
E9EC4247879E91F7A9F6FF20E70D019DE1ABD79FBFAD7D4917AD2D47029E731583F9C27EBB47F26B6ACFBF6953677A9B96A5DF53670E8DFCBCC89C5D62B45CE335B75A62CDB7DA1EB185AA36BC86AEEE9C3E74F482ABFC981C54F54C6A7C0A0A0AD433A87049D88411221C9131EA1AF5263CC25C0D25C6138C0620E0109E23
311
A6EB94A9B11887EBB8A39E8F0EDAFDBA90E543A1F8C48E0841EC5F46E4E97E2515A36EB0D66C425810FECFB4ACC00D2C9DE382BF77513F8C96C6022C7966C340BC2519E4925A9ED1ADBE8DACD58F9F4EDE7E7F675BBCD8065DAAEA824F8F26423AEBF9844BB9ED48F35F75F94C5563219F75C75CF1AEDBAD85AC66752E9C9D
311
2D5594627DCA4BB1EDE4B5E04A8C9D1D465948A847283BA0F146E06FD0F8F1D67DF51B504B0304140006080800C446625CB5A795FFE3790000DE7900006B00000044354435463934302D314132352D344442432D384233412D3045393939443445314543362F5265736F75726365732F30323435314338432D383942372D34
311
4337302D393137412D3038373834334641324632362F7468756D626E61696C2F302F67656E657269635F706E6701DE79218689504E470D0A1A0A0000000D49484452000001000000010008030000006BAC58540000000467414D410000B18F0BFC6105000000017352474200AECE1CE900000192504C5445818181B3B3B35A
311
5A5A4848486060605C5C5C6464648383835E5E5E6262624E4E4EAFAFAF4A4A4AB5B5B54C4C4CB1B1B1858585B7B7B7585858ADADAD7C7C7C464646787878ABABAB747474A7A7A7686868707070B9B9B96E6E6E6A6A6A8B8B8B666666545454565656A5A5A5505050A1A1A1BBBBBB8F8F8F9F9F9F4242425252527676764040
311
403E3E3E9B9B9B7A7A7A8989897E7E7E9393939797974444448787873C3C3C727272BDBDBD3A3A3A6C6C6CA9A9A9A3A3A32020209D9D9DBFBFBF8D8D8D9595959191912626269999992222222424241E1E1EC1C1C1282828C3C3C32C2C2C2A2A2A2E2E2E303030C5C5C53232321C1C1C363636383838343434C7C7C71A1A1A
311
0E0E0E121212484A484C4E4C1616160A0A0A4A4C4A787A781414147C7E7C9193915E605E464846838583878987B1B3B18587856668665A5C5A626462818381A7A7A5A3A3A1B1B1AFADAFAD7072705C5E5C9D9D9BABADAB7E817EB7B9B7585A58BBBDBB4C4C4A8D8F8D747674B5B5B3B7B7B59FA19F606260ABABA9A5A5A39B
311
9B99A9A9A78F8F8D6C6C6AC7C7C5451AD12700002000494441547801DCBD89771BD7B5A70B8EE04C702641712605CE034890E220088028C93245451215B713AF388E7DFD9EEDB8DDCE6ABFF4B57D97137BE50FEFEFDBA74049B6AEED74869B7E87404D2814EBB7F76F0F67A8835CEEBFA0E42B854AA5B2BB5B6BCC951A8D52
311
A93657A914FE0BEEE39FFE2FF395B9B9C6CAD2D4C4606F4B7FFF8D1B37EEDCB97587F7CD9B4343BD134BABE7DB48E3FFA7A228ECD6F6574E4786C0FC8B5FFCE2CD5FFCE297BF7CF3CD5FFC92B52FFE58BFF9E69B776E0EF5F79E55CBBBF9FC3F5D3DFFB07F5898ABAF7CDA3B74E74EC0CE20230561BF096E97E05712BFFCC5
311
9BC80539DCE83DDD6E54FE61B7747DE17FB8980BBBFB2BBD4337DF487881AAE6C5ACC6AF25207877B2B527BFF1CB3B77FA47561ABBD7F7FA7FE146A5B6BD74E3164C7F51449AE95DB412200EC539418717E7F2F11B376FF62E95FEAF1442BED0581DBCA1BD2780D23F506AFA16E1A7AD974EF17876F00DD7BCB187A1A97AE5
311
1FCED5BF2BC1F2BBE5B3C19BE27B43CF26DE00933658FE129B109C2FFF922CC22C4260FA01BEFB462A77DEBC35F42F600C3F5B0795D2E9E02DAD5E650B4438A92801B65C35CBAB7B1EE5041CE69D3B6F1822DFB873EBD6AD3B6FBC71EBC6C86AE967DFC2DFA4CEBFF1BF54F6276EBC114E2F43FEC60B01A0D440A868B2920E
311
5C4BC10D60931ADCB871F3268B21D3851B08E1D6AD9BFD4BF57F7577909FAB86F29B982571136AF01DF5FE32AC3BD9406CAAF2440A54CF176EDD01FBADA1FEFEFE21FE4C9858DFF4183458A9FD2B6708A5A5A137E0EE1D11A9EC0C7C58B2C73C0AD6B479BD76B7790CF899E287FA5B06FB7B07C9195B7851FA8794031EF1FC
311
5F9406BBFB23375420286399B631E93B08022A785C4DBF9996EC3551874094D71B6F487E80F6837E50F483BDBDBD83232323AC420A18C68DA196EDDADF68A77F938F78FD972BABBDB7B87FB164AC6FC2CB760365821ACB74AED44FFAD7E7431ECD7E08AC421F391D199998989A383D9D98E8E56F84A318C58D9BFD2DAB73FF
311
5222C8EFAEF4DE7AF30D756E5108683DA471E70D0502099A7240F19E4089D3FD203E620F1B47BF43501E85031AE44B4B9F2E4D2D9D4D51D8970983FA861B3706FF950CA170DE82F6B312CC4F42C8966295F7D725ED29882415DC055F36DEA1FE96FEC141493F05FAA9A9A5A595B333DED5B3D5A533F62183323032F46EFF13
311
EA0AAFA5FBF7C8976F8C10F7280A014832593B90004D52341980D907EAEB73411EB2F1EBC9F507F92746C40E7AE0AFAE54292BAB2BAB67CAE0746264A277B06508168C94BF772BE9765F7BF0B548FE1E07F3B5A521340A5CB5297C4B12811B89E82191ECF3E41B3259C529F135E23CF4C7F961FB13537F5A02ECCAEA76B5BA
311
5D3D3FDF3F2FEFEFB3AA22053E5008833428DC6C59FA2F770595F311F235D427F379BB8A121BD901B96076A388DC4C3C61C7933CCCD770FF375A6E0CE9F535FE2534BF5ADD3E3FAFD71BF57AA951B6D4CFEBFB8864758A26154430080B06ABFF557610ECC93726224F155D1471041E0D42F82F4891C926C1355B0831649FF3
311
65F46FF05300A7A790BD8ADEEB0D4AA9569A9BDBADCCD56AA55AE377F5F3F3EA2A34983A1DE91D810543138D7F28E57FF4E2B5335A3928B76EA1CB9B00BF158C8F63A2E788826896D0B5E7C461949ECE089144F8EBEFC7FB4D8C9C4E9DAD60F7FBE572B416C2F2423ECF8B86C439E450DA970634ACFDA977629098D0B2FAF3
311
13A36B3869E37AF7853378CDA1171FBEBA95DF1E44FD5144A420588641B0055A79ED91CC0DC41E27064512FB33F1F04D09D0D2DF0203A646A6CECE80DF28356A348CED8C4F1EF137B9319E1BCD29867CA556AA97F7B757567006A447FD375A26CAAFDED9CFDCFB2BB0BEEE8AA5911BC2C7F85DF88A3775389990AA72219D58
311
2409210F85A4E66F2987D875C30848023088FDF77E87F96FD7CBA5B9DCCEF4F4C9FC7C676777577B7B7B67E7ECCCE4E8DEE85E81A6D55AA3BC7FBEB242589CE8ED4770E785D7DDE23FF2587EBF57F50B9E820527316488E5C32D50F979BCA58207297E2B6D658702FFCD211840FE43FC9F3A5BAD9E97E6F21B9FCF16BBBB3A
311
3A5A175B5B1787875B5B3B86DFEFFC687A72674F19D46A8DFDF3EACA59E405375ACE76FFA922C817CE86A89BDD92F400F2C55B7462F610459837D3A61ACF50C7471C8F2F2A9D38C3DA2F068007F80EFCDBFBE5DCC674B1D83EBCBEB8BCBCBC3ED0D3D333D0B3DE33BCBEB0D8DA35FBF9F8CECE68AE020BCE61C112A4C1138C
311
D47F9AD13F7DC6AB9CF9CFCFAF9D0E01FFE6CD503F5B91C5218E2899CA15098714848B04FCE5654884ABF0E554F11F6C21D73D5D5AADD64B7B9327DDAD8B0B7D7D6D6D07070763BC0F3E38E8EB4310EBEB8BC3DDB347E3E37B5842B97C4E44A0C630427E5CFDFB71E03F471E12CA9FF70E055AE141042DD81234B879EB4606
311
361D9328149037D7D76A571A7E974FA20AD0323832713AB5BA7ABE3B3E3D3FBC30307070B0B9B645D93C3CDC3CDCA41CFC6AAC2D64D0D579B4B1B397A7C1BDBEBD7D36657A3CD4B2F44F4909F2B9CA597F4245C59DEC354316F0587020D0C661742BC02869435FD12CF195C422DB3C5A3E2305C000CE6B7B27ED8B7D63079B
311
5B5B878787C787C7C7C757C76C51B60ED60EDAFA06D67B965B3B672677080BB5329E60E9B477847AE2E9EB53E35779FD37EFCD2D0DDD68AA355B6B0D81860502B8B68C801F5C697E9AD62F4B406244CB975560BAC756AAA577675B07C6D03778C17E7C95CAF1B3ABABE3E3ADADE3CDB1B1B6B681014470343EBA979F8B9038
311
3545727C63E43549D14FD0F927E5F1FDEFD7263058FE02EBCD1BDCBCA053496BD58E69BC44F9F854D4D979AE9ADB908824382AC1D4014E9756EAF9CE85B6B54DB01F02F8EA5908E0D9D5F1B3E72188C3C3AB67879B07C8A0A767B8B831FE5E7EB754DEAE5261460243FFF07858D8EF0D658BDC563A2C5EF5833C13C90B6924
311
8C4DD97842B61DFA7F210A2F6108A0F96B62E2D3B3F3DD939EA47E30ABF5AB2B903F4BE5F9B36757CF65021E616DAC6F60A1FB647274B4B05B2E5341B082D43278F67D8DFDA48AFF9A13F22B34C7586C9992BA6E66CABC190E313E7C811AA57304B421A75B289B9D174CC868C24548823E230B9A5A2DCD2CAFE1F98E61C015
311
CA7E96B083FC59F3ED06EE60F360B3AD6F79787ED278D0A86FAFE00BA9220EAEFE1D5DE1F7855939C3FCC1332426B377F692406E022C010DB437EF009803F0DCFD3B7C94440571D8F2C328F115F47FD324802070BAB43FBA80EFDB92FCA1F7E7CF9FA875CBB327CF9EB08C4DE4815BC4210E2CB7CF1CEDECEDCED5B7574909
311
68286899FAF95583BF46F9393CEE6A86D6F618CAAD9BFF0BE22B042412C5CFB50556815CC5BBE33E9F61ECEC26A9BCB8145FD10590078F9C9E953B513FAE1FE387FAC246E14F9E3CE7F5F8194BD6594140876B6B84C5D6799C61A16434201E5237582AFD75C07EEED9863F463284E2E13425A036BD41061259289B6BDC1ED6
311
56FC8B8592C9D00701E27CEA749F0D8EF44EAD8C1F80FFF8F8F9D513191F6803384C800097F24069C407CFAE88136B7DCB3D5D4A60B711F19070D83235F77331FD35E715966889038E2E0B346EAB7936C4162043E1A1F144093695443A570144898BC4079CEF1912809A3035A1D3F361235F90FFF1E3E0FB93C7E2750719F8
311
8E7D8E68123883ADB5B18185AE99F1D11C1238A792DC4BEDE8EC6FF503DF377E0445F68FAF4E08D43082D02170F30131A154206CC559A8D9CFDD762B31273E4947A581E0D9BB71E33FFA07CD02CE2A6BE1EC80167497F2A81CFA3F7EFE58D0CF5D5D170DE4F89070B0BC4040CC17BEAC6B0586C3D3FF0309BC06F44B04A1E1
311
3729929B4DF73C44070692C810B08AC3012E8EE9EAE22067796288C193B2139B970B86F47FAD0F98382B1E035D9C32FD318A4FAFCB274F2E1FA772F94411B0CD42493C23393A685B5FEF3E1ACF554AF5F3552A478383374E6B2FDDFC4F6DFE38F4F4ED7A7FE838F488EA852482F412D3CB07E293D02C9F074F12E84C5AAC42
311
3271450572A385449844706475FD38DC3C22486A0639E5F1E38B0CFE93CB4B25910EF309A2224BD8DAD40C682C28341AD69047E8539A6AFC14EC573F7FAD10AE0FE6EB13E87B28E093B513B5803514DE408809BC12A14876DE0A25F643009E9176D9F0C330164285A7444DC8CAF0E9FE41429EE0A2F6A6DE91C0856C501272
311
404A8468822E24C807030B1D33D40D4AFBDBABB411D093D88C86D7205E05FC57EDD1F805FA4CED5920F0CED39157E007CE21757C5DE440ECBCB46CD283E378029B43FB077B4F47E60E9F61E8D01BE017D7E843EB49F50A2028F1E442FCC90C9EE308E4C0C2C94EAE30B75FAD3A0EAFA57FE9EF960F14BE15638840EAF3BA49
311
0BB6850EDB38EECAFD21A0C746D0C4234DBD035EFC7EDD121FA585FAB73DB89FE6A03CF833AB0730E5E2F1A36CE3F202A128934B44E396961121E1F2C9F32BFCC0C140CFE22C1CA8E109B182919696BFB98120234F61B59F7BF46EC30CF067B21A33B0FB3E402448EE266CCD93135A8E823DB31F85E677434E608F53F8100B
311
C0098EA2FD6BC01770E0F2F2D1E5452A711C4BB8486248FAD756D852026B6DC90A2AA5C6B69E9068B8F27AFABFFEE8AB36F1D23985D5960014FD711940800B560250D2272CC54FF1D3A660B275AC3881E349689C1616E1E9044129D032313509DE4700BC867C71F128C400159407C761022BA8A040F40A244788808C60B3AD
311
67A17576279F6F946923191921B0545FC2F12AC0EFEFBD7262B6935679FC7F80629160ABFAEC88E8430E76D82A8DE62ACE50BD4A42FBF03B387B37FD321B37E31C3F063D99703F5160E6C9E5A300CF32A91E0A085A29C0FC507F6C21012303C6104B82C1F1E156DB3229D1A855A32A8352C9077AF733A0AFE0FB3EF81FDF2F
311
0F82C21B0EB06998866878B103305E31EC17F4FD43831E570A2118D1667632D4FFFFB125782F96168A833DBE78C3F11F8383A79D49F58F1E3DBC780417AE6581381E8610604888E2913E12492881274822C221AD04CB0B1D273B8542837460898C686864FF6F801E8269F40AD0481DFAF5E6E9C1F3BE391C325004DF0746A4
311
E4448F7B52C0D5EAD39EC46896B888C4210D68E99DFA2820DF7FF850EC407EB55C3EBC5028611409BFCB8889C90F1C52355AEF98B18100094C9D0EF6F64FD47E5CBF3FF5293DDFB4B50DDD54F351446FA1F14580DC3902C085F593CB24ACC917B213BBC11B3F0A61042FD8B24F4FB9C4556D0CB9E1A880DE89934CE9607F18
311
F81FDD950DD0E1D143F41D56110E227C250621FF098838042BC85B5B6BCBCBC31DD37B34966E9FFD9936A2FEFEA9EBA4182E5CD3E17AE35501FCE0707E5525A7DBC64DFD077825BE37CE0BBE1BBEC061410C660B6E49912665E2B3749C7C9F93834022F74CDE6CA5EB501D9CBC04B768292C5CCB84478F3CA83074092C6082
311
169015E5800D5839DC6C1B58EFE83ECA513BDE3EFB8EF1242D2D4B3FD55AFE03D42F8492AF8A3F21444FA2FA9ABBF525EAF84C09F0168527B0138A85D1EC0443C467B28BF844EAF76323BE13D7C11F72FED783837B970FEFDE7D7817E077C17EF7E2A1C2C0FE851FE4C008388C15E818958746129E1009D054B67530D6B3D8
311
DA3D59D82D9D57CF70039FF50FFE0DE94089DB269C3655A4F25B38C49D0BD48E59F1526887C18FC5272197F85CA72862A593A4843CD25F920487DDF7AA0441A2C0600D062001F103FCEEA3D8560CEC3EBACB01CAE5A51E420349F602191E5F901893142381351CE17047E764BE50DEAF9E4D8C38B6ECFFACEB141E54A6865A
311
88A60133EE9CBB4C256930B0B168C1C3AB59FE1743FB422C7166082E934AFA5EFA3E4BCE0B69362FA7041818B7FDECE1DDFB4D022007CA23E521F0700AAEB5888BBBF08023E128B4045381542FA256B0D04E28A0C3804E233A1BFB476A2F48FD135BAF9843BEDA3264EB42BA499601F16B566E72C7EA35908ABCB9176BBED4
311
3204C696AFD3D7B24B08D3AFA44BE243D88A6D9D0B6562B52F741E1610C0EFBBAF2B0829289A640EC4C8A4FF66A24430786CEBE1E1E61AF9507BFB496EAEB64F8F49B4129EBDEC065EC1F8A3F228A3CD0950883B41BEC6D1944AE06147289600A7726313AC69A3F91197F1438BCB743E76F01F6EF1D1C854071670FFFE43FF
311
1EDED702EE5A14C85D0C42DF90B86068800659AC88981855E3E774A71C0CAC2F76754EE7CC87C808D1E1E0F6CF47FD4224731337BE1E39C5010823EE997B1491BBD99FC8D8EF77482BEB5EB2CF66499A8E0F7511B19B3EFBDACB6507BC78731B1B383D02FFDD7BE8DD9256F7D0BA7B46015941097B80018F700FFA024CC080
311
78F51806100ADBFA163ABA8A3B95B9D2F92AC30BC908ED31FABE0CBEBFFF0279B675868F9AA24E9530B08C174055B7F48E4F58002F3E82F0BDFA003E8B431EB6C4A91E4D9B5FFB791265BA8827BBE5F1BCFA7F789F72F75EC800F8AE43FFAEC42F13009FB905A9A0132015D0068ED7682AC608BA6771038DEDB3B33082891F
311
AB1ABF5614F93238079726B833958796B845B731FCB86316713C1DC581B1E19B424EE32674093F80776F7E27C6FBFAC85C536CD955B96EDA2A3FBF770FF4BE11845470EB3E42D022000E0FE07D161811020742162444668308801E133A4C163BE68F6826A5523071CA78B2FED51F28F8C70FE4190073A3E5D3259D7A288CD1
311
9BDE623F10021BAB0C6E327FD507B2741627727EA00D31856492F9F009D7F152D930704E642795C1C1B336E0DEBB7F0FDCB79318543B25341F36802D64A981A690B94259607DE0B19D466BF8C1C5E1CEF9A3FC5C639FD6117B4BAEAB453F8EFBDA500A67E8BAF76C8A06566E36EE1184E8329419161F83D843D5DE7D822116
311
3E145F56921C3EE383978072129E290A9B7166E63D26BAB1FCDBF710009E4051842390031845F20077CD079407C575F20364C4910ED2A574BC357630B0BCD8DE39335EB175646A698458F6A346F003A93002E846FFE0C459B8006E506D79BF902908A0AA05CB5E73530E33BA1D3C2EF99C712B7C8B41DF4D2A7830BE870748
311
5FCFAEEB85A09AB6D39BBF7B4F23E00509C20DB04E240822A4B810E04D8D53D10D504C059ED86BB8697F514777717A8F8144D48A4C89077F7EDB00E2D89DC02A7B975640A282C49A4AA84B70B12BFED8EA6584860DFB7EE23FCB00C6BAF7332FF259FA3C9346508813E372F1DDE425065BB61FDF8300F7EEDDBE8D0C6EDF46
311
F7D8823478590AE23759D60DA6B7A9F125EDE8F4A5D2B37470D0B63C30DCDE3D3D59A8D1501EB1B0A5377517BDD6E301F995E3F955F0F58FAC2E81CE172A8344AC03DC6781939D2484B8FFC15E8F3ACCD3954CE19576B942D0A029188EC7013FE59AE90B71292DE774F1F63D60230180B30A2EDC65291B6211B40811288560
311
01A680015CE000708254891851D4B3BED0FA4D7166B466BFF1D2A924885AD12B387FC0FCE6819AC3AE06A7AA4B715F0927B74D119D4A668FB54B8A8C268D8B038A207D10A7B1E95E42195B695BE0240F7408B311257C23F581E987C180140C584A02B1670CB817CEC0A080F259F1360E58452013200E3EC107AC1DF4FD7B0F
311
6D23F33347F9527D9F51E6138E31AF35F1BDAAEEEBA3D71BB402E2FB47CECEE96B4DB85536772B07C82A34F3E66D0BCEC207FEB9E70643761276F7B50D5EE963CFF80C7AF4A2130F5BF8C4EBFB5F07B709840480DBD8007FB7EF3F90104908BA457D43AA2A6A02C91422285E5AAC143F3313A0CB74D9D164933B86C2558713
311
4E8D342B453FC982860D09FD13ABE72055ED020E85D3E312F74C25CB0293D978A1C4001927C80B86FD06349126EC219F0C735C8053D8F5F310817EA01F1B7851F406144C211C6362C27DD51F1E310C0102280ADB891E9B085CC528A2B1369A46BA195B9A2B351862CE43174BA73FB7CBB430A5798F4C54B7333B96C3224A98
311
63AD02B9FBD8E63092191924E77C199D92887DA594B6DCF0112857162FD0949FE6A441F5E62E42FB2105BC405A2301A3424601DC807912CB2C39C604A27908021CDA30C4C8C2019A883B3A8BD393BB3546136EAF561980FB63E9E035FF73B96D09A905ACB2C11D79571C5159026227DDBDB81396EB03F14100BEB66DE1FA9E
311
F82C3ECCBE318119C4269FD014E66361FC8BB0B4EA9A98EF3D8848A01360430284335004C183CC25BCA82D2302EB03B8419241C64DF4F5ADAF77B533BE786334BFCBB8DA72BDBEFFC36103AFB30608A0B39B58D93F0BF42180841DD26BDC22CF0A770E90240006BAC65197D90920131C7B2EB3CFD3C71C6378A305EE8488FC
311
1FF8D391E2BDDB0F6E3F45E7C8207C419800DB410073A3173942CA8D5242642A74496FF115832A6314D9FA4257577BF7FCF8F8E8CEE8DEDE5EBE76DD3CF892BA7FB8B90F629431B5525E92A15A3A4A6FEA3FDD73136172060959206591F4C927196CF645AA285CF3014630121754261C0D31E1A7E3DA2DBDB54B04703BDE3A
311
4209F02045C4BB0F529A14BED07098A2A1CD47513DA64B512F409BC01663090796D787173B5AA141B1B39BB470EEBCF1E30F9D263ACC4D05110797CEF7B923B027F089F74D1D06F0A4D8C0CDA6604023FCA45B76C5CDE0BF3845ECBE13E0C0ED73700A8A753C1AC8AEFFF1B407FC8A20F42F0D94019121DE304077A027D411
311
2283BB8FF0072444D68AAD111D6F591BC0061854BBC048EBBE9E81F6A33A95C21BFD13AF3C7E7DCDFFEB0DE8903F77B41DF178E99C289895B0EA8CD640549D68935BA7C5294E0A1D66DA0CC419BD398E6265789CA1241441AC94532A3C19C95340BEFC68703077EFC1D307B71F3C500859C11494838E902203A2BE90EACC51
311
35B80B078804340C920C2300BCC06F7A1C71B875DC572C9BD1D84BD5FB9363CA6BA7D03E5C40FDFC54FC23C9B4B9DDD028787D89219038523BF64E638BB37CC25335937A00DFD32869C5B390C8C32FF25C8C47A7181B4A599A224A9DADB0E0406FEFF9F183B7448F081E3C55024FB33828784AB61704482CD0160C04174F9E
311
33BA9291D58C2F1F1B1B3B5863B0D9F3E51C35C253D54A23E560E2C0CB3A6F7A81382601C2079CAE96B7B1560D20A341E85A928A4E01083256420576C2ED477E2E565FD9223BCC691CF394D3D8E281501E0EE5C1C8159E92585D255CF30CC854C75318006EA4A01028EC853F9407C6053910BE105348324002260254886C15
311
6260F9189EE0F8C9A3CBAE9D5A992184568A69D5183A7DB97DB089FDC57AEE54F858FE54F577DBA85309640290F2D220952620750C5811FB772A7876D1E4040FBFC6474D51246D8B3FB378283FB514F8AB3C20B8BF7DBE5DE541C9A5D3D38DDB30E00151E02523081BC89C2214103E0BC1B3D0199A08E002681A2613A2616C
311
EDF0F0F9C5DDC75DA395C25C0309C03DEC8091A4AFD3FEB504AAC6633930556DAC86EE3561941E862C4A75DD6B6BB3A0C59BE153DFA73EDFCBC3CE2188D3D378FC976D0EF9A95B7C8532F527CE3CF539581E0FE501291E9139FFB65EFF5DBD8E0C18DE3077170A64E033FD278F18068028802F156C3809FDEB11B1019C208D
311
020C9BA2870457F0F8E1FDC7EDD393E3B9FC9C4308E9315704233F960E554802C14716B0B45DAB5EAB5E25AB7830EBB8D25E6CA94E4AA01794FB1EE164FE9F040FE82C940A4BCEF913075D087E85A7237D3CF29C47E4E676777779528C4781761F0BFBC1D3A77880E40C9A2E5109180D5255317890394229F0F08201035408
311
2D574F1E3FBAB7D6553C2113DACB97BEB5526C7C6F69F9310A94C46CD89FF8F379AD1AA035FD00FF3F320180F01417A6F255A3A8D86319FE0C0B0E06A0DCD33F79841339C01E5BBE1911AFCFF7C1E0A540BFBDBFCF2372352686D863F83F59CB6865F43104007EE06F52406F680341102048A01BB048823082CBCB0B6AC48C
311
313F3E7CFEF8F2D1FDC3D6F6F9F9D9E98D9D7CAE5EADE2A6512FAD7AB526E17F600C85550DDE9ACFE9D97E694513103BC69F8A2813176032C890C1E9C49FC09C61670FF8705B1D7386260E7C8E7122C7F8208A55139E8C8D4763F7EBF5728DF9C34677364E3A3F9AEFDEC9CD95470788834F9FBEC512379890B38C94205B25
311
57987C4186DF5C0837608DF0F9F3CB87B7EF6E920475752A01460E556919B2B64296FB9FB70DD5F47232A0F77465BF140CD001F00ADCA175090E2665A14E6329B62660E02A1CB50C6025E3DA252A670B3F0FFAA5EAD94A509FE7036B159E0D1D9F2E76B7AE1FD5A606198D3A747AF450023CBDFD162278B9446688111009B4
311
029B0F2180AE20A542D40610C073B47FEFE1416B2B12200F3C991C2F54EC2491027A816B0A34A9D05C6F437AC23462385DADD75642EDDA738AF1600DBE07EE8437804D2D011A94DF71C2085EDD40266A407FFA1D1C00B0C03927E60338E3B9D8C47D1F8CAED578E06F7CFAA4BB63B175FA7C301B747CB377F45192003CB8FD
311
34B12009224543D8604494011A80C1903CE0518C986208E1C5FDDB8FDA161686873BBABABAE74FA637BEA894A44078C19696F326E057D7F95D061A6B0394A9D5F2DCAAFE4C2388D8A6E9AB7695CB0BDD0A332430F1A9333DA41D1FFB97FA09AE84E738C75C407C260408F8DBD5EDED7DE1570A7BE333C54F16963B46AB0C2B
311
71208EA3D16EF4EEDCD7005241166C005A73C03164792151205C007288AE337B4D7103741BDE7B7AC913350B348B2D767515674EC6F72A0402BBCB41C81305AFCF05F2758D3ECAC8D26AB97606DB9581A4B7A8FFB068CD5C0604E6849046B70C2B60FF0CDDF93C13822B4E82FA0479A68220E66D9FD775FB3C1A9CDBDB9829
311
B6AF2F77EC9E0678FB20ED8D1B1A1A39D10F9812E20D6281F5673121AACAA9C53424000DAC173F7E18C3052EEE3E78E7F1160F5AAEAFB70E0F7775CFCE4EF384DDEEBEB9C0889D5243BDF557559FEDE5F17AB21E118C4C31A3DF6A96B56AC62180293910ECD6B721047664BCFCC6B2DD3C65CA0F0C823DFEF84083C7ECCDF0
311
5898EEF158F4FEF97EB9C123F1B9D1D1A3D9F9AEC5F5CEDA84A3C96C14A55584D62893D6A54D8D2028D05C8B1F124884543F3223B29D208B04910D3FC43F5C52196AEB5B5F5E58E8E82610F08C21BD443801233C0CE8BD1E40F84A1CA86001990048031ABBAB11EF83F9283EA89F181F2A0D9A9F62D94B7F625FD727E6A93F
311
63F200F614F7CF100D4511C07DB45FC5F0CB4CA359ABE4774631FDAE85E599EA0878A3C33D5AD6430CF4C055EE5FDB80629000D7855DED3F436F3B61B3DC7FFACEFD2B1BC6FB0696312CFA477CE87A87070C7998E04FBA78AE3F915A065E819FCF35B410321D9ABB308146A11AD5196CDDD7C477A171C8AFC74B45CBC6F641
311
AB53C8D4ADA5870C02379BC0470CF83DB55F073E29CF5CE5F7A3F8FD62EB7AEB1774C2C6780B9523F9287193FD23DDB79FBEA513B45200E2E0C1B51350163AC19043C600F2C1DBF7DEBA7BB9B5457BC0D840CF325EB0BBABBB786D301437000020004944415472B491ABCCEDAFC0591201CAC8EBFACBF367FE7B6E40E69F55
311
1BBBE7123E3C00AC560CE20C62436E8C3C54CC225EE08C0D74CE26148877689EDD004FB2BFBFFFBB984035373A7954EC5EE8591FE531348654514DB1D1C56411DFA2A7C212BE5ED91278F2851A432244C6822C29C85A8B320ADCBDFDD63BF71FD32648E7D098CD018BC35D7FE89E250EF2AC75F96C15271602687965C844B8
311
807C6E7729D93F22E81D39ABD62A0820C1FE9F11CFA7208125D33E96FD69E83AF6052DD32D49FF0802CD9F9DFD39260389A950887A647CCC99BAB17132DFB5DED35138FB3A060F6295AA5E195BF0BB56495A5A4A8FA440026E46A047D40ED2520A441C302D240F201FB8F7E0EDDB0E12A04D8816215A0579E8FE1B1281E9F1
311
9C9900DE79842E2A7CCD48E9876EB01C75DBA0E0C8D44AB5512947A00BE7CF5DE9E1A6A6BE43CF1A78783DFD5A404E4477336C1ED8B18908B2A847B2AFE9839E891137A6673BBB96FBBA2A4B8E9373B001F08369BA11BE8ABC4302FD2345FD6014A127068427D007BE28B41D9B0D40FFB7EE531FA673C8870A69135B1CEEE8
311
D009C08042A5B4EDA314920B635BF941E7487E45256439DFE9D276295F87E698389CD49FB394FE19720412DEDDC40E9CE9C6DD605E0B719FADC416CB15AB3A61F9B5B9B9426E54F81D8B03DD950946D432B40CEDAB7BB5AF11213CBA73C9BCCCDAFBCF06127C7980FE6D1DC9B4DF14832D6568FEAEEBA76FBF438300B54106
311
4ED33F3AC0B0D10505306FD370AED02859234402F6C3FED006766DDED2034D90D119057225EEE3DAF787EBF30EC51ACB4F551678BD6728E1944730C095F13E4D81A4DFFBF67C5BEE37E62A85FCCEC6CC6C7BC77A5B477E22223ECA4FCC0F87E2A5E3EB782BDB25B8CFC6736A044DE5A7CDA604526361D650484FE283B77EFB
311
D65D52C1C73C4F48E7D0D81ACF572F2E2280F98FB230508FA906B42DE240ED651B301CEC83DE1790C9FD96B6CBF986BECF3BD332C18EF627A0B6EECD5B152E02088D03D828AFFAD26B05BF671B4F9A09A8CE0CD2707F67F2A4B3BB75B9ADA331C1305BBAC182FB4A79820B7EEAF73199B8404C0B81231CDCBB871B80FC41FF
311
5860E8E108222A1A076C29E6E03B6F3FBD4F1F295DC457573C7ADED636D6B7B8C88413DDF3B327E1046AA51040B40CB50C7E3F1D2E44DAD34CFA604029BFFBE714DF0C069908027EB275F1F366C132E1A7450B04011CF82B2B647CE754F650FF6E25BF37AAF65B7BDA16CAA791F1D09F6CAB989EC5AB7809BE145FA459E8D3
311
E4B0FB47DAEF093B946FED585B80FE1A0305FD5330FEDB4FDF79FBF6BDE81D8300CF6815E5F9896552412A03F31FCDCC7CB5E32365550CD9365FDCCEC8752E943161D78047336F8AF6539840A1F2E764FDA2970999F205CD2BD1F5CF496571F76EAEFA0E1CF8FD2A55FD06391F9EEF8B9DC9994E72BEBEE1FC928E2F223EBA
311
0FBFBFB4F2DF137BC894B8087643D64ADE6EDED67F7680FAC9060239E845FC94AE93D880F994FBF71FBCF5F66F9F32C292EA900F9C1E6F1105E81C5B5F58A067A448143842008D7275EA3BBA3D2516FDF02FF79260020D6B3C714711F3CFB61BFF56A826E627E82256F7400FB387FEF23C1C1E77FD6A21EBB1B2B35F2F95E7
311
760BE1FA3ABB3A981423477517EEE36FF96F122B942F6FB64D9502BD1B9089162532A2FEFED255028FE653C9F46FA321E0B588B7DE79FBED07C44106CC85133CA65190543004D01D02D8181DDDA5A9C91A7110805B7875B689FC3902200FB192E7DFD936B37B57D9C338BD49E99E181F4E5FCAB2ABC1CA7AAB382CBC7D5154
311
57CFABE6FBC63D525E5CDF74B16378B9AD6774A58531912D232DF01BAA913DFB7D3AAFF912984302B84D0500077800D26C60A4742101DE420C610C2E92FA93056022EFBCFD5BB6B38651470CD33BD87630C05831BA864C85997B8754B05167F0706499DC442FCD22592AEC2ABF3FF13F950039BF159FA9B36ABDB2778EFF83
311
F70972B83BFD3F4899E64DD8346AA495CB155A7499F2CE39B0AAE755125EB84FD8CF8D8E4F4E9FB4B72E8F1DBCCB98B31BC4607C2CFF21C8145FB48EA0F2159F86A3098415609554DEFA7B27EF1301033DD06D274BAF6821D220DEF96FA4CBB60B3CA241C021D38E1AA76B4406B4767576166766A6C7F77273F5F395291BBA
311
19F64F2E3095C14F3E60371827741CB27E89543857D6D96BF9A47C6A9A26057840332EB843717AAD171880217B71FCCC0355AED3D4819911F79D0EA8AD6DA31A83E36C5DC2D470295C011302387069158F6C9966022367ECF1D00BA9BB95C389AE7B6105A1FB640689033A7FCCFFEDB762189103A61C3A4FEFE0D6A6B5A19E
311
C5755A443AE78BC5E9235B047890A65919A0D2F96AA3C01CEE913BB3ED239C3E0CD8DDAB99E4348BF3F8B977B6C43DEBEFBD7721A839A63B94C06A10DB87FCBFA3C2932F8C26F88B6D6BB30C3C4E09AFE40FAB52EFAA1EC0316920E031A46D65A0FFE45A673432E907FBCF86717AC04F2CD0EF512D665FF53F05BFCDC43489
311
F150890C60A8E0314E70A06F619D30D841189CA15D3417F3CD50191AE4396543F0C42BCFD696C58DF163F5B46D708BD5FDDA5E5E5FDF9401BC4F7E00E8A17520833D1CBFF495B5D1CE037C664123EEE74737268B5D1D3DBFDA6AAD8C08DF2C0BC7A737E10AAB2A7B958990CEBF556CDBEE823CB09FB344143463C630CFFF58
311
5D330CF0320E921744A7918280FEEF981161008E9FBC78C830217A07B7D6985E83F9A79884ABB5AB383B4D7D788F9FB3D867A2112A43F19042B33A108690CF6F472F8661CFAC971478757F6E6F2F7AEB82FEA85E5715941778B278281F28C268AB24BDB470EF3303E09C359E9DF1CF990D8A096106E6A66C8620DDE7D281DF
311
0B2831F20439A30D68386CE13E002F7EDA8D7806162B205D6A19AA1FABFD6B1B400EC2BFFDD66FDF7E8755B4883C043F43046C1326136680404F1F934EBDDFDD39CB58A98DF1BD7880E0532E671FA1435E9D6EA5E9071000BE8F262E7C4044FD95D5FD526EB40A05A634775F32205C3D779FDC168CD5E56BF982508BF572BD
311
A4F6F57D3304BE9EB18149461B12F760D7485891CA47CFC44909136FBF4931716A2E100123FC6CCAA6A644F25EDF4AC980B14039009BECE8B798BF69A05DC5B6885CD23F8E13A46FF0C0A986D617F001C52241801E87C2974C31411DA3A5D7B6175472763D637D3E57C33B908F867F4A59CFCA7923375E5F027A983E18BD7B
311
D4E6FDDBB2250C1529F4202EFAAF979DFFB1F2612E87EBEFEC58581EDB9AA95AD1D7C1905F7305BF8182D5BBB524D47C4E3B81CD843220DE1E6536497C0962C225F75A2D6A998303B23FC501F0B3F736EE1FF01200FC8C99F5515207C9C40081DF304C0A17D06E26CCBC5B3C47459308178301FA8057C2C0AE9D99B05F0388
311
28B08400F2E3251254DD7EB8BC4853B101F99AB48E387457C96951E5DB670648BAB70A7B04FE93EEC5F5B183F9739C98952C6845C380D401B8FC86E70A20744EC720E09D35955D96A9041720196D183AC2CFE6AEA816652D0234883D788BEC8F5DF2615261DB031C2381092401B48D8D2D870FECEA9C3D99DDB036C8A05105
311
8030E32190976718C89F031DFBFF2EEA3D88606A8A19BD0AE305BDFD12BA4FF46F1A0002B07137989C748936E9DB2C91F43B07E4E4D16C3779CF5A4FFE8CC981F07C29E34B7C012AF0054FAEA4A6A3D49D3A16D2B3CF220A029003366663053C89B3FB1827080DEC2780076FBFFD8E39810CB0593CC68B5D9009F2D4004180
311
28B0BC6CC74067E7C9CC0C2690FBB084AA5254A12AF63543B35EB40D17B693F7E3464D5094C00AA9E04E0E0524F5C35C5EC6BA94B21AAF2440725E2A9FF94FE7A8F0E769EB83FDEB039B631B18BF396F5C13CF89ACC02C387DA56DC3B1CD84B96CFAAA37B55FE723B611062258257D331F186AC93D8AD600B4FEF4AD777E4B
311
F68F2168FF08C081A37AC13446C859964803961928476D78F68419390D830C1935B5C2A0A22A3AB17D3D6428BF12DC373B8D464E04C0A496BB3B3B75639DCC2500E0F0B15FB6F47B5A7ED0183A87CAE8D535F2EDBD4B3B7FC762DFE65A07C30B2851DB890082ADC07131EEEFA3DB7DD5CD32C0860CA83CD4B7993A175F422A
311
8149B1C1D94C1145059D9C78A8A572A90B7C8B1E3392FF77A80C50220880FF3669004E90F101740D2B808181455A044904674E7482CC3EC85C4BCE339404C0B0BF6A5611E4F9B8157BAB6DE327EC9BFBA1B4557ECB609C1F45326499EFB90EE78F18227F09E563C9E63D847EDB3B68EB9C39E95AC4F7ADCF7D87F6752BB691
311
2040281E4A0D8A8314E80D60470999B8A51FB1488A66A9F3F81FFA61C83F4FA6969E472288FADFD61B005E0EA4284822E018911828E868614DA0C36E11F3A051070BF2F0840E35F200E2C0C80A776CC9E7E6841C0503D0EDF15ED9AFE527E798D23BEE5F0604E58DFB7099D739BF0BA5D332EF29F1535995BDBD0DE681C4F7
311
1DFE6A7AC5A13554AE6910963E9ABC9A0DB5B202225545F5CFACC942B5B93C207352B6E5310BF349AF200175D7DFDF78F6D683B7C87E087FA9B35812C4F8F13452CED610A2207541E6D659A739441F3833CD0C9C3C3DC2B0712F62333C4FA9327C9CA1124904B4FDE0FE21C119776CB0C212AAFBA5CAF80EB43772ADFE77CD
311
9FA8A4144C54C2FB2304C65F62FC3678E4F6C68F30FEE1BE8383CE7DB86F58B1AE0C51F0F055E188D02F00911DDB0991832228B3172B3E623E513FF1734FF414A611A603163F401BEA790FC9FF7FC3FD3DB02DC00184145B850D01D120424DC03C00FCEB7880EEEE939399F1F18DBD4AA54C939899304D913CC2D5CFBC55E5
311
0C7FBE4C0E14AEEF53D6843DFF56BE2D554637EA047D3C210E2C61077875FB5B40E19F43AB7470CAFE1C0D3ED3B3B4778D1DF6D4F837C08747180FE8394F2CA1E0A46B6DA62CE2B2DABEDE0B1924098580FC16B369730E9E90541D3730D47FDE16EE1FFAD3419CDA05ED1F2715C607F2E81893AFC5936303F40EB776F1D808
311
BDE393A3FA401E1C706E154C892860AD74A2949C409E28A8FB3349C764D13E4D1D3468952B7B1B35001BF41142CAD58D6011C8B78961EACAB66E9AFBC627673B61FFDA4167950A274145BF11EA17BA9AA60815C2C43AE1F648E3772E53C94E6364AF826019E723069A8AA353A3BF7FB5359281700061FF64C28C10B9AF0B70
311
B0B0D30A31CD1CFD22F68C76DA1E44558869257892363C091D313EFA46B57C3BEB252E9C6BF5B4799EC58F1910F469E25AA17B343799DB3E33CF410061F96C6D63FA91B1000CEBB7D2971BDD39A2A76361E000F5DBC1688D47CB812DD60F8001AF25B328D173A9E4BAC18CE9F1F628704330741B2649B92E9714447C68559C
311
6CD2F681919367E4811100750058809D0230C087A89FF3C80C23C4C60882E481F48D531764BABD5CCECA308DE2F63D3BB50373D630796126803C2D1FBAC148F7592881B395ED7D26B7DD38D7096AF98841CB37592561D9C6565317AFBE9FC4AF7371E060736C7635E0CBA1809FC80F544DBAA1F2F9393D970D44C0615A0C69
311
30E758B9E63AE690F73045F0C8C0731DE9CD80F718E94652383458799E02C06D328010011C7090D8C5E5336A83D4059953877EA1E1D66FBE994F04608C4C991917230FB61F9AEE183A40AB9108D032449FD1A7283DD25ED15360EF7EA9303EDDC0043403531EDEAB10DFF87F5E2FD56DF0F1B701A9F614DB17FA0E0EDF6FD0
311
B1622A81FA3D1DE5A33F551930335C353A87F9AB05C60455193448246944A232C5D07636D864CDD7A50D0B4440CDCC465D1C418321F50E1648D500294065D869559EF3C40C8FCC6C323E989AD0F0C73142480B200842802C061008B480A9954AF282052B3AF67350FD0DD30D1F4075AC303A5D490250F5400ACF479656861E
311
4C77AFF327F3EBECA4B57B6B6C8FF62602BF150744656A87DABD7BC6BED50527B2120C001A0B3718C74F0C65CD34F275164D7968148DDF259AB8AD6CA81CDA4E8819509B996A7F642D987A401A2B04018C01E6C169A8700F9DE3B489DB2BC49C9B7B858A4F50D22AE15428FCA4A1EDB20C83492690CFE361CC7F8C8066FFD0
311
D77AEE797977F468A36E0B0DFC87F90EE6348BC748F7CB73B5B9DD5C6EE7AB19ADBF6DF359F1DC2A0F9E44F213F8041F64274C0859A2AB7C37440FEDDD2F95BE44065F22067E3EA0CC3BD8C0D8194EAB291CCEE20B9CD8E02950AD806080047A279F19024C837C848816719AC4A34DF8F0706CED904E8185753A458A27E4C1
311
E37B5F30A104932BE140E0BF4E400160F320B054A8705042FFC47B4940810173F9C9E97240C7FCC3F3813EA239B745DE9F1B1F3FC2F9330374DBD1A7B475923F9A2ED81716D18D1B577DAAB9D1A0458655AD3CA7E211867AE7C702DCACCD291E0F798013DC01BC326087775C0833E04EA3778FBCB8DA4687A0255CA0AD210C
311
15661E4E92001A4449031D1DD27D327334BE830B64DAD90CBF537A45FBD4E94A7A88888E715B7E74FCD040E818BDC1BF5AC609CCCC015DED23877080FCDC47BD8EF3A7B783A17D33F3ADEB6D6BC7AD75EA7C7852C5B6FDADA6AFEFC2D181C03F8C40DD8A4AB5024F0B72E34B57BC1182472DC80946789AFB711DB7F1193C03
311
C893B0345F420246114D3EA71D04FBA731C0DAB0D3CD311B218F0D5A15ECC105D02F3AC32F13600084731A83220040019B03180634B5923D438300B05BAC80881F061095FED5D572A3323ABD83F1D37A2301A8C930AB3F66ADF7CBEFED30BAAD7D78A06DEB6A87F15491F5AB7E25842B6B34BEFC12C8A159F187C64B3CBD23
311
56DE5FBAB98BBE9583F0E3280C0076DA15BF34C15238145742B07080B1EFB83382F9FEF2239D003541041083C5AF9EF3C8944DC2030BC3ADEDDD9D27475800693049E05413BFB3FEB4308731512F13400D06F813368A0101D8D863EB3E75FCCADED124F532AD3F123F131AB46A93DF1ECE7F96CE9EB6C365C6D6A07EEC461F
311
C919FE288AF7AE1A7D012D291EB073735FF26BBB1C99FB706E972192819B7A34BF22424BEA1CC7958AC2E04BFC8E02DB90A4A1DD04811ACDBC181037864672C78F6C0EC3073A40CC49D5E813593B7002763BC6A909D31AC86F3F6E335C9E1C309BC58F16418642E2AF6B290A34FEDC0CFEE08FCA0F56700699CB73B9C99302
311
AA17BD516D7F1FD755A2B32B3FBE7134D3BEC813195BD355020A7DBB541539CD2C06E45F46FC0EE08293E6C0E1972176D9B678340AA1A4823404EF79B1E2347E47C35D0A2260730E0B513025DC0BD1C07E3366E9B9D17F767405FB531070700035618606F0B40C73C974CFD321B0C174A80C0F3AA54945FFEF348F54888957
311
13E89B5C98DA501E06D8D24FF04FF0CD7ECD7BAA755A854EC6A180AD13BE094E8D5D63BFD6DFA5F5D3E4DB1BA18FD8473DC6E17FFC9832B71A2A94D96E808BB53F9192955D62C82E282B05168AA0927D54AB20A20A74800B7CC9655C8B15F62377CA4C91641F9F4D0478F4FEFDCE273A002CC0A725EC165CE3A149F0333E8E
311
9600B2C05A7D15FD831F0938DBE5D0FF13E3C0F0765965A0961C3FA86DEEB0E28304747BFBA5FCDEE44C23544F7BB7BF7A132DDE34F99E44EC3FEEAE92F667A10F7E90B0E8C6442DF5A5318B0F816311DB2E6DC6F172C363FC800EE09186BB9EC82A24C0117700CD884AA42023B81EA6E0CF8B3056411110D78606EBC5AD54
311
17B45BCC8E61EA01C4006AC233933E35D860BC1B6CB9C9CCCE7840D2E0C1C1FFC11CCE54D59300F2B47D66A10F09D8E24B71B9BDDF98FB62A3B897C53EC88D16D1FFE8C649B17BB8E760EB20B784F52F992544753F2CBF642CD3C9C70D8722C197142C567E74FB431EE248A8F3FC00377F5142144A82FFC28AC2970A780C85
311
A7EE9146FA4B2981F3C93BCB0F3FBCB6DD3DE69C72B6073B99140DE28B8E919D9D9E7C2F5FA99FC1FFD07E9AC0965CDAEA0A945FADE52C791EA989E8E7A21A355FB37E44405D171B98A6E946DB26AE71DBD01FEF07FD378F5B4B518724481820890E7486E3FCE61A60E096D577701890EE07CA5D7F2B086040749FCEF3F819
311
72E510A86359C9BB579883035887542090614E5C4461705D7CA1CF84DB564838606CF1597E8119790D021080C935A908324EDE9F60A04B7830A33F0670CB08605B8D01BF9A3D435693FAB4FD84EF6754930640C1F9D74B052A7ABBA9F502B39DA3BF6BC7514EA4BEC71D752BFDC198EDA8DFE8F32B3EF811E4576B0A2074B9
311
9B070A069F60173E7427BDF285024E35A4418B7A412914F2800F1965C4F1120A2D5D2C64400563D5942044807BE7C738EBF3034C4A6F4D70C04ED1F97673C039FABC4CFF18866E08200BB66BDC9CCDCC3FFD1E43BEFC52C317F0F5E64900FBFCDA4DEE68768FFF46350E0EDADB7B34DBBEDE3776BC55599AF84E312229F931
311
E700D04478D66A0D88D09B2276141AF0F8811C5F8067DC04C0F90929F7F1AC9CCD368488AFB965C97B855A3E2E93AE5B4866502E55991B82D4388614F2C36B8484A5FA06E3EFFA984A6AF17D5C2073299D9F12FD63826F67FC460E54030981684E9FBFC22009A3006962285FDF4FC84B699FB5BEF3736C6072F6844C15EDF2
311
5883037DE6BB7AFAD6AE164B367812FA8CFCA6FA25725D99AEC5C6EDEEC64ADDA2BE0056002032E1D7A20A54CF444E360D520A5B69816C0A953CE0434A8A898BF18E2B704588C01BDB2133342F5404FEE698957C200EF54E31BE6DF4E888C9C67F5F3F1B41F922777E7FA6332677C20098C59F762F5DFE4A23F9801A3BB6F8
311
A4F66E0D40EC867E92DEFCE84C714FC7CE8DD3DD3BDBF9C781B1C3B549FAD2C89D711808CAB100E09700BB85240374A7209212F320CA577222A7020E7824500179FC7096C714884BDFD9499E027ABEB3CB0226CD293CAE6E0C41A6788F396606A073E28CBE5CC67D584D36CA39D37974FE1023253E3FFB007A26F657FFC901
311
D851130DDC2BF54884F20D5D40A0B7E5C7BCC7CC87B84F2ED820192CCE1AABA1FF24ADBE1D03635B5B3B53D4A5F84120125FADC36A0E792D3AD7E255792CD5241A4C84171F1104090017DA493D0A7790A7BDE6DF326180398E4B0DEADA5C2763825E43E05C388E184678C88CE6422606C017F030366981353DF03A753DBF63
311
70879F79889DD0BF75408724DB53C5B0063AB6568D02DC47AE4627B58D7E367A6000267E7840C23A0940B992DB98ED1C4731B4FB4DCFB6D3EAFB6CAC7646F0335C5031888CD74E2103380260AD47176D703960230370FBBF28813524C17FFFBD6288BB28E4F905ADB4A788B40B4A6201C1878BED224DE9906C4C79EF32EE67
311
9B9F5D3B5DFA137327320643909A823F62106CB8F9BFE4BFEAFF0FC7A6393EC7F64A698EFF8ACE31BA05ECE6DAB6DF124118D1D13F892F3D3530602E3F3ED3D59DFB821ECFA3D9AE85B1ADAB9E328DE738BF55D5DFD039445AE76D0194180F57B15BEE5F09C07F952F9A10372BC894CF7DA12CF6507E2A8916E0DF430C5194
311
85C55D61EFE209912D8C32866214E121611E22A0B1238DB18E86636A3BFAFD5B4EE02FF1E505F902BDF424D0516907BFC95EF3A76B6B3872769D67E25B548F0DA46E2B93DFDFD5F2B9E9EEE1EE1DCC7FBE6380DFBF38A165CAC73DF912AD76A4690D2B766A3EB4AFA2D05BE543EA20B095FB17AE3F1928D84482049B659E67
311
1A4763CFA567C08824913D37F2F92F841FC244085C1681225C04AD6DE1684831682CE0D6096B56101C0D4FB3A1BD3F11FC1105AECF5660BD3FEEDF162B0D9DEC6DB55AF27FC98050BDDEDFF63ED14B01336053A19DE9AEF5F5D9E9D9F9E19ECDADCD497BCC57681922F327EB41FF681E17C1921B04FBAE371AC69E53F98183
311
E91B84897A5DB164158BD1D12FF6F6BEF0E02847727BF2628F9FD48B6FB11DF6928C868B29590A0606F92140D0C08850DAA7DD8A5FE8A50389F61288AEB743E9C801BB67DBE0A7F64F63BC87770FDF57AA73FE1F5A84F8DD3AADDFC32087FBC0A7D645C327B97D65E7A8BBA76DFD9BCEE1B1CDE3F5F7CE4E6DF4013ECD7CB6
311
0BD1239E8A4E9A5722AD9C4FAC8F7FF17B214AF8801950430639A08E3ABD05A0D94E253BD5951C885B0CE750309070555FF21F2EF83FF53F4E15038B8D8A244740A5C9CBC120043DA0B323FB1DA0A4EDA268C05A304619505000BE10415DE898809DB6B66896E60AE347ED3D6DC707CB7D5B5BC374A158EDC343D0EA61C217
311
D4878CBBDC1D85686782C3CF4272E7DCFB5E9EF628F5A95AC1AC0C6848F5771329EF8DF2BB79EFEDEC8DBEC72EB7F245287FD4B31008AB38EA4D52F2BF57167159E3004CD8950E217DDD6F699FC763E9D1A0AECC701F7BD4430A3E030374066938F883C01DE40E7DAFD609345E33570F4CE6BE467FBD7F793B5AF2A9D331D8
311
6DBA7BF98067918F9FCDD609A0384B523F4413B574B818C6889FAEFC5E7B8F90CEFD62BC2C85B2478D54DD076635BE434FCADE68B3ECF1C8708E27863DBEC352D87BCC7A92A8E135700CDE65BC114026DE5DB68275E656D2C0D4087293D43BB4C9C14EA83C0D806783B40DD7CD4F19EE9F33801F55A3F1FD600017A6CD5DE6
311
07783D5F74E34680E7DAB98D99F6E5B5ABC7F7DF19D8278322F6A97FDB2FADE1539BD945DDF868EE2B8B70D9EDAA45D1BB0A5801198CF1DA891540474745BF0317F8A3703E02510AE94B084221F887FE950272D62D4232781054A87C58D015CD45EBF9B70E60820A2056E9D4D619E8494BBFA68B61EBDD8CF52CCBA124BACD
311
4A4077E8420A7F36FCDAF661E577B792A7E1B7E337C7CF1FDEBB3B49F501F3C7366C1730E793F51FA20A9C3D2E9F18E63DC277449054CEADA36DA0807467D45F8A744E1BDED725A033868703F1392BBE221158220588F30574A0B0893D0515B0B7C404AD0E7F40C11D504C49BD7DA39A85A19CD7357DFC966E5D92272FF06D
311
59CA5A6A1C8AE30E52F1247C1F1D78F81887F9F3E387075B170F9F5EEE4A7F5BFC69DF02FD8795FCFFAB472E7C88D563DA514861B85BD41594A75F5E866BE69471110A9F75C8609C7E6BF6C7C727431EE3E9E3773D2378C25226E82C08104A57ED273FE0921D6990E02B006BD038263BA360355E8DC446A380F0BA35FA9945
311
A80CF60DFD54054202F91897C241C147D59F8E0FC67CD0F2BF377A3463F8BBBABCFBD6833C57E214AC3F5AE9C2FDE88852968F20337972C7E04EE5658223008AE82D93BC37D8DDD900BD6B16EF221F0D4149045D740A8A215D4FC186C658E01994B8CCD317465828704BB630DA2243B3B4ADD3EA554A97408454148C04A1A0
311
CAAC2E04033C04073851F54380E0BF2DFFA43FAD3D6B574F2E1E5EF6E5F4FEFBD1CA87C161FCBCF5C7AAE2F726F814027BAE10F79BC3D765D61D1803952210A9AA07F8C6BB2105B61145B324F96014EF223D4A9261080239F03FF6F4DD4975C183B887E081F7A467A25EAA0C94028FEB808637768B07400A8235D4EF331432
311
53198900E079E3FACB0C59B00F827A5785A6FFE2FCF0C0E6F1714F11CDE5140D931D707950631F3DE877F300002000494441540ADFB08704E252AADE1BD4E8DF55796A32B9B6F17737C67702E5C638682737286CB0E0A89B624D5BF28222432848C9AB8C07170C97B814FF492A61072407D638006F7C8400860444C01B1930
311
A522788045633DFA9507267A3A42BA05925BAD705CDD3792FA23C1075C6EE768A673919EB6C3FCFE7629B7310AA794CC9C0D14A1FB88F95C845BF22543F57996E0B26C9E4C2ADF187F979F8A55F11B47BC26594C52588518D25E6C2B1CCED231EA1B748F093E5726A21A54C91EF95789041030C20FD5AD68613432E19A4D0D
311
A2505B6BD843516E10BB00AF9AC315EE9FDB39CC1F9EA59CD88F9CD071D470C86C4647FDEDDBB1CDAB81DA94034747A779F4CED497CFF817348F69F52E55490840E48840BA72DB71F3E84F6DA2F4717AA928F153DA6E4C7E8E00363CEC9A2E1C8E65F298FC4A52F087FCDEE5CBA38A80CBE11FF7BC2AFF249203FFAB77A128
311
A001B1987BD334AD9B901890A8C2005B6B248196AD09C0025ED841325B31845032E327C531C839E66DBAB39566B631C2FF0A1DA5A3CC47E665AD8751B47CFE33899DF047C9F3C365E3B11278D49DF939298E09002F6430F9958803309827A7C791048CA070061B7E9A64C557D235F83EE24822E5EAB805F9862F20FC58F483
311
DC0EF02181F572930205107E00E523861895A2811309808F2B6C14B2AA579E893753C155D2F54302007E9FF36AC5FEDBCAD47E182D91A73920CFA5C18E01F8FFF4C3F1FF553BCAD0E58DEF85DD63B91BE38ECE1A9FFC4AD4A1FBA30D462C328C5A0340DFD393D3D3D3C0659195C96990F391EFF4175213BC74C020922D4830
311
FE215E76940962BC0713A3B82784C0CB6623DC40D6E1485BAD454F6892200B225096127FBD82D2B12006BAE2E329C771E25FEBC0DAB3B5395289D56D7A8A89081B34EE06F80F819EFE75C67DEEE95D227E283FE98A7B9F1C97D2D05B4D07A469153C3DA3048EA68FA667A6D90E291C7D7E2D063E4D044964D055F2DBF3E31B
311
B851AE9F78A0A7314F0AD24901F581D74A6929142039C65AF5830D1C809536CDC05E4BA51038F79D713DA930CF18BA3010E385351CF47F74D439BCBC793556A1F99814926AF12835E251C59BEA3C083EC2B2760FEBDF4304C9EB87B35769E1EB24B648542CFA4EBA9EF93CD42F03C08F249A2C98897D8E2225E90077823F4A
311
52171A61219998CED6FA050992B6B0A74A2220ED12123004FB977084208F8E2AFC80F456CB110BCA647A3A0F854085D84FE0052BE31FFE7F925610BAFEC06FC33F9931BF063F39DB3D1BB20EE357F594045F4226131578582CB055A59A073AE0413989D215019B6EB8A21CF154D71164E0D8F4E730C2CD382D098DA5261456
311
A425643686BC8301710F2C50665881399156AA2B4C3191BC555728384800CE10040F746A3D8A80A5F0E500A93456FEC52833BBB45203DACCA37FE1D3EE4B9BF0EC27ED47D89B8266F11EA2DB8B5A8BB93EAEDF0C06B7AD0402B9EAC6E787365535AF19F15158308A9D9785C1BC1C01377F8C6B4D07B50DAD25649764A91DC9
311
812C7B34CA98184084F7C01055466B48058CD44085AF26648520C85C41C67805462D8425680425559F4440F3ABBE1F3F81B1EC72708767DDC8FFB6465796C8FE310FEABE0C9B242A74137EC3E0427091967023299BE5D6D4D0C6D15747DC2AEA4ECC57C72856E827D33CBD319D70FF854369EB841282F84B7CA4881447ACFC
311
B257E252E00FBB3272120A75B99119840858486615636E0E0334031AAA8C08A62E080053A0AAA4158431EC727A084021D41CF5D630C94184F6FE7432E8F5F9A4FCDF3EA7CF136FC2988093F98ED622E38E4976E1BF0CF49D2889E6DF3566719FE1F9B47A2D3BF89C69155DCF24F88C609EE551160F0415900B4C48FB013D89
311
00A9192A700748002924771A3686A0A580FE4009E00ACC090253E280B90AC15048E047020483A038A60ED232831F2CC90498648690D960C48E439F18F4DDBEB0B6F5AC7B7B89F6230243B4FA160A7B9327F3AD5D937C8BFFE5FF8B3A5E64283BEF8EAB9F71159514CFED62DBC880614AA1F7994CCFAE7D8C87057F45173369
311
9B8DF87056E1F0654B5021E38097E4E23221B810DE20559AD183A61C2C88A648DB096081E9801CA00BC1DA0124E08DAAC15FD2936905CA8DA1C40E42B13F1764E0C4015EAD7F8BFEC99A310B1B7C0BCC7746D3C0702759C89EAD57122092122D1F857067684A578F1DAB7EAC400841F493A468113282FFE42316CC74C756B1
311
C880FE78795C692813CF4644480EE9B02991BCA257A71861F00666D9410288487618D120D0E80D7773E2B7DD180E100EC98B221C94BFC4FF531A09B986230F1CD08378A8E4D0FDD7D9B1BC75F5C12EAD7FF83F3ED19EB018620303C217A6A35D826E72ABF2D8E2BB1B783F6E48D2E3F360806E1D192085D022103473A10375
311
B63853EC54F500B5B064DBC20945B88160DCF7E4F83A0200BF6FAEAC88E9F54D22D898E43F378D20B51B5D6B1457000922202800DD401A9266483029C0D6D57ED80D42A0E6E08835F0F3AC73D7FAE6D56185F04FC44472B854EB7D9CBF7134DF3DDC35A9F6B38417DD6F508B37C1A718B0D054124176F7222F62DFB327F34D
311
451799D56216880193254FF782D7DDE26C271BF38C6E422E271CE4AB8823C9510F021126A7A944E00DB4031D013C88EA0746C96D4574069BD5439C4110403B40020C30B07A604F1E41D19C21A93FD9002DFC35F23B1E7B98E95E38387E3603FE7393680410D702FF9ED5A3C5E5CE68B5827D721FA78F3A9A0C08A79722D9C9
311
B418F46C0057BB1640C70AA4A03D29CECF33987596D53CFB27B32C3BE304C540E14BF8464E080918268D254838C91A01F0FFB99154FD8A9C0495EAA6534A6C464440B4A71E16100E7405088122A35F7A511DC003D002E6C8E7E15F6D1D2FD09014139EC11FDC89394621F77B9F88EB5A583C41E2FEDBC8F82334494C0BFA97
311
FF3C3A34ADE60385B60E5A30CF036E5E75370BE3B83AE73B3B7DC0BB337DA0045299ED0C66681E4AE223D01B1BC3BD4C921E2005FEB5114739040758189BA8A320067B62A3995E4720055065AC2B4A8006BF8CFCC907C0063EACE41813C5F017065AD46CFDC6FF1BFEE052932CA3478C8E5A6F25DC8503D40F61FC1B047E4D
311
FFE8E84407C81F1AC7B5C79DA358551CD0D13785A9AEB38D6EB68A0A8087FC6543E7471082873CDCE5CBEA1EFC5CC0579469E225428E9A43D6A6000B4219DE52E8DF00A55F4BF5035960661C2DB88AC1F67C2890A93FC420193C8326409E7B595FBBBA9AE1D1511B3F6D65B09AC10A71C2317201A603E88C56CC68C91279E8
311
3F5C147787EFE6C675F00941D23EF092920330982DF38C65EDFCA89DA98E8ADDECCD77CB86D85118F3DD9884820B1128010D02F1060F582871CC8FF42024C02239273A1CC3BF71E770DFB7E96081682803188118B50310BD620234F230B12711B063E0F0490FCDA9248B580D3D3DE944A30CFCF2A1E0F6E59E8FBEA289CCCC
311
943785BB8880ADA9C2FD70F6A13F5418444E3A669273C006C4B4EEEC067827539FFBEA9CFF04D84E7F170480037005AAC8829084329899F90B5E013927F8E646514B4824B01D11F72C012CEACD163B6358A4454A4221D06E68A71062520649BF9E9127D0772D6E5EADED52FF216BC2FC513C7D3C5CC4C8AF009811826AE202
311
03B076A2AA66D8D32E317DEE0EFC000FCE16D9E0BEB17C74AB009256C5D8AD1CBABBDA61402612C675FBD72D07E633B1A42F2421208CE01397560811204306617A5141706105C9F4984C459F2D0F6C392FA05BED808512B0B9A8A9FC6CED89640EA347D31F0DF76D3D9E61E800FE9F7601BE4C9614A1C58E6C839F13A12D0E
311
B426DE6386B82369A9E6A7F1F9146EB578A2EF4289AA109B4F6CEFEC0463E0072A05CC9DEDEDFE08407B173B8AA65399C80B2911252E6290C82CC1B8909140C11B7AE161B42B93905045D017E00CED6D27AAA15F2C2179F1E83D411A7020B9408D202381E7E5DEE5A9E7E5CDE3B186433F488AC81554BEC09BC579018ADD1D
311
CB3D9D70F02B14BF9159A4DA376225FE43DA224FED327941705DA582B2FD1BB5DC0540667B650BECDD1D5DDFB0C7F36DEE2B94F6EE2EE4E426F20A1174C31DF153321A24114C4FFF25E505475F6906D4149B21F1BD9D9DF7B059F8E0FD83323CB97991FE80EE131A9003B81C491B218B1D42C0C0D593D9D548003839DC29A7
311
40298B0C23F0CE14BB167BD61989AEF0B985C8FAC8F923A73F31953989F0F6C96CA6C4D0A9A88184BEDBBBDA3BBADE77CD8E2FFEDEEF46184A86671D7DDC51417477BE9F04804F305AC82C2D018A21EA903866A0F959FBD4139916D036635EE03DDB7408BCF0627A03027AD314C09B0A27F0A79490D53839D0DAF1416995CA
311
B24101FA63F75029D57A4CBBA9FB4D120ADB17FB5A999FC9420DFE04FA670430B90FE7F589F7FE8D50A4B5F004CE5F07EB4EA007F8AEAE8E8EF7DB3BE2F81F42166C7246FA9E62D02C8209BA1024414C483498B50229FD923F2414040B2081390AAC353B5283EADA12A30B1080866D746B9ABF5BC107F33C2A015B27548075
311
9334B83AB02175EFD0DEC785DFC505E0064F4EBA5A97073A74C5C9FEC97BD25D819E28AEE661FD2732B8BBFB1BF13441B3C1F45E8AC1752BBF80C113DE960E0AC7D9D02C58C80505A19BA0E84B14402601A590A4AE00A825E98C3212342302EE10FC5100681F86834A2804BC409D70270A2091DCE874B16BE0706C974EB3D2
311
6EFEDFFCA6C4579AA4DB781708469F055532A7046C6BEB0CF39F3ED2EC4FBCA3D00EA91CA68FD2B87B5C191E0EB2C300F00A1C9881F263571C6CFD83D079D09F176FAD839340CF030F70458F81F09AEE1329505150CA0A00576B56C06D58070B23086F685E44232D9D53DE3FC3731044F286D19F459351863F749F1104198D
311
6E14BBC68E17CAE70D7AFD958E350BEBBC70C9C4DFBA075240DA27D40AD7DB063A097DD3F041EDB3E4B682A7A12A548F3393DB01945547175879989302521EEB1431B08759B632B174E0F700E774FCA1BB83F95029ED1A084288C8893520E49415E00DA080AE8027C34206D35491D050A4C6B080F6A20889A2FF82379AB623
311
4F6710C05F9080ADF002B9C9F9C583AB220F45D618D7E7F7547FB27CED8A8B7A7D24EDA4988B0C1C2A1AFB53FDC61BF3DE50D63C560F0120B0372F0839DDDAF13E583B868717C1CB8CC71D1D7F440CC82184803144196EFD58BBE00B7EE77DE8C015942357FB06FC906A5E2B8882CCF9FFE184B0035A5CF186A962A63F84B3
311
AAEE3D5A2C830008807568B6A9F424086D2095A3E262DBF124350082C4B5DF4704A9D2C93553DE47BD6766B69349610716999FA25854F759CA9792599D3837ACF6247CE8597B0F960FA3EC45B61715050260C5844FCCFEC9666BC71F875B17E3BCB4CB151405D7D08F846B4CB952248B4603CC402B609E90F0044A007FA800
311
EC46D07A51232B00E5683C55D5096E1374DA4FCBBDE2C25A5B8D26008227CA7758033D7D70DF12CAF7F247939F93F1CC63047D63ADA0B7CC8771B234D8095FCDB577B586D1834062035670E204B245EC093FCBE15626C10D210CB38A13F50E10A0D5C0814B0C4B30AA9858516001669002229618F100767AA3D6D2528595FE
311
7A398C2D2300ED0013A0AE60B91644A057327BD3C36BEBF48C91279B45F8BD145494674AFB211A91977CB838DF35DCB3D6D6AA2FB2784B591ED785DFD7DB77747DAC9D2F7674810EFC2895F9ED8007EC7885101679C06F21E4B1C8A6120956F80518D1DAF1717BEBFB5803E20C6F2A11B2E48AFF4AD2810A70054623E341B3
311
D1ACD92DA91150DE631EEB2C28882D092049C0DD38E262A7BD6F98549930C9D44B7C37028AEA9F8C5628A2BEF5704C0DCB2B428181B1BE766F43014498D2E57791E4C8DA6BD2ABF5003F0C40202E2E32EDFB02852D16C30B7F646B98FDF86C7891690043128B0A0DE6B4EA27F08C30CA34C9D0AA0852A5997F8D11A6EE84E0
311
40B20472020256F4AFEBBB74E6705A12083B249089218E6452C8E5A69717E904A3F5EF3D5D08EC1F4D4E85086B238CFFC11AB9AE972CB775616C6D1DE04DDF073B4DE3747C41FBAE6072901CAD0237100670C5A00C2C3CE063610ED824826C1F6650700E88C00B62468903A0D71D3A390255AD7040048348C56C4647413C2C
311
2561216E0C469203EF06A5B101AD40D0E207F78B124747DB5B4BBB4E88B1C373C114E0470B345156EDDBCE1B4DBDF81DBC400746B0B54E05F693707B89A5E430982C2AC7D10DFF11D5B102B9505034B35D07E8E5F585757F088B390F2D4C85CF7218E8418BB4F25B885053D07D5A908326809F31D6CC6B77CC948413B28664
311
484439D118DBAC27DB5AC40C1AD166F25E6A2F0AE82100C0BF220405323E1FF80DFC518CACA8DE1003F3C9FAE9C7B2D60703A0004F8EAEAD2DE0F5485452D15B77B4B67F4C2403B8D8F9C533558ADE058A9E177A1698F75DC0EB4C800F74C0270178C8579C1FACD025F0560844502D2BBC01E620030CB93636C1041636A693
311
949CD80139FD15BE107F905590A292840F8860706D07E2970A2F15E5B13B87C3143CB2930374CC46A6F9B9D7A5CCCC14E11B9E879A49FBE27ADBD6DA82410FBB94FAA8487D61B51F4BE0A03FD08743C31020D6628ED20305A22C2C2FAFA7ED1E7881C438AA5B9035F20759E243C51F34D0D5F02F11403B9E204CC1686C0B6C
311
9000470561519CBE1B0E4FBEAB37A39EE4B84C05F023858779341991F36D9D9F351E7BB3B5ADF00148D9D05784F9AD8B037D48C01BFA83D4247F03BB768BEEF973A14E610090D4B96B1EEC5C5E66928F28EBEB6CF578B067DD83086081579848E60DFC7684044D8174993C39F886043481F6A2B743B18749E52447CD4D2305
311
13032D20D20206E536E15BCF7B7D211634F98FF9986287F33F9A94615A5A0A7CACF8DF5DCC1AC6EF9AF1945EB78E0A2FED1DA2ACC00EF983F9A012260BD722EF61C9DBCDD8719703ECF839029010CA0B9F100B1D2842153E01A1A3837AB579516A31982FD2908A09100DAE591016CBCD4B011A2F4DE299E1338CE065DC4841
311
BF9895D8C81714800CD08F5AD39601BC929B55D291F6CDCEF2AB40DD5D98F4E6F107C47AEE4A09A079C05316F479DAF4C2BAB83221BCC0CE23FE3D3D4C7BC9AB673D89A3677D6020F6E182332028012FA0FBE0B2668FB85485902A8E7FA0BA2105C213E20BC2169211A4BABA7D693C3F1DA961F203694853137073AD5CD25F
311
1C017DE0477626D7BA55B88F83B5EE513C41D814639FD1BF759171F4577D3CAB0C3DFF68B2D3B1F8478C18F67BEBB2598FA76A4545E9E961BACF657E0791D2373030E0EC9FAEDD17BEA7703A738185D08236C407448A4CB504CBF01FF43859D3115488EA01B55078000DF085911805790DE1B41B6F8CB2889C3834FE02AFE0
311
7D85143C6C008438A944EA63E047023A7EF37E13B0903AFEA7BBAB9579330FAFDAACD540022980B65A75FBA17D388F1E6576405CCE7032D95BDA420E7DC0EFA320879E5F8B3B04C1D2D9C1114210C19FCC49DC6A855E12010184DB8968109ED016E4683CD552A36B3AFA13BFC2114068935A7E774CD2C7225642B733259380
311
52D8634ABC18DC9442BF9E0402E85B42F9F3273672DA8E8F1070405D1DC3248487574CD98092B8B956E6AFE1566530B78FAE05B4A0DE51FBAF85DD075C7E11939F80E015A58D1F87E400CFFD2306C4D1D3C634380A201545A92BE01F445800BE12302AB477BD6F62600D211232EB061448A0D2B877BB940D63D059C37E0569
311
A83DE93E214F4BD86209FF6F479C640AFF8AF6D1BFD987D029A94DB7C329B4184D4BB013BF912FB88FEEF913071A8D82B651BC10DB067A7EC52FE1B421883144C00F64FA23A11CF708BF16CA59F18D4C04B8085964B2D8DA4A855187000BE440BC816FFB13374640B0EB1D0998AF38A1AEF503F14302E2811081FC12EA6CD3
311
8A63B33035125F40F170C0B0AA45E9FCA38FC6D688D48563B5C4B4B7C359D3C7AE0EFB16ACD5E2FAA47EF8307044B4EBE1C71E84E742D81431FB06B90B600B9C239E277A57C94C427EE10E7826980C0136600D916A06058CBE8604DB4D314FBC014EDAACD0820F14BF75449B70339490FE5A0491221BF95F949DF1235380E9
311
69AABDBE2D32EB4403D3FDF17F42F9A0A7C28ED75BE86BDB7C7EC80C76F86B8800F77B305EB88F00A4352E0F8089EF811EA02A3DF08F7DA008F803BE4B4EF5F41E56087099E920708C3D720916444440FDFA013D4E1201414123A09290F5BD7AB729298209C4306D007BB0829FD4EC3A6D7E4F00B67DF38CA0764F832F0448
311
E58439B952CB4F70DF964AFA74CCFDBABBDF273E2FF4F56D3DBFF2A78D42FFF2755DF307066497F44062AADFC0CC546F6DCCFECECFA232E14F408F05477D311B683A35BC245FCF8A5CD2AF20022C21022266905A5BCC8B20235D6FF04019CC04058AC80023662E25F342063165956320BE50370F2A657BACC817DDA3DDD3EF
311
E04028645780A768FE38DBA88BF2EF3ADADFC7FEACA952E5A77568ECF0C971DF32BF1D24F8486B22A649EC81B1B60315CBEFC026091CA45F858D7D04C1B437079431E63E38F880758842E780A9E03791C0FAAFE10012588C3C592FE35461A6047802BA18686887023A422A49599399893103942CF6DA53A8E387825FA0678B
311
261F139F801E2B17C901D0F5217E07AC2401A87D0480F753FBED44FE949C93A1D042B879FCE499B3D861AEB23F9C1F372F0C24D0B7D6E70FE1AAF60F84BAE642D82F0A9F53E22783915518494FDBC0AFAE7DA282E5050B703570E06319A015E00D693A6BEFFAE493941C3B08C13B96BD20D0115A9565701DC58568A3009DA1
311
3E965765C03091F0FF339F7309D44F6E61F837F1B1FF920450EB8FC48F9B40158BE89C81A597CFB0DAF5F5755D3886DC13D4479599B583758CBF35663AA234F133F91D3BCCFCE0A794367F385C59B19431780F1C099131384056616E15A1563B50021D369C593FB292685A68A8B2A50A0A2085CF05434617E05FC24A6B077B
311
990014421A68401AC4D65788EE25F737EB780D08A6E38F060F2ABD889E1B889C44852C2FF368C1E3E710D73B6589EA83F7417B341ADA1F639A23D15298F087AD0326410E116C3A1B325218433C71AE62C07C1480F1C045629724A076A4BB8D622D24690486727F56108D07046DAB065000678E04C4F8C342DE27F4AC102D85
311
4F2D08D59B4ED0E4F697B0FF62F113646BC5B7F3131D4EA8BF8B265EA3F2026E7061B96F6DF3D993276B2180B8E57067587428579460551049049B074CF8B1066C7E14C705F0B39298C0997C17F701097023BAC31081390196801FB0C2A12380042927503D5A01CA127F9841B460310639C674BC8CDF1A320501448E006890
311
5B07F6E5602F8C1F07786253438CEC51AE61FDB25FF71B09893AC026A9EAE3F30F369F5D5EAEA5801FBAD3C98B38C13EE017B054F81A56F05259DBDA64FE270B1FC4C77200FE276FE814B916E222575ED717A62A92956504605268408CFE13FD61F84252228376060206802B9550F00B9D47E6AF1022538A752CF4FFF1F593
311
1384A9FF8700EDD4FFA2B93FCBFABB3EA6C607FF714B0B8B04EBBE83B52B246092AB018C0D0002FC490849F1E214AE6FC42009D6D86616C835B65DB9862EFC4480C14137603C3089D0A5588FA27E693DD184131BA4E88C35045ACEF1CDE1A82323C20B842F2419604821196EE8185BC834AD44F8E9B7549A32900196E9ECBB
311
E20FFB4706861AACADBBFD9B56A23FFD3AB8BFACC18B1B5AC0ECD7B6AE2E2E9CCD2BE8AF1B1BC3A813B94107E82DE67A42E7CC7D4A6116700B5B2EE3C338A09B840F07C40A64800D7C605AC42B72227C4C7020AB1F20056E26F542717F56534261DE3766AC10A6ED2D006DD03BA9DBA507AE0510A8B385C92363B9154167F1
311
230C40D76AF6F3BE0CA08F8BA2FFBBCEFB09D0986550E0F0EAE2F2780CDF850CB0F88CFC2815FE87BD83909F474F45DD47F1C821DB2107A8817FD45384F57891B65F2543D0C1E20A89B4A8DF806862AC27C60F6A054627FD344250718AC0FA21CDC4E28DBF2650D1B39D8B8A420C348A4F846E2BE824BF8C45E1DB8EEB52F5
311
76F47A75FF95F90FCE0FD3A7A08D48D5B9AFBE3EA658E1676FE3372FB57F0AD8D70ED4AEBA3D4C2BE0AAF1C3AD63A6004D12900CFC481A47430C9EACB390038642C8C41B13303166614210592736B8603AD4FAB17189DBB32F3915F0C380795A089A15228460BDE8E52203527D41B5470901B088D84FF8B3FE2BA7F4FD30AC
311
AB3DE0B7E2FF95807AB0010FFDE3A048F7360F9F3FB9380EE537F16F8673131325D3351A3F664022020811A0FE8C019CA17370725CBFF64132025DA1BE2555102212E80A907FB43ED80A991A8AAC183932C19AE17524B06590B6AD286EB99BAD18FF4BD64BAB519202F992A963648ED30E7521F909F090C0213E367A77D883
311
6BEB6F34D92EDA624183070248351F1A079E5D3E7A9EE81F2CE6678F92E299EE312B6C0572C0A7B5EEE07853612403813152C7125E2022A20C18F855DBAFA399817FC97FB6E1CDCA31D348434ACD0012F0D32A5456B4007E6E92D72B1A4E9971223A42C1042819E4049C0C5801300C0013FA48F8944FBAE71DAFC27F1826FA
311
2304ECDF3F6C10FF47D5C7E49748DDD687DE8E91C09394EE0682A4F84CFD6067EEDF43E67EA46CB2F4070160439245F00343D03BF25D7E2F26FC400A896DBF19FB8D4D0A66DA669C3D608F9CD048A0533621B25690EE19D5D15248E390F042B12C682511B02BFE3E5700E4C9A9B2107A8F45248FA48234FD23005ED1F4EFE8
311
0D1320836F04003BF42856D478D1DCA3ABEEE3C68F9F30C3A16E5C238EA5DE3FF37DACC2F8B7980033F47FAC34421EF0418A045394802CE032D61C70023D788136788613887C0011A4EA316E005718AE191F8D0D841B9C679CD2FC478442D005429166F5A24403B1E6ACF3298F388B6D0BA933D92339D48969A5C11F09B4FF
311
017A9900A4F887010C474717E10F36468032FF33F4AD610517777104CD920C3CD15FC5F3B3A0C75BBCA3B00F2724863C10BCD4A0E00736C7981F2F72E4B001438B99714FCFAF713A2603BC710376A1715FC602022202E06FDEBBC680A3DF1C4C095A12C50B554FE7623B50374FB2129DDEA4C392C9188077658C87F55FF92F
311
FA507FF03FC8DFD3F31BDAB46DD51AEB03F7E1B38B8B87CFF47EA1479C3EBAD5C6B382C221C0F1B358B39D76D9D3142C4A20935F541E492E0EF081BA41B3620A8E172B584EA1485632E22A8221CEDAC6110AFA4B6D43E2B76A18AB240BB24337721C9321D2C033B2D3E2641A55A400A28403C12D1DADE39AD23FC5FC08C47A
311
64DC3FF6DFF76B5235124022D7E6D6D5F3CB870F9F31C96FE477FAFE54100068A3A87FA5908A2C08011CF31309C10025B089FEF9C510522B8DC07C30AA469841723A10C08E27F00F7FBC181C083F2809EC3B2B328E294AEAD5A071B3A95C81D2DE3F930372D022C9C793535B92FDAD5426E90490C3C81D000017C649444154
311
4698C416520C1C40C71FC204B22448FD9303782FBA67089A1A7D4CE38E89050FEF5F1E078A4DCCFADA058032C34C1CBC2E1202B1F8962B1A8024F0EB7A11F209E96FB369D4B64202FE7BA230AD24C46413536EAE955B341B726C593B5D4630C0BE822480908522B0D85430230352618DCD4F7BA6D568BF4343801480006658
311
EA3EDCBFFA9702B4FDE9022163C43F9B72B58001A23FCE6F0B3FF0E4E1DDFB9801A6FC42FD0132CC1F2224F89933107AD30B6C9131A53818AE944BE25A70810821C38F098411980E46D108F483DC63F49B91B852351604091D60546702F58A3872A1716411B642C7629C267E64E77719F46B0548FD6BFFFC86A38DBFADFCDF
311
700228C124C8664FAA02BFB1F92B09800876FCE4F2D1C3FB4FD0A44E0106A8DB8079751CBF0BD9340066C3D52BC64706467C05B5A54401BE4A1B0132A55EAC1CCCB10D378A3DFEB9812022327745EF2102886A9142C812A1A2C9708027BB55B7006357459F9C2080E0BC34489FC629510F3017B62D5073E2A2C64048A0A425
311
80E413BA9E08274091A398EA80B5BF31C87BF5ECF8F1C5DDFB4F22AAC181F070AAFDDAE5650C4000516440D8806786D874215149E69ABEC43FF0EFC820FEA112B0522003C84BE03FB76623513B6D840820358B084119B0CEC8C00AE888826339A54091F5FCA513AFE147975BB1A86FC50618D9D74502F0C7C8815AA306602F
311
EE3A5E79E0D7DED1B221001118B73182CD439A092FF801105D1AA14E1918EC282F6260869D55108065988BD67F68E5581720A708051F7C8070F582389C682BE53F2AFD85853F2A013D21564028E06E79B7A71E43212180A81541EBC88F451E02385100491AB0C4A3BC5309A95911E66D04C0B448366988ECD204C2FC930F8C
311
EE8FA410EE4C25B58DD1B6EBAD83F6196670F7DE635282C0A56A851AB035831725F0471A10FE52097089C80495804100318405F0DFC2136004B4C40705EC9154315129205EC357930035688F61AC02188250CFA9A980233925F16A117A48CA54DAB6400221976B75D863330942E20EE3B00B08FBB71AA813B0E502FD2B023D
311
F70114E0D7DF2E2EEEDE7B789504200112075478F2FBD6897835C91F0C20782401E801A2F9142700B74805703426023A81CC0BE88B537D0003E0C5181D29EB8D83050964DD2580910A1E7A8138F76253DC01DC2F3824391AD748276C0B0CDF12366625D038603D0003E0266CB42704C8CE7FA7F11B4D59C0BF454A78F8FCF1
311
E50513715D469607031272358F04E0003C90107223A581218F10008B10247CD20D860FF0BF48801040B361808148714764028EAC137E871501EFDD97C89B52107FF1235B0928C562530082573CE137840EFEF82A0BDC602736C595912FBEC69E6A3A26903B3A300C5A098A9E3F1810CDFFBA019D97B4E7A7A075850F2E9256
311
9BD960CA7B8304995FD006FC4213BB1448A6F4BFBB3A9F9FC4962D0A1369129B10073771FEDA38B1737B663A71C088D8848027FC3008DAC4E4397A6F76271DFFFCF77D6BD7F1F67DA51E0E08875A6BAFBD6BD7AE52CC04A0B4A2206F650EC412841A48258258E8662C3838FBE21E25172C2A15A4F78D82DCF68A005DCF0704
311
7C183E1CE47731BBCCB5469D9169E0D588945BEB637E87802A03D88FB82486210D28FB3B858D13DC7CE75F5E6F3B03C1744D30CC58C7C7A256146853A05243060B850072A7010CA47CFBF9A1E24F414037B8781E8E9F219A774B36481CB43E48A79819D638C8760D672FAC19FB9D3FC5EA9158DBD0159C27860409682E8FF2
311
595652FE189D2CC2D7C023E944158355806FC320087CC74116030CC376C559C098B93A041C5DDA48AF33827D2327DC761D19C17CC62780D82A170E6CE7415A5E7FE825E053048F88D2AC2A561CA4D4C60098DA28EF1A01382772484698F60C8DD24BF396EA76260542810A625978C03580A9CAB91D10249BE579B0377A3DD1
311
5749A45F24C4D81FF3D7D7996F6A1690288008C0FF6CC186DA9D5FC95BB09B1301004B016E707FDFED306A1BE8FA208828F00BF342186839839F1F6FA338DC5A0200FF383DE92614C03A4508DA18F4D85F9354F7E867AA77A42FF49BBE6757A1A7454448D0BFC3C220714FE43A3D8F1547BE10F0BC5A05985AC3C28829A06F
311
E24CD062700601F4AF12AF99099B08E7071DC4626A97C920C3FF96E190C9D1FD7CB6163E800D79E5F3F10A9306C02B799E80F1AB380E0571A584C0370A220C3125000B500900D96FEA40409F980E2083E4EDF4D8D2480AE5667222E020BCDAD4EF19682120818FE18EC7FD6AAD67C03F7DF1955E697456F517AC4F24700C30
311
171C67E9168B109A4F60AFA60F98BE30941BF776DBC7C70792A2FBE98AAA97224F8BEA39B47BFD14A8CD03320DA2B676E3AA397E652E30A42CE2987B7DA1EF7F75242413800A04C0270C62A13372400B435ACD84B8B5009208F5AC73EB149FFF3508E21C2201E0338BE07E50EB47E7FF6D97724A601028C5519073E7978EC8
311
8834410450E074DD58AD13A4900103A6444A9CB99103229F0EF8C0C78161EBC68137240734CDCFC349807851E0EB46CE864D2E405ED341B71A390CF2DE20CF5193189E1901E866D0230409684B193D17E2928534D04240937D3C84477494FC5E0FE0B448E35AFC19007926C1C6A6E622FDB8A12E30993C6710E070397C4B26
311
304C0AE38218D19F01FFB15BAE1C0E7E74DF75F2406E373C414E848FF8E500EFAF3C1029C9C0ADAB2313A7426CA9B2C1B9E30032C84EF31A09A88A386F136E8C2F1D582EA0459207015F10F1F001F0B1B7DF7222011EA2001F00BFD36BAEE0850928B08C077030FE3806C880EAA74BCE0863A952812E6008B3A89199C1EE91
311
8AF96AF583F1A073B0A355B9D861AF1460DCFB3BFC6B7EFDC834B09700CBED3510E48DC7129041C991F06BA5006CA6B5B34EE21501374E8DFC910042036111EC9C7CFA1C05D48A7270F7F835BF04A4194DA4CF76CEC66718C84CD020D04C412AC848F03E3C61A1C8D50D0EA6838A00376054D3DF61A0E393E1F8B058A6C994
311
093476D601A4A06F0CFD3C0A6BFA910E75CC10400A80FDA93AC9B5EA4303F6C0D188B559086091CC5910137772E14F2376D03181B5CFE74C0EA38440D0AC256D6C4D104CE05302FCC00B60B9CD4D71E08BD40C144A025E60D4C1F45FE846A2105D717EEA84808A5DD90A168E133640311CF05DD870768683F5D2F1800F485A
311
EBE5CABD8FFA3C0BEB33702493AEB551B1EB035EF5C8E5757FA7832141F88E8578A363802B560007AF93D7D470B478C4D00B412D634C9140C4F9275C00DCE8DFE3C7F8C0AFBC5B2CE82E3C3BDF393D4375D50C43CD1C17E3777CD2C170725B7B42B41DF15BFC344DAD089C1E9118522B4A2C60B794E4E8F33081BB7C8CFCEE
311
A0B2015E49D586429C6C78646180B7710E06018A3082243C275F077FBE412C17DE80D3E6B9462C5204C5D980D1DF84A864401C483CD01B143F4A4868087A0F780F37230200A4FBF6AED325114C367C22512750A5C7C3E32D545CE20A0904183BA10015DCAD89864B3E1EE97EBAE8B204266A48E010511838E2FE413FB116E6
311
0880C2D8440AC3880DDA6DF6618C138CF1CB2A09637E18D00F80CB0DC05322E31EADB8081C29410903F06BFCDF5AB46024E4A75828056440503C707856EF0C037623DD4922A400E8A6BD75E4D2800905F18450A00CEE88860C8964C7B3F90F56528BA18F71CFBBBCD2D05797E168FC37DB26DBE0DD2EAEF39686C184408200
311
13C1444055402A541400DD362A0A402F1FE51246404E098249FEE30708C10CA0B54601053159480C00BAA9B1223A773234FE72FD5C3BD81804D8D196FE3D5315A0C981D88D04FA01DFC185CA93F9120E1F480B08063364A0A318F08DF95056E4C91F1150D31B011200383502E079EE43CC18603AE2F88FD139C802A739F208
311
E88D06DC78267C448C27C4113C19B0F51B0E9C1C021CF8F9167C6B1F2E10E461002910105D1042792D1CA303F469714C018C23D72179E165049C40E801CB96CF334562E5807291D1E0C70FE6CAD91656715F0E5C5E70F8D7F83290549B1BAA6F781D25180EBCA93EC84E72A74081CE3020789B3790E1A9E478E658C099BECF
311
F01E530E80EC5FE31204ACFF70AF8177A03059240CD074978A002A878BF883FEEC81DD684E406CA630ACFDE87292822A11953710F000885D6F68A67ED40CD772B0828359B753F7CE23D9479AB9845771B389D6A77130F8C134EFC83947392029B10E4425440A84AF0E54825228FC1634D369874739C837A9DDC83C20D320C3
311
6042610ECDFA750303710224D01202488012CA847424F8D53F78AB6BECE9B3B35A7F32396AC6B7444566327DBB4DF06FD9616744F4D3A397EB3B0A3FBA8D763702883ED742FE5CD24146D8E353ACCF811C806AE09914D8446E93840FF4D6C963FF32BFB6AB015D1D3B0C9A0968776F021F21404B6260CF84A14F35180CE20B
311
5E85BDA2EC91FD5A7DBA7E5705F4F0F97AF26CE18E3BA078138202400A62930FA6CC7882F911A92F33E547E64990B0F27323D73B6222863F86425153FA8009361C675554C25382CE148420C8DCC47A20122806CA178A0918C14CBD33440289078A00EC6070184CA9907FD0A1270478E0B325B67C2193694EDB7DD0F3C23844
311
7C8A11485562FB4902134E6AC952FD5320A4F7C780882DA9684285CD81D278C0E8FF8DEC9F45D22DC3C2CA99C2728110888799575B6834BF22B0F01EDE72D7F21B672C40F0A972999E2200B7C91403F9BB3D09C01990819238CBAE5E7510D7D57450507E3DB04AAA0A3C280064E0775380C8C16EEA4834346A04BF0CE847B4
311
B3AF760D06D24BBB267C32E2C9257DE5EB748AD101AF1FD33265E2B674EED8C01A0AC901392211011AC810560F77778E85B13BAFE3E25C95B70919A4862C15928BD8989664AD8638101D009A80F00BDC41AF27602A4BDA0C077E550048E7F1011410F01405045E1C140B4D0E70E0F6E034171C3D6FD12004FCC1FA30431251
311
8910356628A4A326EC9ADF5DFFD1B2C0399503F14B4F8E3E0E4E39A06ABCB56A8014687E86E462BDDE5124615ECDB412B7314F62E6E0C76ADEC0F717B360E741960104CF1706CFA18E0605004B01AE007869B095ED92144A807841EFF2811C047889A04901C809062057192688C92346F97F279449F89B113500BAD282D1DA
311
80A55C27EFFE02C8D4F395003F285B617BBF0831F49B055342DDDD414378E8888E92C16789F269A27C9A221FAA4A0DFDDB9F935B2ECC04DC51481558A69301E0460B02665AC4DD30C03D480866C3409400051811876014C0F294C542821AB045011A3E3F09001FF304E3A0BED05CC11A811B865001769507FC01ADC611F400
311
CF68C7B093606E30F3C7E0F00C1D10C31951C1E2D7252181DA00345842A19130715C736EC9ECE686A712FDB31E4D3E50AB336E5666D7B212C0113C4A4406029709B43D0228F3FBAF49921B19CA0C82A2D5BC4A2079809240F37D3E10F9637607C3983F0458508A98B8B4EFC92AC13530180CF55359500080061DF59B98BB3F
311
EACEE881DC8127F182A885A86FB12B43C590A4380504E32305E3148BBEEB2D2782029765428092545BA5C2C681FC5F8E869C0EE1034A822FF09A12C94084505AA868080303473F8161F7AA0A6610745E280BE4427FB770106F8800EADABA19F453210435BDB2348471B13B65F2FCB554827632C4C44467333E4127095D2209
311
2ED492009930413251B5408345065065E415266E20279A40B3F520370BE2050C8360E6BB4601C1673B9BFE007EF5200B6483CD195400A783E6DEA0653515B0FCE8E86D1618FC1EFC15C2E727F24F2A2DAB57326D8D0877D4E298894E7A0C3C7D9CE8A0E2D17AA2020FA1097D6372F2A9F955060FDD467AD0426368C24A8340
311
FD0D6687A76316DEF5179ED9042005A2BF02A5DD810A4DEFA4A8F700EFC50FF4FB8C06410F0303C106ADF8852ACC6A2CA9046E9ED070739339857222CC009E206479886EA26227BF7A341A15C351A8404A6C10080A2140FA4B4E8D9B9A11645899332363FD69887F436A660566964250FD752E787B64BCF8E6C8190DF8EA0C
311
854C062D8A5A1346F810414313E606ECA0AC3A01D6928544029D5F42E202C0CB386F880F7842A31287061F32F3CBE09F2950783394F2F2B23D85386C6F51943E99DD10C8A0000BA9569A14805693274BD0E4F4DC3F28E331EEA91C4F33ABE057889BFB92819187840A08E57A276A8BFCB75B0342668C70C565C8059996D209
311
C2800941A21FB82B2F520BC2E6FE6F1A8827043DE17000DACC8193E78BBB8DF1467978C06F6AFE986123E3A95272CAC122046F4C65C4B88FED2F1CD1D918F7CDBF8903BF1A90057D42F4DC133AF804ACBB58446A0DB78806FC053FA1E45D0AF1112613CC0DD976C5E70AD3282F42725C0D02AC8588DE451B1C01ABF063E774
311
8A3882F0DD484BB78D037F9812240EB88B6034C0AD53E5116D4C6D920C6A89F084E6D0598AD7EB6930CC7B293E27A666E5CDFE9A3FA52FEB3C97976FDAAE9A60008FCA6B33099CF9880D35D419FC687D424378E3099441E110C5B3C6DC311E6653514A67A530D863326C4D8430E0C28024803B5B069B0E60C10EDB6DF08703
311
4171DF01F1F3404B27B1056D8C0E56E7CA6056E7798147BE4C2F01CED5987E413AC6A724876DE3F599E0601CE7B9CEF3BEB3671E12DCE8AF9631B8031D3F360B6955DC2342B2A0E4632A00264C0DA002220CFEC3E10D9BADC8904D88DC51928593AA16C91DF6FFF82B3234404C7214D0F8608E0052283EFB2B0563F1D07293
311
6C4017706010BCF1B16CDE0C1FA9C777E44E1F5259B0C9BBC8794A82A6C182A3AF56B16921405351FDDC91B5BAAA617860E8D76C97C377FE701A4EB4378FA97C2C8E3CC8950886C6FD93AF70A1F5F676B7ED16CBC56AF5D09110EEB8607CC08A795882358280DDB98AFFE7087C6EB593D62F041CDB4018935238E73F109810
311
0D0C8769818F777057F64C703C6530E142FDF5C837AE1CF66C94C4887D3A3726AB990DEA248F73B5D32C8E04F6714B1E67C53FC52040252E605B322407CBF8C7F05453462A295ABF4D95592DDD76AC23512E9A2DF964715C80DD752CA8E263AC36F02C3C28A133EB22AC8D099BDEFDE28C3E8FFEE3815D5D00C17C00511058
311
354D62443C1A546280E43572A9C661A34FA5891F8E7570608C8DF21DF51DF9D2A84D4501F41B8CD4F4C9DEB2F901E810C0E4CEB6EC08DFB06341C864CF8D0EEE779A606545E1E64AAF30A4324C20FDD3BD558BD966BA994FA915CD162B1978642AD01694E533EC190368A68234657085B5F88E27A0805E04B8BB6A00A51646
311
EE3C10A50FF007FF410F1963CA69BE2002F0F902E701AEC995FD41F83A3F0C3809A3288A083003A6CC2A20E6D703EE48E3777AC07ADD51EB6101603A9FCF17B3D5928F6D742EE7E4CF38AE2B03C5FB39C81D7B2978FAFE85AF3D2710B0582C970F0FEB0E4D1103B8BE2B4D560CA10002FC8F334C891C07B44FE06B2E3ACE5E
311
1E2D1FC32203110ABF9CA0E8381F68EC3C06701328E5A38278A5FCD944CEA5283DA933DF2A2448BD23F1C5D8BE04CC2DC3B43B3EEC29F8B5FF926D11D3E97EBF7FA1BD1E5E5F5FE6D3D972F548547783146ECD84873F377C5820F7F9FCE5E07378D6CBCB7E036DF7F7104079A05B77C6942D1BA95D47424BFC3DB6411009A4
311
2E207871B7EE9B06614BBD20F22F7523FB985F3F7068E37600273A3ED0C1CCC380F6EC4AF01CC1CF95E4848B7BF950AD14C44F10460221E02D21D01DAE800F323704C00035DFE97CB37F797D3D1C0E4FBF35EE1E5E9E0E879FBF3DF6F474780A01FB3DAF01FE0C0798218007C2090A3008BA7682A338F4A8804A06CBFE6A80
311
CEC766F49853F15B2F45FCEA3F8250012841315016E75E797EFEEC4ACA6C79F515CF1738F7C36E2406071051043817C9E8C5888D49D0332E800062FF54FA562BF7446CC0BFDFBF8603D1FEFCC9F7FFB5A7F000430755C2D3F72F2D02A022820897ABDD44594475BDCCA4A10AF34C06B08B4AB58BBFAE30999DC66C7CE903A8
311
3CF8EB006EEEAA063430F84B05F0ECF644825F5E95073870E72A0771AB89B080022A0C5A9FAF34C89286257FB7BEA000EC65B59750C68E0815B0D9834B15606328F80709DE09018AC2A7817F83F96DB3D562C10A0A31300230CD4200B87F85808BAF64D04600254047F9C14DE93464009E7F5AABB4FDD6D55142A2C0BF1541
311
FCE19C20C899BF4F76AB54B84CB97F88F48ECC029FD253F0C70DF4816B9AC94BCBD653B1A283C4001A0337955E4AFED3FB790B6B1F5EA0B5514074103A38D84280EE0F5F9BE974EAB2D16AB1EA969684B6E4166CA28264B300474C7308D20013B204A65F82970718D05678B3315D442E1C0A327E2F56556040C005D2FAB132
311
6A68A07507C9E46A3648555A7080F5F50219A00E6222E3E0862CE95B5680930530742F1D041805E69B788161F015944D041182B861A2C17F3AF01CF5BFDF6C343F9171F5B004BF59C016719164B888EA206A02AD05E8464D06B48E4381A0E9345FD171625AC22198F57C003BEA5510F81FF78D31C9B033D003000000004945
311
4E44AE426082504B0304140006080800C446625CF3CB91853C7D0000377D00007800000044354435463934302D314132352D344442432D384233412D3045393939443445314543362F5265736F75726365732F30323435314338432D383942372D344337302D393137412D3038373834334641324632365F506F7374323031
311
352F7468756D626E61696C2F302F745F507269736D2D3235365F706E6701377DC88289504E470D0A1A0A0000000D49484452000001000000010008030000006BAC58540000000467414D410000B18F0BFC6105000000017352474200AECE1CE9000001B0504C54458181815E5E5E6464646868686060607878787474748383
311
838585856262626A6A6A3636367070706E6E6E7676767C7C7C3A3A3A3232327272725C5C5C3434347A7A7A3030306666663838383C3C3C2C2C2C3E3E3E6C6C6CFBFBFB2E2E2E5A5A5A7E7E7E4040408787874242422828282A2A2A4646464E4E4E5858584848488B8B8B8F8F8F545454565656505050444444525252262626
311
8989894C4C4C8D8D8D4A4A4A222222242424F9F9F99393932020201A1A1A1414149191919797971E1E1E1C1C1CFDFDFD181818959595F7F7F79999999B9B9B9F9F9FF5F5F5A1A1A19D9D9D121212EFEFEFF1F1F1A3A3A3ABABABDFDFDF161616A5A5A5E9E9E9EBEBEBB3B3B3EDEDEDE3E3E3E5E5E5A7A7A7101010F3F3F3F3
311
F5F3CBCBCBBDBDBDADADADD9D9D9DDDDDDD7D7D7B9B9B9C9C9C7CDCDCDC5C5C5CFCFCFB7B7B7B1B1B1D1D1D1C1C1C1A9A9A9C3C3C3D3D3D3DBDBDBBBBBBBD5D5D50E0E0E727472767876E7E7E7B5B5B5747674E1E1E1787A78C7C7C77A7C7A7072706E706EBFBFBF686A68666866AFAFAF8587853A3C3A6A6C6A8789875C5E
311
5C8183816264627E817E606260FFFFFF8385837C7C7A898B8950504E1FB2DE6300002000494441547801ECBD895B9BC7B5F8AF7DDF90D08664B48116D086163060961A0B0C310663B3C5C5D8F8DA607CBD25013B24A525E92F4B9FF4F9FECBBFCF995762B149E2DCB6B7ED7D3A80F4EA95D0CC3973F6397346A7FB4FFB0F06
311
FE8381FF60E03F18F80761C0FA0FFADEFF7CED7F30F03FC4C07F48F27F88B8FFFCDB7F30F01F0CFCBD3160B55A6DD6B4CDC633177FEF6FFF17FE3E013BDD181C1D9D91D66AB526791A9D181848838B7FE171FFED43FB5E674DD7062746275B3393ADD9C999C949017D8667796CF13731D8A8A5FF6F22C16AB33506B5F99E9C
311
19A54D4C0CAAD6680C0E361A13720B9AE06F6272B4F17F0D07565B6342D1FA24F009D88D06339DB621004404C82FAF6A030303838313E062667470E0FF8E54B0D61AA3103CB0037CA3019440ADD379BDC1A0D96CB1585C1697CB6C3107CDC1A057A7B3A56B4213131048EDFF020EACE9C624620ED29E60D6076A48B96432E8
311
F1C7DD8EB0DD6E3099F4F944406F3299EC7A83C1688CBBFC962FBDD0434D6861B0960653FFCECD9A9E9844D869338F74B37ABD1E8BDFFD47BBC99E48E48BB45CAE9ACBE5CA651EAAD56A1E6C98C246A3DFE3F1823A7865E2DF180556DBC028925D11BEA8385DD2EB71B91D4683291148E4F3F972B15A067A813DD7A4D573FC
311
0A32AAA57CC260F49B45670C4C346AFF9E5460B54DB4506FB032848F82D725837E77DC68B0EB4DFA80DE1EC807F279F050AE968B32FF65A184B2C246818B6AB5943019E31EAFCE36D010E4FDDBB5DAE0646B1255A7A43D4A2D68B6F85D0E87D1E188FFC1E17259E2EE70D8610807F48952A2542A31E9E56A911F4183D0443D
311
57AE57F3FA303848A6070607FECDF4A26D10E247EC0DD45076569D37E9B198FD664BD0EBB5597F1A1C9D196C8C4EA479CF6A765BDC06C802AA300512C8059AE0031CD49BB97AB55CD21BFCE6A46D60F0DFC93CB24E884D87692BF05B75562F723FA8B36105CDCE6F6E9E1CEE3D78B0F7FAD9E1E1EAD2D25C6BA6A1D3792C88
311
86B0216C32180CA803BD3E8F802C0919D04AA5B0C3924C37067E331FFC93A8C6DA98999C51B68EB274C4CA690C4C4CCE6D6EEFED1DBF38DADA7FF3F2E1C39DFD573B3B2F77B79EBEDE3BD96C8DA6AD492F1681DBE576C51D6E87E0017A28158B504233572E05FEE8F7A61BB57F1244BF45FE58AD696C7A8C3D249748FEB495
311
A799D9F9EDBD075BFB0F1FBE5A5EDF38B8475B5BBB4BDB585F7EF8F2E8786F7B69614693F549AFD78CA2041560C1AECF97441EA0218B7A8325981EF8D7E703F4FEE4A8987B9873B6F4603ADD6A2D2C1D3E78BEF5E6D53B40BF756B71F1A66AF7EFDF5F5CBCB576EF6063F9E13E38589A6F4135D08C55281D2BD1ECF1BB8D06
311
7D005D2972118168F058FFD589C03628062F161F08C0921B1D6CCD6FAE3EDF7AF96A7DE3DEADFB007E8376B5DDB8BC7F1324DC3B58DED9DDDA3BF9EFDB0BA3480E111D69D19B7085D9120F1B028962B12AAAA16477981BFFCA6E927500BD3F3A383820F6FE6063A235BFF4ECF1D1CBE58DBB6B8B376FDCBC7AF5CAB9A661E1
311
C68D9BF76FDD3AD878B7B3FFE2F5E1F6E60266A36637F21DE934DAD3E372840379D4234450D59B5CE9C17F5907C106F58B8B3BD098C08A6FB556965E1F3D79B871F716D003EE39E0CF2EB97F0356585BDB78B4F3E4F9E393A5B9D905CC27B020AE930812EC278B3B6C12B3B95C2E964C0E5DE39F26087E51065BD3687E71F6
311
70ED07274757B6B75F6FEDBF3A60EEAFDED000FEDD95DFC92F8DD7F2274D08E1E6CDFB8B6B07EBAFF6778F0F9F2DAD2C2C8004694A978A210C19184D188E688544516F6EFC2B5A4542FE62F6E1C94E88CA5B3DDE7DB871B0785F585E41AA203F7B104CA8FB0A07379105F70EDEED6C3DDD5BDD5EB93D3737374B5B989D1537
311
729029F742057AF4620903DAEE4E377EB349F05B34D9FFE4B30313B333CADD6D8CCEB416560E5FECBEDA5843EA9D12FE19E8E7AE343A10364014DCBF750F22387A70B8B4B4727B1E1C48831AC4A2449F7A2D71A3DD644AE8030153DC0A6BFC2B356B63B6A5057A26662617FEFBD983AD9D8D3566FF97C13FA3812B576E283E
311
401FBC7CF27CEFD9E6EDDB50C1BC6A828399994181184FD210B61B0C7A531C41F02F8400EB20DC2FF33F3888C9B304F1BFBB8BB6EFC83D181F9EFFB976460510C1BD83F59DDD235107B757E66E2FCCCF8309D0805C44BAA475412CA4380E253FFF580C88B4FB45897701FBD6092C5FC5FE13930BB79F6DBD5C3E80FA4F795F
311
817F1E01E7AE79AF2D09141F2859B8FCF2BF9E1F6EAF6CCECF09F8AA090A44C2220B9266B3D9E172C7DDD64B68E0E3C77C0180BFED85B8FD62FAD1665A2B27C7BBCB503FB32F0D29A74D7F1B4C0156A841BDBCA00C44148A20C02C5A7FB4BFF5E0F06409265800FCF995151EB84616886940AC14138910A26DF05F4312DA46
311
61FF0666DF606B6EFB706B67594CBE9FD5FB6DC1AFF0707AAD5D80304C43310C1FED1E3DD83B595A59410A0A15ACD040818455E9668075858106B1B5F42534F0B74DE665FFFD6B5445D08BF91FAC0DCE2C6C32FD8FD6C5E86BCFFE7B10FEE24BF917A1819B6060E3D1CBDDE72883CD59A840835FF402D27052560F6616900B
311
73A3B81A1F6B12FD1A109701FE91F7D2ACF10C0E60FB8D2E6CEE3DDF5D3E10B34F214041F4F10FCA1C1004DCC42C148BE0F9DE09604AEBD080F0C4ECEC646B617E6975759B488260E023C7F98FFA98583F0D4CFFDAE8ECE6DED6CEFA419BFCB5E9D41EC5FFD11ABE9038829D973CB79DA3CE1D791727716D6DFDDD9BAD177B
311
DB803C37CBDFBCE20231905AA0601E07EBF5F1F1EB931508EF9F2B07D233023F08185DD87EBDBBB3BE76EB227C0A30CCA1DF4B5B5C5CC4EA3F6DF71771886902B46AEA4AFBC4DABD8D573B4F1F3CDB44FC2FB41616840C4410A0186184F9CDA5C3E3AD274F9E1E2FB506FEA936619AB897387EB87D18FE62F7038F36AB4C35
311
BFC02740DF52EDDE9A0442EEDDBBBBD6BEE05A7B478204EDD6FE28418257BB47C7AB2B2B9800B3A0605E1881A66CA3951310B0F3EAE1FED355F8EF9F4703C43E80BFD69858B87DF87A77199F77F1DC7C0211D008C40707071BEBD296B5F6EAD1F2BB77CBEF36D6373636788FC0907C6AADD3E4057EC1A347FB2F1E2FADCCE1
311
198A5B805D280898BB3D37BFB97272F27AEBCDF2BBE59DFDC3D63F6F1DD54AF4A2511B80FC6F1FBE78F388F95FFCBD226A54990AF4BC7AF972FFC993275B5BBBBBBB4FB68EB8D83A3A3AE2716BEBC9D6FEFE9B3784C81E3E0429EF96D7099449538F1B0760E6DDF2AB37FFF56275E9B62CADB0ACBA00EB83032517E7892E1E
311
BF59E673EBAF9ECF7CAC2AF87BCB41EB288BD8B5F4C0E8E4CAEAF37D8C3F10206DED60E3E1D6F367B75B0D8BC568300488FEBB3D56B4D7ECDCE6CAE6D2CAE6E6F6F6C9EAE1A104485F1CBDD87AB2BBBBFF7267E7D5231AB810DA587EC7D5C3576F9E1C3D5E5D9A9F01D1A36414C0078202D10A4BDBF0C02B892D1EBC7A3A33
311
F84F5105D64162FB04AF465B2BCF047E6167D15F2F9F9FB474F662B350C8642A954AB690E531938965327583C193B4A575123399C466C6C403138F1F3F7FFE00343C79296D476BAF765EEEECBED9DD3A3A3ED99C93200BAB082454C008220EE7E757964E90B9EF0EA4CF83E7AD8F8F92FD0F0C829FF9172B310FC027E3E1F6
311
E1D3978F087722B997774F66CD89722693C996AB0193DD6E37C6E37147985560533E574FA552D172DE648A13FBF65B3CD8B2B88E732B4B4BCF2087D7C74F8F5EBC80597677B776C187B4A3A3E3C32502851262C7CD9C9C0405A212D08A9B8F5FEC3EC2E810EFE118BBF0EF4DDFBFFA7D0DECBF1AF26F669EF97FF5EEE060FD
311
E1D6E18CAB9A65A6AB010077592C660F2BFEACF913DFF57888F91BED81623D15CBE48A89BC296030381C661DB90013B3B32BB0C5EADEB3C3D70F1E3C78FEF4E9D1D3A74F5F483B7EFC6C7BA585A6958CA2C1D14945055802B7E79656D103E272DFFCFDE2C6D2C4C0F7BF3AE28FFFC0C760334DE817BF6470667EE939CEEFFA
311
A39DBDDB3A13549F4BD81D7E0B1E1BB90EF2C783A0C0CB0FC9106FFD0E7BA25E4965322C7694F38180C161B10493B6C6E8E802ACBD7972B2BA473B7CFCF801BF7BAF0F57F1081660725B4D87B8257584B525A8001278F6FA6807A71BB57363F1E1D2C4FFB218B001BF30406B76FB0131EF9D27ABA3E652B6504E18E27E8F00
311
0CB45F0465DA2D7E9AC5E2F18013F586D9E2FA5322978AA6B29942BD9E2BB1FC69F407BD58B5032D8209C885A5936D10F1ECE4E4E4D9C9365ED0EC64C346E2885527E933A370C2ECECDCC23C62F0C9F2BD35426E376E2C6EE1187CFC0CFFED9F64ED0BAA1C68E0FF3C38DA7FF95F4B938666B652B4BB616CC0E4CF6371F9DD
311
6EC79FECF600CBBF7A9106C6B8C5CF9BD004383054B3A9480A4AC836CBF544C0EE70F98341E89C6C0ACDF25DDADCC4F25BDABC3DD71A1D1D487B5929D19136220147C9299B9DBB7DF2FABF76D6EF29CFE3C6DAF1C4C0DF0ED6477F83756006FEAF8900DC7B7EF4F464D455CE34AB76B7CCFD9740FFD6E5321AFF12C8D70B95
311
4A2AEA43264652BE4AA1502D050C6E3F82E1AF41B3FF4FC5AC2FEA8B81844AA6582FEAC361B79FF5D31A933C3143381451C74423FAC4DB94A028AC94B47E031588438851B0F4ECC193E5BBB7EE2B87E360E97FD329B04E12A40401A3B7B71F1F9FB43C896C361F067CF397CCBEE5EBB8D1942F6701AD920F90F4E3329B09E0
311
38ECA56A3D1AAB348BFA3FBA3FFF5292A38C898ACFE9F4F97CD14C214B3E8429EC7079CC1EB24230AE713224610E4CA36EADC9BF0A3759A00288401305ADDBDB785FEFB4D0D3D59B0F3F4A177E8C78FB753AB011FE63D17F60746EE9193ADF54CFB6671FA0BE7618EDA56626962A9B1C165D5A568775447074F2ABF3F81D81
311
6AB692C9E98D163342D1E2C857223E670414602B14726402388C2E3F6F911D444A847899B25A08F9B35C1A77BB11AEC207039247373BB774F8FCE5FADDC51BB2EA70F5E6D164EDD786FE5BC097CFFECCE7B10058AB4003CC6E6E6E4E58729966C0C1C844D7F9E3F6402116AB940D9E9FE0910FB25E253FCC62C8A5BEAD140D
311
710F82D2122EC722916E67C4190507D9267A41E8C0EF4926755EABEE1BB208052A726BFC6E924BE2FECF2D220A500883A338857B5B0FF1BFB5E0E3DAF6C4A572F067A0F835649DBD7FEE0BB4CB0161005BAD41F47FE17B53B61920A34B81EF8A1B4A99683467306B71BBB3EFB8789534878BA9682EE0401A98FD8666B4CBD9
311
15E98E4453A96CB68E6EB41BDC6E8FCB92F498C9AB20B302912AA9552450A8243A73322954303AB8C0B2EB1B0940A9E0FBD557F3FF3BEB45E9D119529ED22401CC4E58F295A65E0813C90EF8F94CC457B5584905BC08B1BCBA78CB6B096753F580E30B73D0E3C8A7BABB9DCE4824224AA1D0AC622B223ADCCA5A447DFA5DA4
311
D5614EA249581230BABF0631C809965E450ABC22FEAE91C0FDA3D15326B8D8DB87A3F91BEED80880D66CB6F4C4EC44CD9DCB548D7E8B58387E37B3DF152D7910601F50FEA5DD25FDC566CEEE82E1FDF642C4D9D5E5A4C13E953A4972284E72445C244DBADC9251E970848D6172294D7683D1818D893E600AF0C29E620D620A
311
A868E3DDCDC17F20E01D200626914AB4D1D1B421570820CD44EF7F6D0C149CCE9C65B035FA7163B0D60607BEB7040AA530FADFE3C8C5404137BF91281612C98224D0C10A86B8D1118FFF600C3B54DE909EC541F2EB8C71B7070CD8D233B39BAF9F3CBA770B12100CDCDC99FCC733416D664652176A8D74D2D46C06E216541F
311
C2DD5E8FF5561CE9D9F9858F3349AD0324C15A6D4937B9A10E30E80A54221040B7331489C4A229C9132C2512624141F9E24AA904B2443E51CC274C263119CCDE1F31476E3F7BFA661D312824F0BB2BB79EFDC38D01EBCC0CC1683820ED0D6473069724387BFCC64033E44C784789D67C1411A2E889A39324AEF35A12CDBADE
311
EFFDD262AF6313080974397DB10C5653595090205F8C34E2809ECC4A019F4CC2622981751187F374C9C1C995BD2DD621D422DCEF7E7775A7F51BECC18F23D50EE5B79F6B300069FFB69A39512893BE07F55BFCE152ACABE01E98255CD3BA5413BDF7253A6C1922793FA114CDFEB8A99E29C6F92263392528E8EEEE8A44C478
311
6C921755CC17217A7E491C4C544B65AD714FBC4D17C9C48D859317BBEB1A0FB0F6786BF51FEC17DB589221DF396DF5E70B450386FF97E4F0D8EBDDBD65EF041EDAFCC2C760D53A2039449202E4C51492D049AC60B4783DF162260A1F743BBB23988710411346A8E6CBA4049034588259AAF572B349C21419D57850B85D49DD
311
C4ED55484056E2E0014860F43790C0FBF3F211AFF18148DA4DA7CD8966298CD96AFEC2EFD017424EBD75066F766E6EF223104022C544DB4822E9C194CFC6107C8580FF2BB3BB948DF922DDDDDD21EC22672A93CD1648972535084AC84956390983A44E2220AA456564BB2DDE81C1CD076F36C4211004FCEEE6E147F1E04780
311
7AE9476AA83EDBF7E42DE99B25B17EBEF460CC66FA5371E4B1C4AA664FF5F0A5FFAEDD1C981CAD614849EAF4E76E43318BB7E4C30428B982C178A2908A46C1002DE2139558A0A92C417900FE260EB438D1E40A054C3F602B24D393DB5BAFEEDD57C61024B07E660BBC3F868F989CF7FFE5F4B5F6BF44811B62D707FFD22C0A
311
FC9E2FFCC67CAA3FEBC62894D5DB85990FFBF8E00E49B42A779CCC790B966353C07746BA53CD1C1870E3406678ADAC029F8F101A28A8D7015B72E99B856C335B28549A4D0CC61CFB0AECF8DFC9D1DB2F840494290009BC7E4F117C308053A02EBBF8E54F0FB420009DD763A8970DB8785F9AFD8E52AC2FE36A68F33FF71122
311
18E52D9164D939F0A5C7114E6453103DCDE70CA50AE2369ACA8558D4A72C02142228C8D20A0581B9522F34B3A96C456E64A10B88C06E70986D33272FCEA4C09577AD8F53C49781FF2BF74405A2B882E11C061CD63FF45F8AF665DDAC8A4BA4F2520278EF2B31DFF024C91EFF5EE77D1B47FEC562315F342A28883ABBB36EB3
311
D9AD2FD6B3510481F807E22803315400D008C542364580A18270E055BD2E06A3C11DB4CE1FEEAEAF9D4A81D5F748E0BD21FCE2CBCB09A073572420087054EB81B8047EFCF192AFBFE0694CAA40EDDCECAF3BE4D84F346DEF84C76D4F3433D1181CF0AD3802DD91EE50C5680EBA4CC55C050F91862010C3508BAEA7809C80AB
311
6A59210C9404182002E919FC6F0C62A50A118357F75B7F03067E093DAC83D448D2712572E2FE04BFF4BB03BEE1ECDB4115A956B95CBF6A03C86630E65F76CE981D86443DC3FCD3801503C08901907278C140295788FAC42090BB600049C0CA0218484130990C18A1551005A883843EECD7CDAC1E2DDFD312D23007B727FE31
311
AB85B5591660BC7E5333E140009A3DEE44AA2FF387066B5634C9E723EBFF971BC18DF6FC073DF84E04C863D1A84F222260007801B812F79ADD76E249E806318A0818C108299FA84A899E81019E042760002D89DF640FFBD3737B2FD7D7C42380046E6CB15ED9A1DA5F1ED06F7A170950B326715B3403C0E3B2577ABADD03A3
311
80AEC09F9CF935E163955D706C1894D4D7B82151CE123B50EC0F9CA2F842BDB4AC1BD7C81E28175229A1091C240844E983A8821D09092AD40D118E6229E9DD66DBCAF18E4446C416B8B23CD960A8BF09B88FF9707A61229DF4C64B44BF084F9A5D867A6FAF498202AAB1FBF9572D1042791880D87F508F017D974A7DEB63F6
311
1100CC7E6FA82B14EA09F5440A2ECC4343A0D8CC40025D1A06A2CE682C02BBC4840784268410628A0810040993C33BB1FD0263409CC2DF5D59DC5B820B3E06A6CB3F7339EEAC33B89A220054F8CB627114BBFA033F0AFC92D32BC9CDBFC20156B5794CF8DFEC37EA4B10B9D0BFB07EB7C01E62FE7B8406BAAA16AFC240415C
311
83EE2E610327C6820F0A806084636019A8403080BD8C3280067E5C387C8226504EE1D537CF7656FFEEA9333536B5782D867A5E2C20B3C51188F4D6BDD0FF29FCBF1207B0B2BA89FC478B785C7FD21773CC3FE4CFAFD0BEB49EDEDEFE9EBE91FE5E67C212F44303554503BC8D684050FA2238492A6E04D928C9F0AD928E5804
311
C57CD852FB6F9880D890C405EE6D1F1C2CFD2C062E9BE0CBEE5D240F54C080D50C031808DA8ABD8200C40068CFBE64F85FC60167DFCB52B2EC8295E8A6C38EAA97E5021C5F67A8172AA7F5F5007DCFD0D050FF506FC68E8AC548AA1662E8021529C23B22762CF32F8A41E90DE487A61F709CAB09986069EBD1BDFB5A60E4C5
311
FEFDF5DB1F2C159D8DE6226CBFFE8AFF4CCF8EFEE4C54C0BC4819FD4F57AA8CB4E7E544B950190CCFE5F1181ACE7B0E78BF446C81FC0E06E26BC7F6868786A64ACAFAF6F841FD546FAC6467A2A0842360C25908431251D850B98F65004139108325C2166025C0127C8DA52AEA88FDB661F630EA9D8D0D587DB8B371EB62E8F
311
0E7D141A4E3F747A318892B3184B250981600115BBFAF24805D548DF90BDB1BF600458D32CF6C89EB7AF5C0E532ED605C053C36353E3E363D3E3E3D7AF8FDF191B1F1F9F9A1E1EEB1B1B032543BE9285C53387D2869188462232F39003E6A1884CC50A5082A202092517C396C6DC8397078446E081B5ED57376E6EFD2C137C
311
38E5A7706A6F5D78A9BD6086BDFE44D144080C196EF24D652D9442000502BE6CF399F8F05B4FEF20FF64237CD018C8A5BAFA87FBBABA4251BCBC622115E982F57BA6A740C6F83550313E3C32363DD697D19BD964EB30E5ABF8CA60A03B24AA020C083FA0192103694205621D602457F50EEBE8D2D1A37B8B1221BEFFF4F5FD
311
AB8B7BA762E90240A7C32252FD736FB43F73F6366E90CEF2A7624249406C81A12E3B5B03057AE65EDACF39A1F215B6095289D26653C6D7DBD3D353740FB4C8749A9D48BAEC752C3E5FB407ED373432323C761D14F0333D16CA3ACC5F7CCE0EF33C56B1227905BD528B104148AC2685048D060824D78B26B76DE17077195DC8
311
32D1ABD99D1B57D737953D7406C539D02FBBFC850F5A475B69AF2BC1EAAF38C1F18073A49EA4FCC9284D80170CFCFC7FE3FF4EA4BDA64C6F7F6F4F71746F6BFFC9D3BDFF9EF098CA159F0FAD27C28F3632D4070E86A7C7EF5CBF7E6DDC57F27FE5F93A1EB617F18EC51A9016EA0E299581D650AF05059A7AC433C8250CDEC6
311
FCF3971BB7244B7563E1F0E0EAD5E5D1BF973D6423D86D311603AC5D7ADE5AC29521A7BBA1C05708207F6562F49C19781117C03FA833547A7B53C167FBEF3696B7F66AAE72C1D7DDDBDBD7DFDFDFD7C7AF346880C7A1A191E1A9F13BD7C69B091103D88B2554019A005341E63FE40C75F5082E140E3451281681D04020EE9D
311
5825710A26B8B2B63AF1F4FE959BCF2F15CD17C7F7FE92CD65B4A11B586878DD0191004200D5101210D035E825E38976FAADA717DA37C1FFBA70BDDB177CFDF060EDE0D1D3196336D4D3D3CFBC431080D18B050438DCEBE1565F8F2061787ABAAF6CC4DD76C5118415C2036D5B8199EF8610BA7B2102510F9080D206984459
311
56561DB6993D980063E0FE51637EFDC6955B271DA7E0C2A82EBC3803F8E76F5B27276D1E632960440578FCF6D470CC8359A3285F014F02D399E579F16BD28303EE5C77CCF6F4EEE2DAFAD67F5BEA4E3841ECBDAE6E5FAAA27646E754C4876860971883200725313256095042020C9848A889623128A21744F1CFDAFC87C44A
311
C42ED02CE32C0BAB26FFE0DC839D0DD9A5F672E2A7D55B5788919EA3CC33507FEB557A61D0EBD797340270977AFA4C69F4BA3405BFD43BF9997E6C8D6429164B1FDDBBBFF870F5AF555FA8BFA737D4ED8B656501D01066F94F9A5B1A390545FC633110B010FABACA7F345BDEFA4935D02C427116841314B908C9F42A4FA9AD
311
0B7C7C65A11C307A174E0810FEFEC68D770BD6C64B28E14187047E2BCC173E3F389BF61813893F21013C1E436638EB11F8015EC21BDA3EC1CBAD00AB355C883576D76E2EBE5B3544985EA6DE97ADEA59E1943439CB17E43C90F8E02183E82D976C1B3704881276C110BDCD8074874D6C52BA105F111928902BC7014C4044CA
311
4F109B2812157AAAEADDB6D683FD771803F796ACAE93B52B570E16CE68F3024CBFE505168FCEAF470290FCE57197FAFBF53FC9EE287C5B698284C6452BE0940B5C856C639FFCF18DE7EE18C40DF49972224C3C1F902D1E970B316F3084590535B2E2C992A7E0C21FD7170BD807CEA2C9E387098CE8C2148481F80368E19E5E
311
5805C1A198428C020401DA2006068A0E2FC6C0C3BBB76E2C3EAF193DFB37AFDCD89ABC7C6E7E0501A720C8E7D2AD89AFE2127DF37BBEB0FC0909E01798819C040E69F2F4E1F7E1F6E833A6A7B76EDCB8F7C25F604EBB2299FA7761D2A8A4888CE34FFA523557CAE6545003F22D63CDE98DC6AF050D2E87BE9C71168A6E3E4A
311
72210849B1748AFC176F51A1401E95225034D09684191255FCBA85C72C94DCBFFFA4E1AAB636AE5CB9B5F4B733C140ABF67938AF67551A922CF50E25AC0AE80EF8922D77D97A80A7EE6BBDBB79636D6B30DFCBE4470A7903A91FA4CD19ED65C29B02B32941CD0803CBFE806E372512B92ABE2DA25630142827F42407586002
311
CC21152665FE455BF0A010002F40058A04400134502994ED1EDBD2D1CBF5C59B8F16742513AAF0CAABFF19099C9FD10938C09437B93F6738E1CA70242EA14DC03E6D2C749EFFBC76EDA8E45FAF5DBDB1BC92EBEAEF0D4533E24630B96E53512DFD920DE4274B542A6CC85223FBE5759ECF5D06638205415269E5930EBB2C19
311
C204FA92C4066002091A080E047E4D1A6ABA90C5349A2F952DEBE33A98E0D5BD9BEF566CA69C67FDCA95FB8F3F700B3F1CEC0777CEB3807572D06C4CE88D10AFC515E81D2A92AFF85E3B17866DFF67321C33EEDFBCBA78E48F32D40829536EE6352E09C33953C96ED649692DF2FF541D31927EF849830EF6C77AFCA66A9120
311
0FC4E2B6ABB5E7B82190434BA2FE015A21000CF02B02513511033462E860C03231FF7A77E3FEC152CDD3FCEE3524F070F66754D40750FFCC8DDA42DA629711C101F1DC70C8410E8824C9F12BA5CF688D3333A8FD1DE6406AF6DDD5AB6B2709AC1D672C8706258894278487AEB2E8D85FB8B030F9419D30EAA95140AB66F518
311
60FBBCC11FB4BBA49A067E610963000C84B083C454E8E14114C2A939A41010F15552B984D13CB1F9FCE1AD83BDB4AE9AB3BEBB7265F1F072BFF867C0FDF0F6E064D215D04B0AEC171E6364AC105460B7815748F820081BCC97B7EF5DBDB9BE9983F9A3CD046CED72999AF56CC9E4D791F7D75A986B75CCF436C99CA3399060
311
B584C90D70C4098D2005208162DB22164B083BB25F90D01183C20648027E61825CC06D9D5DDDBFB7F6B8E10D14128F85047EB335746E3058CA33A3664720404E067391EF1FD2931CA16A03090D083190307911C55673A9B47BF3C6FDFD64A6A7D719238D00594E7E72255848000020004944415460336FF74B392088BFF501
311
CD9C473CEB67048FB08CEC76093F111C61A9A0420489A68C45719F440AF05A41AF3D8824240FD3E069AC1C6FDC3DAE59ED95A675F9541168507560EB3C9FEFF7F26B5BABF6D640523772C963CC0E77BB191CECDAFE930B1070E15F83D530CEE8DA0B03438C648B61BFC5652F559A7593DBEC4DA765FE5B172A405C3616ABB5
311
96F61AAA7A968A60022A0714F18B951314C27B840484086001CD1A92F957D15330805B989C5CDDB9B735982CDA3379A4C08D9D7332EAC2487FFE851A93263B6A2DABCBCE0294880053D770998C6681DFA650C0234C3038703E09CE53343CB971E3602947943B92D5633E8573ACEF258C1E3399C008BFF90BCB979781AF0666
311
2584F23640085E4981623D16C5F8151210044003E8164D082000840444234662A41799DCE9B9DD83DD516B96CD0B5EA4C0DA6FB205DE1FD0C44C30AE4704B0FDC15FEAEB3721AD6DFF1F694282079A5080B665A7FD8FDEBC61EBE68D83051CE0EE588E450497BD90CD15F1A4C8686173C4E4DC87D6E9FB7DB667C6D61870FF
311
D14321199102241F8B35441367127741D3841A0F280C4004444E33A46E7826F6D6F75BB65C2E9F0908091CFD52C0EE22197C389409946080AA6EB0403C3BE6B4FCA46A606AD06B8F8280D3FF4BEA735B8B37EE2DD57B91FE124376E7095A92D1E2F204C90D9A6019E9E34D336B3A68200BCF63F903067193CC6A3C0210A022
311
28A20CDA424091805087F8C8D1662EE0B76E3EDC9AB50542FA4A36B9417CE417C5E0E9D82FA2A2FDCA3A93F61B48E777E3ADD843E3393319123F499A14C077A8E0DCA6AD64B8BC75FFC6DA52BD2B14C9140DA4CD1733F542D164777D4D7A271B4C5A0B9798CD177B3E3FA0A49D344229A8646727928A0F32F102BBD203C800
311
40563A50A264284952CC48DC3758669FECCFDADC63F55CCABE75F3CAE2B38F47FAD958B471A41101263D08409107FA87F23F8200F2BB80FD1B8D0F30E3CEEDDB73941F2CDE58DBCBF5877CA92A89DFF666D657A9E6C3C20010C0E82FC27F99DB12376862D06862B7515433062566205200A358893EC18012028A047CD966C2
311
553BDE5F497B8662FF2F969BBB77F5EA9B5FD43A6730ABF0D0F909D0E96AA3C9B83EF08332CCCA63BD0E29012D0460B57DF34D8706CE84ACA5B4BA7673ED4115F11F2B875DEE04191015D49FCAE8B2D5100033E77BBB2C1C7531526B351B10025F1218B0977299A8C445245CA05020B1050D03D8C14A0A8852703AC529322F
311
3D5DB27A7B7B49DC773FBC71F560FE54519D82777AA14624AFD49D8BB775BAC109B351FF5D38FE35965C6A3863D1D908268301C505204278E11401DEC4CABD1BB75EE47B7B23B1DC0F6E378E6C2A5BC8EB71763F170260EFE305B3F4FDCE2E2247BD4AEA5D6C434111600CB1C9064B100EE81F9268A208813304080F28B5E0
311
8C567279E3E683CDB4D5399E29F8CA27F7AFDE7F7DCE21F8D95E2F7D63A2E11119E8C69809F44CE575BAEFBFFF5E012FF6BB34EB37B5D390B0C1FBEEFEADE781DE9EEE14CAC8952FB0F647529F010622B7170DB03078098C97DF6A8FC6EA0ACB062C4C01160B594E24260205482455E80012101920AE904602621938A3CDAA
311
71F2F94ACD9AF9A4379729E8DE1122638DE012F8CEDD92F7CFBDEC0CCA3A5343069AB0033FF717FB464C49F531C507C0AFA1A0D661304BE2F9E2E26E98D86DB41288BB03F58C8FF84F3EE088BBDE06D9EA32337B39039CF5DBB96A3FF3040F482E3ED6A03D91CB2A6B30040D00FF109680AC2C6AF0CBA22132102D41BE75A6
311
9EF8EBE15C5A57F8F43A6BD0A607F7E1815F95BDC202AADFCE20140EAC334A068A16741746BA8CEC5F101660FAE54F5040DE685BC47AF3B3078BCB696257D166DEE166E38C33E6ACE7123F4872B797F4E8D9F7F3082F74A5F5D7C17CE7D91A34918ECF1EAB7898AC09E513125804018A0434292804C0D22134A078A01BEFAB
311
69D96EA5D3856B7762595F76F2E0EAADD573E6FA87604A6F678339BB221A34EA759BF4B080EB6B476C3AE667CB8B204A6BDF48657C9481C602C9B0EBE1E2BDA5688F33CA2E82B83E1323F12B96CB7F07FF7CC126A0C1D159F9E019A99DEFA703EF25CF7637084008A007582581D391020A7C650B290A90F5112DBB503040C2
311
79256758994D5BAB9F5DF39523BE3FEFDCBCBFD5D6D55AA71FD935A3494F041D684110E03285C69AEC56E1661B031A15B08147A3004BF5C1BD5B5B7AFA4FE5EC717D3D9BE9210816C8B3779CDC7608605208E07400E7C7A0AE2F8AFF534C58DD8E2F41802C1797EA24130320A6406FFF904841718864A958E50F20064447D0
311
9CBEACBE01C4894F3EED6329BABA7AEBE6AB4B9288CF0FA1D35FE71ECFEAB2810C3411BD218A9B1F19C97F05020405BAEF59F29338865845696400E9A3F9C6F2AD4769676F249A0DC4EDB94C069D152DEA89A49054AE6C8056E7DB3BBD9D3EFF0CF0F2BED562625389D842612D2ED2250BAA6A3D0904F428212804A0284043
311
0EC1D74AC9C66A7CE0DAB56BE4D4146636EEBF9BBCD416BA38A2F62B9E4EEF37063C463D14F087AFDDF5A95038C82E26ED5D8D0914116832201C3FBEBB719BC42961004795644E6CF35CF92FE13F92009AC40B9859185500C9C36F69C980E52B48E073C284DA4AA1284264A0F208A10771007CBE6F25D94E0901518E9168C1
311
CB080DD73FFDA437E5F4195FFEFE605B6A919D01F6FE084E213E7D43BBD3485BC2820036EE64A77C46AF9792A78A064E0501C250B480A77C7BF9DE8B00C84F35F5E1522523A97E3176491205171D7826023FECEAB4CFF317DAC7E491B8901721408C90CC3ABE1516D0A4A0F080F8C3AC0D916E05069425A054432463648761
311
FCCEA79FF6C79CDD89D7B76E1D0F9CDA42E7BB39BD56FDBD3736703861450BAACDF0C6E8982FCE2E70618264FBDF1419E86C6264982C4F0E7692DDBD2CD154C37A76D01748ECCA16D923FF35FBA2F8CC44EBE336537446743616A3430AACAA8542524B9D84067189650DB10F5B10B5276BC49230232944D842BC2B8A28ECD2
311
E9DCD73EFBF40EB1B44A6D63717FE29C1EA093B3EFEFF478EEF9141BD6419DCB1EF84EB480BD67AA405DE820FBF88404E05A3E258F9C9C60D59973F3AF9657523D2C7B41004556EA3224BE67AB011428FBA55195330B4228A7CC7ED1EE970E55A7671F687F3D4F6EA3ECC46753A62191AB48EA188640BF2C26C3054201923D
311
44535240920DB110D97953329A6DE6A94F3FF9C4190DF9C2BBB75E2D748CC1D33168106BFD76FA57C3E8DC6273DE20690C94BB37BAE3899EE11C1A39A9F6326A1F6F7FEE271060D7BF58DEB21300CC544A6CA128149BACF3A59A0493FD6C96D67D334042D5792B58A1EF1CCA4F2FCFBDD1FE7AABDF640E7E253C6020BD8864
311
FA6E0151D6D6355B1060B5AC39D2AE889A4100A21F2375BD59179CFE5484407724F7F8607D452B5B7C0ADC6997EAE25CBFDA1BDAE758DC74B3FFDD148EC74B7DC3791C332101E1811FE563EDFF6A5883D5DAFE9B5604E1936A9AECA502DB5A30DC7D754AE4B3A28C1B509B989DD330AF7DF1CF0CA3330FEAA3ED6FB75AEC9E
311
AF080DB2A2220860A998908018C3E2108810400D0A052812102B4121A0BB50B4E8BC23D73EFB6C28D2D59D9D59DFD0A4A006DDA58FEF8D091AE5CE8037AECF07F43F381CE5E19E84078DEC451026933F9E7E3AA9FBBE6135EA9FBD3C32767591B253A6E8658E6AD0F801B1B25EDCC0A00E1D303AAB29C10F312DCC2000F3C7
311
8F7CEF39F690FBC1120E21A9597884AC11F97C62EF31FB2203986A0C01EC0085019575281123320EBB6255C78FC9BECF3EFD740CC91031EF6C9C742C56E9EF520CB4EF5F78334D3C8C1D4AAC5E66C77B0CEC59E5D79BFC319954151D1419FCA81B489683CF7757307C62B1EC77A652A91828179B296796D53E165455518099
311
858B0BA86763B8D0DF3919A08D513042D218C9B9B23B310F63495C48C097A442F40042000A90D4594840A4A030083888D55D50C067D73EBDD3DB15F2995EBC7B40A59533F49FF5DAB952B87F0F31565DFAABB89C826032DA33E3BD6136319BBD5F6A72802DDD49FE746C6DAF99730B5B2FC21040CC573791069BC7716992E8
311
CF16718C2074408D4D159A237836BB9D8ECFF529B7CEDD6E5F5AFFE246F8AAC820FE508C743199E5913E6C4158208437C4BAA0C24054D268440AF6F777C58A6E9D79EA93CF3EB9D64F9CA47CF2EA85541D3BF7ED67FD9EBB79EE521B8A2DE8D097D89F143644A6BBEC7E9607D9288D18504DA79142D26AB79C6CCDA77A9CE4
311
B1971379567D29855D60A18AA4224E06609BAFC4024FD70F3B709D8DA073C53B1F8C009A30E010620BB29ACEEA02A24E142129A5F000332DA6600701588398029274DADF13CD39749EE14F3EF9ECD32178A6527BB935CA62C38576495F9DFE3B23495A838EEFA865AC0FEB9DE3CE306B23442760024D0EC0088208AFA56E7B
311
FDC0181202C8B2B649911C7D807D2F993A3514B00293D47F99989550C8698FED8B33AAEBDCB830C0F6E7AD86EF3C8A02FE10D6CB46020C3EB53A04058821207A506D2648A53473983779C3D73482804F69C32CAB463C4F8F666A9A29A4F5753A96769767DCA16EF0B6106BD2CAAA1024AD370542D33ECAE3C003410FE07788
311
4064A2B96458395E28F492D32D2BD485665956BA2BDF56AA94D5E003041029377566069D81AD75753694B3ABF6A8E4C9AA0BCBEA805A1E90548128C9444A0D4001B040AF040424959C26D421E92588C8DEEE4A5C6719430D7E360D5F74DB579FCFD9588EA38B4B7B39D7E185CBB4399EE0908B800104C43087DE7AB005A809
311
D469521DC85F4E3E3B743943B2AD833C8D66339130E5136C072A49F9106FF27B590E996D5DF8DEF32F644C32286D6C4A29745EA88F59E3458C29850013DB088402088DABEC6289892867A08D00769E22044447F6479A0EAB67EC934F3FF9F4BA84899AF3C72BE2B569ADF3AC9041E7A7AFDB43697F4C5E798C790E81C9EBAB
311
3D5319227B7ECB5BF3975214496100471D04188BA38FE7723DDDE479B134E3A3360415B0F15CB37907316D55F1020474F6149EEB8B6EDAAF2EDE3CBDAFDDB6BAD95489EC9174199689D5FA880A8A891014432012F95636D26814802D2CF1A27E67C5A133DE81003EBD3642A4A832F978DEDAB1054FE1938B8B43387BA5AEAC
311
6447E539FE261FA8F68D158C2E17769D940212B8E50F372D68CEDBE74E8211DCE0083A1917B88219C07E984836416631BE935A105B782F1A76DAF1B9C1D0A5D63F8F108276CD24B8EA5A6054E94132053AA9E69A10400DA07E350C2004A0005860A8AF3BE3B6BAAF7DF2E9679F7DD24F14C56739B9AD9C9673FD757A78EFB9
311
4D10F2C40AA5279CA7AC7FB1541F9ACE12155035D0980D00D71A13D3B4CC2D890EF449B8B2B7BF3BCB56E702C534B2F93815A290818A0526DEB36F34E4D387D6DF29F0A78077460A02727FA44BB54458420FB2B756AC3D71873086351650085052106F40520D87BAB271ABE31A14F0C92723A4147699E6160047F5DAC16CA7
311
07F5DCB9D9E1466E72AB91F63838EA85EDCBD9E1F12C951B2001BF59F68C8936104498CDF1A26E6E348BFF159151F5F784624D89DF763B0B01D95EA75100C1000568BB1BAD6BD5577B14E7DF387F2DE370E5C26A8D9474A1045B4DA000E50E89100401620B8B10D478002B092908024259B7D5308E08F8E4FA08FE5357A231
311
CA426EBBB7F39D9EEB4D9B0B05B9DCE56523FD369C67EB6E2E57191E6A86E58824C9EF43179C35BD7E60DEE3C30D70E2A30D0DF7F74572EC7E25340C02888549BD13898668F1C0B30168FD767AEF3CB7A951BDE4417EAD567FD620F5662CEE380B64D914C6B036C90A015A4444368FB0098768813204900EA182DF66F8F453
311
08E0D3915EFC874292A5BC9AFAFED3CE14909D07AD6BBAD3C6A83D356A66F6376741406A64AC40F93B07C99D92CD2738901F8695734FCC84BB43BE68574FDFF0C8C8506FB499652DBFA7BBA0F65779150BB4C34167F0BF77A5BA3BD7B55C76FE74EE8A09752229845040567693296740F480B0C029058001D183C21F4350C0
311
5B9B1E02A05DEF8A74F5A6CCC1B40D43A0DDC97BFD9F7BA97DA0FD3110602CE1DC170ABEB1A9823DCC315992E329F07BCC6FC53236C7ABE6D17435D4050790EA3D3234D6D795C9FA48677466134692AB1509B0BD50538367DFDEE135EE7490AE8D427DA4438C8207AB3B1560573132C02DBB0DC5DC1143A08F908078C41A02
311
1405600888378010ECEB0D55CDB62AE1005030DCD3DDDD1331E9BC82804E6FAA5F6D3867FDCA4DED55FB716000255790CDCBBEB1B12CD9BD88010D03A0E00B4501E15272C21C632DC449C6FBF0F0D4D4B033C3D688A1DE6EC90DF260C389373C3A7B496D85765FA7C09EEFBB730D72ACC6548242652204C389FF271181884C
311
720F1CA0284045444ED58092908887EE84F79B8A8880CFAE8D1320A1C689DB6CD556474EBFFB14D6D391C89DCEDBC27DB5341450CF162A19E7D058C5CE39580E85012A042A59000BE8F5B65ABC1B25D8D53F32323236353DD4E58C8947D2954D846587911CB1559B991D957956DFDD06B8D369FB9ED6B5BCB878860C9F26E5
311
F00F0A01CA19C0161653504800354008949898D841942D3D3505E18E8829F97DB7500091E15E899616D967AE8252D2D3CFB7CE70E4592A189A1DA8B46C25E51C9E4EE9296314060324780B1B2846F0948C691B8B01BE48A86F646C6C6C6A78B84B52FA581F2F4876AD580D2080B24B1D42D7E057FD28D7F07C8FE7D07F3A44
311
ABCD9429499539C502556CE1484409FA7654B0230304011423C010102DD0E333EABC5D08005860BC5FFCA754C2A36B2FE376860284AAF7765FDAB5B88CEDBBB2EA158CE7290A9889768F8DC7A4889194F31273401AEAC06CA9BAAD3A44808F8D00ECF6981A1F1B61771BAF4211951E272490647D65F25C4C1CD2D27AB09EB7
311
774E813F7D53CD0114A1C7B5B57CA18420CB63526142C585450D8A3F2CE536342D20142032404CC154DC6A19F9E41A14F0E9785F37FF512145EF3D875846710A6D07E36737B8AA35A86A21E5717DA1E1291FA1A1BF18FE24B59DDCB25AFC5624A1AB64B199B1027CCE1EA4D2F4D4F4C808DDF9BA7AA986A4D78ACCA9A0F064
311
C71992EA21D2D4ECF3DC4605506B57A7773A173A5B18930A27848262A20625302C925EDC61F17A2425A08D0029470102C453E86DBAAC8E29A0070520C0170AC5BE8BEB346780AECEF7D6E9570D4B46D176476400B501AF3B91CDA462911E1040E996006200730004F8592F460918F31EAF3BC662144A1019383E35D58F4620
311
464D553932FE1112F8433A6A3E1113BDD893EAAF3DDBF4C59B1DC2D046A2214708B258C98370D686D84E209620A1CF360F882588ABE7135B382386804200CEC0506FD19C0E6309630B5E1BEF4371F6F8CA9CD0742A5F2EE94B46D09996CE1024289A2F205F223DD363CE3207812207C2620FF8450CC09876BD576772820041
311
3BBB21A7D8F9194965E5F4CCBCC982BBA00208249A6801910BC817103B53A190230F724386D219021F29674AD49E150A30E46101A933030F4002507AC70EE858424A0D9246D59D30DB4AD7A100F4E0B52110D0EFCCDA93C880B32F563D9CCD80F6527AD786A1BD262C1EA06045AABB7F6C3C42F11AA26354F2820BC41E2273
311
CE1C3004BD260AFF2097FA86D001635308E00C9B42C22CA730F7D41CC16D4A720C895A9B6B7F3D5FAE4DC1B9E174E6E4DC2D35069B997A9B6CD722DB16535842426C23135B0709D00E099DC900E52B8B3794B27F656B5EBB761D0EF8E47A0F05BAFA432936D60970A714AEBEFEEC81B7A46FDED65020AF519C7E3D6B3CA948
311
FFD078A85995739EF452EC8F9C074800EBA4E4400C20F1B04D64AFD3D8F0F450C85937B22C6336A277A0295652C0C3604BC504DB9DD08F9AE74EEFD271BB59B5C851FB0E9F4AFB0B9584ECB3E0C0524992C848DA34713F85004501C81C094488338025286B23FD3D38C3D6EC7554E0B54FAE5D1F520888E9BDE75840835675
311
AAF5A50DA8732D6F70CDA28FFF2F4D024ECE9EE1F19094702A95582AD4CA1D5AA88969C1E3B3E470C96132D10228C221E291961AA702582D3A8EDC63C738B103A943DBA12E0D52A50154378A2A4E3B960B66407B2DEFDB8C6529DA080780802A5B49D131C839F1F8545C1CAF0304C002882AE483F286FA4375BF55D77DE79A
311
1282D7D9AD12EA0F45BF03011AE2CFBEFD5C47DC94A997BEDBEF73D1B079A89417CB387B47A6FBD9A44C0527168A9435805882BF4B2E73B80002F0C2A1802976FE0E8752A560EB646F89140D397D6D001A48EAA8C42CB44517DA979F76A2DD14484F150397EAEDF647D9676917B3CBC5E98B244DCB2E3A4DD381031515556B
311
635A89158205829D1E67DE620DF6B0095588605C64745FAF130A6843A6BA530F176E9CBE688F91A7019B399C03BDBE9E91F1BE4C1D0C50D90C06179F000EF05A4A6E8F218B3186E9A358607A6CA4379AB06C7202C6EAE4CC0207E5703A20FE80ADD152E911F2D567D0B511A2DDD0265EAEF990108810027FE17AC104BF515B
311
929C69D61CA92320304A380004848400544D11A505140242BD317BD016671FEE1DB664630A77FBBAFB7B227A8460FBEBD528A497D3A67AD55EA9EEE5817BB59AD951E6EB63C880A1A814FCA48ED9779489FE3308F078921E3D92294660525C90A1213860B82F1429DA96B676769E6F6E1E3EE020CD01A98B6D830734781450
311
AA274D24CB98DA73CD5DD5B93CC95DF56CD3370BA41C2303D52642B29E580284CD95332819D36487C202A82A31055592404FA8E9F07E535522E0DA9D3BD77BA080FEFED8FB5A80EF3FD7DA107746D01E4BAD168C57A3910CAEDEF870248B1420E82D751E9182C880A427F1B9D198E9A1F4956881E1E16141802F90DCDE5F5E
311
7EF9FAD98BADADE7875A4917CE211125AC3AD59EB54B05A8BAA1B02058577D6BEF8A66B6679A3815D4281757A0C9D61172E510F4D49B504B63A485B153824DF4802F76802409444A7E9181D7A7AFA309EF8C0B029817138690FADA8BDA5EDD12842B6C688FED39A1B02F9B868B52C6A77768FA3A1440F926110352DB546A69
311
5056C865B0677A35044094A0A0B73BA54F2E6DADAFEF1C9D1CED3CDAD95A9A49FFF823872DCF74148CEAA88D8BF6B5F44FD7F2DBC180361CABCD9DC8141DE27DC9C99BAC8E121475B2650801206600DEB0E60D56D0D6D4D7D1B224627AB335D935C57EFCEBD7EE7CA221A0DF67D26932E01CC1D149BB4FED49614161A93D20
311
1B86402216C9C4424353E3918C54359318A960803ACF5E9DD9C0AEFA0ADE966201DCC1919E7E672A1F5CD95AE7AC89BDA3E5838D574F97E4AC5CF4C0371DE8045CD595F6A4185321407BAD614210C0A7A8B3D82CB25B0111801D942B54520223B1478500952020ABC352694B2C4159220F75D78DC19FE2FD5293010AB836D5
311
138102FAA276ABA4CDB77B56F83DFF40AF6A7C0A7CA52DF8248640F2737D8A787F1773DB2D15BCA85B438D474E8F802DFF9AB4185C067D147B5C8925715061C94AD1DF7AF1EA2E278DC831201B3B8792A0644D4F34A473F5ADAA63D5A35CA92ED5AD8B0F9284A5B3C4AB293DFCF6B5ECA30B506D4FA2C2A273A44109B23AEC
311
232CCE16FA0C46A2C8806E5FC995B49AA6EE5097621C2D30455936D6537D06ABE60DCA18DA78388F6B358EF6F0E4898FF0D8B07AEC5932FF9C443B7AA50238E1A13A85D0492027F5C56A0EBB7E2849381CAE4408B02CDBD5EBCBE4E2837B3B1B7797B79EBE3AB875EFD583B919EA279125233B65046C5AE7493D6B0FA05B50
311
D17E473E23AFFC2E94004118F658B34C5917BF84B0B8C6028A036471140AC06747414000E44B664C96A4B529F549A0813BD7A6245A31D4938AFFD48907B4FBE0E99C38683B02F29EF25B14B5E8289E136E4AF5A2FEE1E91E242DD5FCEA4DE2E47AFB9FDC1EAFCD6B74DB4DB2AD17C903598200F60964CA86E4CAFEFAC1FACB
311
E3371C83B2B1B5A4EAFDD626D8642E78D5E0541856A97602ABD205EABD36EEB5275BD0ECA888126823A05041D0416E98C2AAA1059533882B94CDF09ECA148AD439BAE32BDF34E53840C1B5F19150341AEAEB2FB8D39226A4F5CBD38526A3921BF2A869276D3228938D1AF0B149BF87221F51540DB5FC9A52C9CF64707B408F
311
319E28F9884CB737FF3334A7AF8C1FBC4269ABBB0F9FEEBEE318989D0794E1D248A0DD7D67AAA5CF7312A03D3AEED2BB1A40DAE2B553BE16E71302084B9E1C4B63420188006507817AF22354F54D90A06480335A72419BDDD3D3180294A3F884100D42BC37674913125360CA637B0204E8F64F1B0732266585A851A66B5E57
311
3ED6CDAA07669E137B538880C23D09F286CC249191139E1719A02180E8442486F76E364F1CEEDC3D78B48528B8756FF9789373C56DB601AC4201AC0DFEE9B342BCE8487103046EF519C9C6B482E1324B6C6E45002A289E22675E091C5C61EC400907284398529B084185818CDDC2923DB538A6A6284C7307675022B638C85A
311
D56F85590D0FAA3BEDB28D724187FA53776588D40FD26748FEEA22DE17C2DF000308428E8909FBCDB59941B75F5F8D628C30F5521223C49695AA3D699D9CD9DE5A3E58DF7AF164FDDEADF527DB94A326BEA43617494F6D38A527ED872BC140BBA98F8809604D9B5D0556D981DF1597A2322A24AACC0005BF7080CA91420B34
311
2B6A7510A3A80C07E88A63D7A7C7B103682320A0A7AF3BEF1D90859176370A0DED17724B085184AEDC97D1A8499097EC64B51748417712EF200B309589A10A72E53C21DF64BAB5E0F93A518C890CA0013F7540336547BAB53239BFF7726363FFF8F59B83B58D977B2DB6D5C8E61ACE0C9039567FAA23D0C22BF9557F0A1F32
311
2CF59A04DC60205BB6FF41C9407652D629C186AE27EA87C8150290ED019222847E6266C410F07D9B0DB8BCBAA0E2005103E37786BA64D126624F5215BEDD95F4DD6E5ACF3CCAA8D4537B10DA0BEB000590EAC015E91F9EEA97D0132C802A2CB10FCA3CD05AB1F813D59406BF60C0F96D2C577235E6B73767575E3C7CF7F098
311
5A8F0720E0B6F44D9E801804C262AAA91EDAE073DD199B360C3523549ECF65D87187EFEDC60E2C5254555B1B45E74883F414078812C866E14F982056365A8256471F55AA342138DD43DA7E5F5FCCAE53DBFC3B40AA919C8E43EE76429472A98D47069AAE7DE92E4ADDFB9EA1E97E093D49E5262181B0313931BF64B1E8AB59
311
76356BADDB194DE5AA96C6ED677B2BF3CF9E3C7CB5B5BDB78F4DF8606E420A32CB092AEAAB5577426574402292EA5C3023AFB829FDCAE75853703473FAB87802EEB83150A5A42AE110F1F83504C88E112D452A9BA9333269A46AE37E172945030308014CA305BBFBFB499838DBDEA6752C5DD28DF6A3FAE73C101985EABEF3
311
9986D79FF791FD11A2BC8D44FB9420A4869DDDE84FDF5E4D5B4CB92C3A000450DD094A8915AA61DBCADEF1E1ED9507BB2FB74E365FBDE1C9270000200049444154736AD8F315FA86C3389743AD4E09B7C9F7B721956B3521CA0754DDABB19187526233B05A9225221A60655436216846474F7F484A0AE10BCB5135A9A63081
311
C444729C5AA44B46894E49812E2C219400F5CB7A732E96C745D77F2F004A6B77A946222390A610AF49046EF169B1052DA64C17481C199E26D68BCAA1C6A9E881B87974E9B0C191210582E0C08F4DCE60C88F35585B7B2F5E2FB5968E9F3C3D9C9FDFDB7AF2789E7810DF4EA50405AC02BF2D68641C6A28EA428D407B29C537
311
C38542C2E1FA5AB4A06C9CC3E141029020A29AA44543008800541342500EB092CC2C76E8B9FBA7A6418010C1B5617257427D4ECE7E1057A0DD571B03DA4B6EB7B1A1BA975772216299910E9025526047A6B3674A8C6A55D194428ED5BCDBDBD83E9EA3B218755F047E8682464A15CAFA606BF5E9F3EDD6E4D2EBA7AFE7D30B
311
DBC7274443D4423959FCDA976BA4A60C23D50FB7A533198AEA9E9B2C667BD976A997C538940025160BD8816C8D912C183040AE180440D959E26102B9D8C2D96C39EC675743694CE0BF8E25705D82E2442C7DA6A0ECECD03A50BD2898D59D0E524EC99FD1A9E1C8B37580D078D929960015CF7CDFCA2A548A43B2088B78274F
311
8E37BD0E76F5A28C64FE990CDE221CDE587AFD7A7B5237B3B4FA78DE66E6605A9BCE2F49E3220739354C2156F546372A6941012F83D1902E88201CF7953155495077851034E1B03C21F14ED00F1900FCA203B4FC2856EFB00431530B2C230693E6E894C6014202ECE1A1844FC58112687FBF90B8608297F22C975CF1AC3853
311
6D84529F90F7D812426034E0C39AEC22EADD8DC72D18C8D68B81787276F5E99ECE4D66BC8840A646F2F5E4C031876EFE646F750EE3677E69C662E4C021CB9F0D863FF8098C507CA0714EC9D28588FBCEC0643C827469BAA4CE522ED48D7F56CB5014D72B352B145AC2EC44DB08F80A7E44400C1785E308440F64B3450E3DF0
311
26ED2C6310A1860C70067A7D506FA8CCBA9020802FD64057F0ABBE14D6D54D850705B57C4EFDF2D4D0790C94D08FA208A743A440D3638C9A3D542DA26ED30B9BA55AA0EE8F5A9F11B794C061226C6E700651CBF6D55F75B3836C3A32998CF95CCE24CC69B551724110DDEE41EB975E94BCD16ECBCCE8D8971134B0E7CCE8FA
311
82781822006D23D5F7E1006097221A204056C5A48250265B973AF4F50207D7C8F14555601F1E1F977A8DC840E68EC5E1B7D606473A68C06A58502FE486346DFAA5677E946652CF3241E974907A60CC7D68647A5816FE3804A452A806E2C189A5E3E3090F15B223C20330003639DEB2DE60F1DA66660674E6307592FD767DB5
311
5CE7700C2AF1E03F620ED550880ACD426CDA284E51A2A6880124CDC960B0C8E60B89074B3080452196280501E41E00BD68007103442DC9315514E6916005D60967393959A5450A8A08C00C8AB15A9D320425494C034AA656F52BC0F327DCC83D6D38C21D42953212D560DBA02BEF430F600D8FF422E7450F343104BC03F327
311
4F47CDA62C99E19A0EC050CE964B264E914ADA1A358B43CF4110C0CFB100590A6197F5F84F88811ABBEDA41BBE5E1021DDC9B3A27D2E041932246F42AC6029A64448DC6D2A15D83628192034F43F4D7384914854D3E3FBA5D436128020BC7D6898E82414800818EF477C39BB72F1241A48A055806910F3D89901FA141C74C6
311
229F9481A9465E85C790EA727E1BE91B9BC6D845EC022735013EB74E6E3F58F0860BE5945282EA0DC225F849048B74560266012288F5BA54C417315DD43B3C49C1C080980558461AB4DA9804EB320A410D15B8835E43BD90A7EC004B70A204F51455C315C60A00FE76292D21007104997F8E20209187624584EABF2A0C0FE1
311
B9400338C4532203BB2284489427A050DD9E78E9101CA826571AB4EA4A0D45DE50AF1A36B3A3297970FD63D37D31FC3D390686923D0E2F62FE24E82A44B352F113CC701FD2906A091EB83869A1547CBD522D48CC325360A6AAFA387B993856B0A14E6A6877A0D0205DC908D4BD015D5017E744113DC1D0B7A0408241AC0ACA
311
D630E65F4DBF18C1E2076A318A665DCA3321982D5F7ABD8E10E12B6800148C5F1F63237B249462FF88161307A64EB70A38F5A0665EA15F76C34A9347351972991E60F98B5D0712179BC2DA9553C1B08603C6E000C7A5263DF94C36254A502AE1737E62091BD19CE4BFD33AFF1F8BB932A40BCA9829821655B27DA0810136F5
311
B5B3F755770AF64ECF9CB296260EC2511A100CEBCB620753552F47D49BA83F56A7227F25744400405D8AFAABC4A9D4C1555E923AF1DC8407A6B003C95FEBEE6E1A253D4466594DAAF01C7D0ADCDA696E8213F0AF868069AE9A764BFD438D9AD29206D40D0F7465440BD06DB964B00C2EAC3E9E30DBA9018D7042064AACA01C
311
201E9294250596C52CECA0C37E27C91F62E578886C3900978A45684B73D292B09C1A885CA88991500491500BA1D07251CA3690880402480F130E20188219A42140752842476AAC53649D050BEA35B114EBEE1D1E1A66A95EB4A02602BA235A7E8CEA43E8EC27FA1074A826F286D6061A9468BCCF0DC62682891201568BA32E
311
3C807AED93F2CE84BDEACDBCDE6F6B2D3D9EF11AB1C3C5089259E658C9BC3DEE977D62D4DA4BDB2CA66A813305D9D30EB52A1969779B7F148388126C244BA859E15124B07407777C43F9694B395BCFB3264E76013250B6CD12EFD09420F0AB5DF3CA09120B10E14799FD2AEBB60E6C802FCDF91ED6E8B003A6D08277C6D8CA
311
EF735608126208B79B824AE65F83916741BABC1088056E198F3C6A13C4218FE9A03F4FD23D7A60780C3C50E33A53A043A36EF0F6C982D7958BD531512147A6B85E2CD9FF2C056306382176B4A17319CA8568B497424FE24B23B0A82CF0055C40F6643A485D2134626760696B32692370EB35537AA090A00011CBCFD4AFF2BB
311
C254998690D811A294805880F09C2A2BADD62A009FD50A501B0C7EF1754416A8A6C6245F8760086650E4DB5C5C4A182998382409EE54D00A06DA3FF2BA3D0C385740978957B71001F06CF2F370965DA1620BF543028445880A058C5FA4276E2F05BF48149AB8A9E291489D6B8ABD43010D4ED2656D7450F735BB1C24920D05
311
B1B33F5368C2A9C205E8028204130D6265690954A03721806F7418320E447A890551C9C7F604A5081B9100D67D648BBC7C11B9BF7242A30A518AF2E31CA23C514A32724828657F9FA2FF71B0303EDE8719144925701095D815C0805B835C9BF9360E144E344B40885111823C2BEAE0A5D95D240DC2D74B0A40375D33D7F52A
311
758683B5D6ACCE1B46C48B1BA0C2856881B84B95CC99996CB13A6C7D6B2FCBB67795CE968A56A06D83CB9344192025A8CB6733EB0626441CA01AE4080BAFDFC084560D5F832595904C615129352FCBE22841BE48E61F648A3922B119EDDCA500BAC7FC95F7ADDFD787BD36323CC44AF5344A90D1FA9A768F575C41015E4C0C
311
7916A1D3C6854281CA4B10FB44B02324A0FC77A102FE85D8B0D7628AF5767FDB3D34263EB132859A45BBDDA59B58C0D8AB660AEC96E0B444444095F3635D6FA5681887E32ECCB626D21E538EE3229839EA0A0AEA72794E46093206B4012890C29C52948E7051D0FCD6EA0988FE33B9F01E5956971C618E23420462052A2B48
311
C280A272E127E49F2C54C9693324B07186277B8C03B24629097B24AB8C5F1FEE4130A5F252C44B11B4002DD02924F07C8605C18A002E44801A900F4000DA3DAE6B3A8FB1293CD08B3FC06A7106F38384114C3B0EA0347FA9CF60E88841C26C54F57A8783A09442C0DC1C6503D37E3B35219D622E6395C57025B188700E9577
311
8814A0261B2579D87FEB72C9E113B94289634CC831968810C7915161938367D4A207F61606603B0C288B3475C43F27F0E9A5C681ECD1B5B82BA42BA2ADF105A6D083436CE68E66F57080E6090A980A090AF436F80A4E81B68302450D90A830A69449E1275D7B8B29208906435343A2F199482C6F5C951F0766BC41079E3A5A
311
BE499DCC2269544637061F270AC1021CC0324959EA1F08E688C380AE60E60AB207252E995F32CB40CAA933EC0B24259CADDAA420D8DDCA90C42350DBC621004241E819015FFB12997F6AAACB897479E0E7483EAA5EB3B3CAAFEFA754BF4A594509DC99EEEF8EB19D9F5381581795A6585B80D728414840A1449B6FA5951079
311
9D8FB6FF43DD18085AC2997EF221413062107F10EA138D17B48EEA489754FC88B9CFC13F0662582040EA86B5E404B2050EA7081A2929119509E42C9D4C335B666B1DC751ABB453BFE70F926D014150ABA0CE39D446969C403AB634F9451E555555F243E52816BE41D99C5895B2522DEBB4814480C3AD593C8200CCAE68DF70
311
DF3049EBA20621801E2751EC00EC840ED0C00676015F01DE815ED0C06C032FA24171BD420177442B3216DEC51F705735121819EEC224610A9A90B2F16D7270D41C34C801605975F85389BD55168AC60C4E2220A10010C0F1F1498AF3B3AC234B77E23396393E511F9662AA7129A84B0C2399F4B025880D5A266350E905D491
311
DCB4C40392184443030813417FCA0150F0CB998CC01FE0E45BF61672F44FFFD0F0D018810B757EC13849019514516273123DA340D466570840E1419B7F610502969A94507A12ED2C7320FFA410C0634D8A6A936DA44880351839DF845D9290806EC2627697318EB9213BEC20467CC1C1414E9F687108A11CC3D79A184C5B0C
311
89228BBBEC26138FA16AD7C7C338FA446FD4EE436ACD96F29C29C82A1846D420C77148F410CF962A629A0A90655F2DF2A8D9FF4D0AF142FEC00F0BA863BFCD6643773F12400981A991A9718E32C066CD132322B0A781AC685E03586659694285057961FD467B07A86519437D56AE396294479D3F5EEEEE7192143DCD5A1376
311
593683FB65E2B833C497599F8AC99E7178DB8E3A66ABEC424B205FB8BDB9C2418CB3B39C31A83393E4532A73649A1C9DC6462C6A0BB0E625A69E5B0F76C83EB2BB82498E341F15BDC01C2003FC46A2CE18C1908ED281EA5456E17FA94F4ABA12DC2F1C2067BF22409BACCF6B12605894E090ACD4E6EC96E0976A5A358815A5
311
2BD8341A50A4A08C43795F3880791777404904E109759FFD2666973D457DE06E840C4BE0D83DD96CAE1C3039D81BF6B9399E4309621A04283E69B60DCECDAD6C6E2E2DF17B7B9B8BCD4D4EE36C51793269E1005D36D6728662918C3BBBDE6EB29BF47AE692A3E388674B56F5E8E40C06943A725B178C1309CB66B13C801F0C
311
A8B01BAB20ED4C1532D6FEF283C1C41E6D110016BB8F0C851195B40E1B5C9F660771269B707F810810280055185D41DC7600B8A1B18306A5802D7F223194BDA06E0BEF0852929CAE060910181A1B76923F9B2510A5B8C06141CC9AA89AC6B1D124115ABC54CD5B39D97BF0E0F5E3BD077B7B7B87877BCF4E4E4E96B6A18685
311
59CEA3E1E879CE9A9199D38E13C5A030917A4ED5A2D6FCFCFC02A2637206B3C066F37EC1B11C9218266EA0341100B23053C7FA9313592575D96894628558238E0C6913725685B4A9A93B6CDA887132ECE72047C06A832A4FAAA9D76D7C0021B06AB32D824F1A4F4A232894281C501C328614E8EE2155204A81886C25C79CB3
311
4EECF23BCCEE7AA690AB06124483289B3BBFF4F8F956BBBD787AFC94DFA3ADAD175B2F9E3E7FB0B7BD3033339886641D0ED22CC26E8406FB7938B58CB4BAA5CD15911993722AAF55F7B943E220B24B4863008980C8D21CEA0FF90FFC6A170FF923E6BFE233E6C983218158440086E0F8747F2F594D789F1EB370C0D964AB2B
311
F51AB04083340117A52F1C204D5E2B8D9086F7418E50842DFD234E2A871B38253ECEBE18FC019225D06726A39F088809F5562EE98D7FF6EB06276F6F3FFEAFFD9DE557B41DAD3D7CF4E8D1BB77CBEFDEEDEC3C393ADE3BD99C9B10EB0FF31713B886BAB8BDB9B9B27AB2BA0ACBCC51769663E99266875E8EA064CD5B31000E
311
B7841C44D8C23F015214987E92F75D962FD8C10C03F4B36985ECB9A1694262D3E3C3E8C002C7CF90CBA5E057B026D5967F25DF0050C1AEA14220D4A69D0BAEC0853CF2C4F9C8EA0D6E7FE1860442241E93362ACB511C8128632157020CB873AC8B8A451EB40DCE1216DF7AB3BC717070A0FD6D1C6CDCBB776FED166DEDEEFA
311
A39DFD272F5E03EBD2D2DCE6CAF6E6EDCDEDD5BDBDC78F9F3F3F3EDE3B8453160667E08020E53B5810272542CE64120750AC28DC2DCC1F495865FF0ABBB85839347FF5D55754FD66130D3C000B8814B833DD178A65EBFA38049054907E2F13ADFD59935C75C007274201CCB2802B14C093029A578224ED1A5A6095305EE68C
311
0FF28287A622E2FA410350238108D94161CAA488FC1297B70DB656B65F6FED2C1FDCBB2720DF5AD4DAFDFBF76FDEBFBFF8FB5B6BF736D65FBDD9DFDA02DE070F1E1CBFDE7BFE5CE398A3A3E720601EA5D1B0617A99721C3289006C8B000800FA175DC3FE6CC95896BD1B2E2C48AFD7EFE6EC2374806CDC229563780A37A09B
311
8A2E61726C150108945AEB00DE7ED69E04F2F6C40B02BEE910832804E540CBBB699BCB15CE502DB6BB0763030DC3687048AAD540D8E12789A19881041C0E64C0C41CAB623BEF0EEE2E2EDEBFD96E37DAEDEA8D1BF76F2EAEDDBD7BF71DFCB1BBBFBFFFE6CD93FD370F696FF677B78EF75637E7319F6180300240854114FCF8
311
7F1800443F495293CD3B3F846523671B7E345437EC2F56D0085BF74409F6847C95BA9E3D1B966447D2755070F69C64F905734B9C43A1730DCA9FB4AB34DA1FB2E71DD1218A2A6A1C325FEAEA8704FAFB5972ACA4D84F050950340403D86D71347D2C641883BA81C9B9DB7B8A02E458F01B72F04DBB710690B41B376EDE5C84
311
19D636D6373636D6D797D7D7E5F1E19B27470F56B76F2F8C52ED81F27179A200A200311F95FEC380625556C43FBB162000B57787946DAFF9F37046760A71501539E444C3A6AF8F911E5E21A864F663A774265D09002026F2D2BE145C8003E85C8128442FA06A929F7B4A040A6950E65844235BD83925060C806C8947883D58
311
40FB4BD13498809551360C7316F0C2D2E1D1CB871B07B73800AE8D003907EEAC7193EADBF71587DCBA857CB87770F0EED5FEEED1EBD5A5150E2FAC055D7AE057AB818AFF39915CF43FDE16D60FE20FFA579E84DAC5EC8F57BB54550D91006880E1A969F202B37593CB63F93AD8D1F90229A00AB8D210047229B7F855CCAF54
311
80D0BAA207F54A61031A202C063AD249B72B918209BA7A8670B5B3A8994C131F90908C5E1FB790559BCD1BDCE6F4E0ECE6EA8B270FDF2904C8A1D01F368D246E2214100B8B2062ED60FD9170C0C9FC1C39F65E77B82A3EA0C40165DD5956807036386213D341C11F57F42F7B53399A2D411E2089932201C6C688DB8D8FF477
311
470B100031755965D44055D026352C7033A960D7E01760850C44EA0907689A50BB527691A21054B33F1E2F87FABBC88E1F1A23670A16402B73507A89536330072AD1A6E18F4A0FAE3ED87AF96A8383E1E5F02FAD7120A81C0A2AAD7D4798E3E60D918C8B8BF70E9677B68E5F3F5B5A594000702629C53844008A09200850F2
311
5F9C7FB56947F6ACB85DE202FEF5AF1CFF9982FB87D84422221033607A8A8D83852A65DDCDFE2F65D38A60401EE409C8E587675502850BDE11807964F67916EE5736211E04808B04B0E960013091D6B14E9DA142079B56C646C428A36E1E62401944D451D693231576076DF0C0DED113F400A7402AF801BD03FC190A347180
311
3C8017D6EE6E2CBFD97A8E81B0305333BBC2FA1C8712CA42808A7FAA80B2281CB6EC08F9FF51D85F36EDA000CCFE708ABD236CA5965F6CC0E1E9EB237D5D294EC79590FA8F0A56019D0BD65CE5595D2BC0B9C54F12D0351C68730E0E344610E035735098001EA8A559A5C9477AE4ACA7FEA9904A1913EF06D704D9F4276424
311
F554590EAFCDCC9F3CDEDA7F75770D21D021010DF236FC82119A928837EE2FDEBA77F06E67F7C5EB93A58551F8DF48A10089012804C8514ACCBF64E822FE7E60BBC69F95F893A8B1328173D4CD194103B28D4802A2C3D7878742D46F40025A5C64CC097C3CA8A69EB9D5468800AF21408480CC7F9B01D4D42B4920AE814604
311
DC23CDC94ABA564E0A38B1483DD2A5529421022D893C1FB738CA31299CC026A9DB87CF77DF2CCB59B01A0D5C20010D7AA512DA1AE160F9E1FED1F1E1C96D8EF6F4EBF36512C2C40254791702BF44DB987EC22D22FCB51DCC04900999B9CB44EB8787D101E208B228323EDD47091139D780A37CAC14BDD260D440E511884181
311
D4B650BFB2A709E085D8D5FC83022E04111DB8E55D6E2103B96333FF391E8851ACABBB373434E4AB14904DC4C2642705C7A3B85DE166AC69309AD3B5C9F967C7BB220544130A1B9C27009106DAFCA3136FDE4700BC7BF8726B6F758974322F1B44D91A9425A0AF857F38454945FFF289EF64033BF32F1B37D9B6283BF238B9
311
03FF14FDD73F2CC130B6AC8C5D67D34694E30C3CD45E42050029200AB4EA4F9EB45772A5D3EEA989874E1406440C2896104C082EC41590268A806B97D1587692A8CF46B9A19148454BCD90E3E19B1C4A4F39F16C847362BCBA5A6BE9F5D1BE604054A190BBA040FDA9173C28FA170100FCAF64FE97E6466D7E5780831609B2
311
6A6170E41F0B4A20B8BD5FCD21BB75FEF0B50A234914D8AFF741F87D803FC28A206B42D377A6FAFB39D4C7F13908F00321F30BA802B6D47FE20608510420375593002CF0F1D0E600C50A420F9A5920B681C802A10BAEBCB8F40592D488CFF68F84D8AA924A5141932DD6A8A93CC5B34C19B2658D9EA06D66E5F029C6C0DDB5
311
FB60A0A30A1422DA1C70038B48F1FFFABAD0FFEA36077BBAC2AC2867394F82D03F0A40D2113036D8AF87A72D9BD7A58685883F2500821CD69E41F441F7887F2C202C415683A8E14082B5C50C01B0618BC6D6CD5389AFAA6081037001F4EDDB6AF2751A069426541C00C480CDA53208A17FA01712303B8CA614182041BA6FAC
311
8BC54F5274E4B790E574037654EA2B6402182DC9C6C2E6E3A7CA1AE0B82D91F89D99D7269F1B6DF98F63B07B74FCEC366717B30C5A950DD2ED08803A440C0123EC4FB459497F7286D4A655EF5741B3EB2FD1118C3F20571E104ED0D8F5B1A15E5F9385F52FC82DC3E4D39A8E274501948293C2A89045FB4FBD84133A4D0221
311
820A8DFE957DA404C0F732FF18C5820797311E88F60B0DB0679E09C222A44101044AF3F1AF5D810C514FBB3BD9682DED1D6FED2F6FDCBD854F00155C6822FDEE2FE2182DBF7AB3F5626F6961C68A494FE010F809818B0120EB3F2C2360FDE1FCFC20ECCFFC4BD214F21F80CC9FDB6343235358FF6A3958D030767D8AEA1154
311
EFC006749334AD2A3EC983C80BF95153CE93DCD3E65FE803C61098938A07140278A5C8424C2369CC3EF4AF74A18D1273616CCF3E29EACB4A6C370BFFA90264E0AB44B3F81FD0802995AA9748221A985CD93E7CFA04B7680D7D48139A6F3765FEC0FD1B8F1E3E397A7D4246BDD963B01751FF6A03A8447F7C511F6815EF2F00
311
F92BDF4FC1AF568DC5000CA738B717A8550C44B300803F94E2680B4C2087EBC7A0600055A900161C48D3C097AA80AC3E29BC201398F44E13692048906705FBA9441444283A301B8D8666884A255D5DFDA272591681022A10432A55FECB1F5DEE00EBE704B8D951303BB774BCF572797DE30069280E71BB89F1B7B67680F67B
311
29D26F7E42F705C7CC1673920A26934F4286C48F912B049DDAA11F8E2554D38FFDFF95C00FFF8FB112CE5E3D80174A181B9F1EA68C0D479B78CCFE3F3834F0DBF08204D840E0550F6C6B172B4AD00147080290091D149C7BD6665E21443022E4001DE83C46A329264C20AE71AF4FEDD92383832851369BB33BE0824AB45224
311
C911DF7872E9D9F3ADFD87CBEBFF7F53E7FEDBC875DD71BEA498D45BD4922B892097D18B424889AA2C099668ACA045BC48D7482A3B4DEBFD214D0B244E6AB871631779AC1F1BC4300CFFD27FB99FCFF7526E46E27066381CDEF33EF7DC73CFFD9F5FFCFCDD5F00F7BBF83DEFFEFCDDF7DFFFD73FD11FFEF8CBDF7EF0CE5B6F
311
FC9960E904EE97FC46C0D5FEC02FFB3B63DDAE9F13B6D57EF67FD658C2BBB18DD9271B10EFDF1D87B7374FCF76A8A79A65C1BA9B15FA096C01F5095F0A2BC00E118500CF914A614115F1A4B07E011E50C3048AC1F7D210A90005C6C956EAADC163E76E8B01EAA891448CBB62B2F2DEEE51ADB7DC6B23C917D381136BDE7ECE
311
14D28F7F1D1C1023727BFFFD7FF913A2FFDF1FFEE693BFBEF7931FBDB1B6FCD5687A8EF173CA07CE2FFE8FE1AF433A7F8376A43F5D9FA83FB26648045AEC21FF74FB4C036018041CB076F3FDE515F58BA86166C99965320D0110C00999AF8105A8FDB0E9427A5DE48899B8C8B843F241E93C41F33943CC0562EE1A801FE5E0
311
078FC87F9B6CA10618AB3F3017911AAA108F896B8C199D3338B6DC64D639A92BC4CD41C13BEFFDEC779FFCE6D7FF497CF0F7BFFAF7DFFFD3AFFEE3BF3EFCF02F1FFDF69FFFFA9C24FEC55EA33DFA5F823F509FF949E9FDE1FC14E7B7C1445DC49F2716F6D7FD79C5184075FB06EADF252394E23DD7372E5C7C75D6D99BB03A
311
F21F9967BB486E8160C22D101D1CC0006EE0819728A134A27572B95E29E650460007EE73203A80DFFEB4EFBEE5DFB7CF8946B3929E353CD084CC25A1E5DB745A4FCD5C6375B515169819AED383275A60D6DC9BCF9E7DF0BB4F3EF9E5971F7DF4F1C77FF9F297787DFF46BF87249A5EB73A60BC44EE77F823DA2FCE3FA13FA5
311
DF9E7F943FC60FF78F76D3FFF96A04FC2444B36AB56900E683DCCFEE9F5EED6C4F8D826D7EDD5A5C03FE39BC011CCE0103A22252111494433840A0D9308E8113AD202272ECCECC55F74FCA897B3AAC28C28D3352B61F3F261A090760B477899AC3C4BB870D263AB50643661C328849EE68CB5ADF94167DCE78E907EFFDECA7
311
CF9F3D83F46B0C0A351811C38D82F9E17C57944EBA11BD6C8799F0FD29DE0436F57D02FEC2DAAB572C617FD441E06F6FAF6FAEC9096711F34C0EB8BEDA5F3F6A30D4B8D8AB5382F0514A985092594E376E80E2A42A9B1820F5CA338EA8590D7A0096EDEFF6002890BCE6DB93BC3F91F645389E600BEBD563964FA6860EF1B8
311
3EEDCEF08D6C30A4BA2C54EB355822CDE8316BA08DDB5D6C1321DA5714F5E2C71657A889D2184CECF6603E1DFD664BDFD73C4CA6E611F86F365F13F7B4E7A3FA83FA51DC8F966BC794F470360013226E59AB1B11202B96425E4BC7868117BF68F5163258C6EF29FD6CC02CEB780C0E44837F0A05A3F2109E135AC52D2202C8
311
7DE395EDE13438705704E151BD566F1C327FD1692BFDEB3EB4A7A493315CB6CEE937AF8993D627BB68339040D88414CA71755425A0D160346C32188DA7D30B1280C190C91FE9F994D0B70B91324BDFC08F850A22FC81FF91DEDFC2A7F50B17E946FE670C825F8B0504E0E6FAF20C0FA8B5B9BAF945BDFB3DD0D0DF32A8822D
311
4EA06DE4A26B00001B0149444154BB47103FB4F7102C8000B585869271EAA20F48752CD00370BA4F9E7AC84BD3C0B6F0BADBFD666831233070B08FE15682D1054BBB1D7031B6DBD26B9C931F046D4D0D411CC8E97110F588E151743ED08330145FFCBE443E511B8EFB3AE41FDB17F83F2DDCAFDD262EDBDEBEBCD5E629FC4E
311
8AB94111CC5E5E5F9D6DED8D884C925455CF4A8D02AC2624302E9B53F023F0CA0A41C2C30EEC545417FC179D198FA18279D443E00F9CCC3B544F820050002ED00AABCD6677B40B069CC3DFBFEC673A07A930050FD6554678EB93E112551E101018434BC9A89A937B64168D87290319F865BE09F93CF811117E951FBCFFC0FC
311
7F1480470BAF56376BC7FBE47F02F6DDED3D7F6C1CCFEEA8E0D42116C310D566AB9E35C22D7425FD8B1000DD2AB800FA520CD00CCC00CD051296B80DEF3A26432CF3C70657B007D83953003E5BFA173200678BDD6E77447794724654B1DF278968DD4A624BB033FA7CFDA26105C256772C6B98DBBBCDEC1578815DDC3D3D1E
311
3F11675CD5EF778459E17F18F5585E96FA8B9F491C1AB6D8AB6E9FBD08C0772FA8904179809BD92DB572F0073B14B627C90894F7286024F442B8B0BAA6E661CFF1DA2AC280CCFB5904C38B5EA858152B57BD20837011748073A8EF262AD8437991F0C0136BCBC4E727F48B908275B253CEFA80C334162BBB08D9DEB8AB06EB
311
358E76932395CBFA392248BACB2D4C7C5A6236027923C9F933EA6FD5BAA2FA58E1CAF64B7FA477B37EB2E12C08CA02647F337B3A7352C4EC8E599DFC184B3AA37718AF0750420582C93783008B1F4AF5EC7998E2E1530BBC72000196E80618E25110130CD05F006EB6E040C0BFE707C5606DB956AB0D9402F4C0B04F1D3172
311
48CCE3E8C0F6D496A19E565D35D6AB912B08A8949AF0D3D01DC0F98BCAFC5BF483418F58BE79C8DFC5A811E9CFD210A5FFABE6F11913A1980E0802620200FD864A4137575707BB63E49F3A1B356AC0C3F9D802998037FE6182C00E423615837CC0BE909A9B2AFC0E377ABB685256C44FB823E8671A42D1A4658985B043760B
311
3DD64D1E0CA9E7C2B4E1F50EF359993F683257A132EBBD90C2AB2223D9EF584BEF7551809CA018CCF784F309AAD1E7C73018F24784437DA001FAD5CF0A914CA0BBE8C0F5D8BBD40598DDBDB8C7F7F3E4F6F2F2009DCBED9FF6EAF54D185D38C831C52300199BC029B5039C600552E1022F3C9DA30AF0F3F54D4CC82690F33D
311
EE2B5F4FCDBC7C27E8289E146C004BB87BB2DA629872B0C7AA2F1DD4F93AD3D99845D87185F064B5F63BEB17DF11C760FC788555951DE9F13674407C6782491848B23D8DF8A4CF37879E8962F47A0AF36BAD1737BB27FDCB9B7BC09DDDBC80EAE801AB43582E8F7ED0C1F614F85986836409017A04124248A01252A79D0017
311
394902A73B0436D8BC4DBEAF581E303D0DB0C0CD1C830ABEEC86D4F015C44B5C793F7F454B06079FF5A05AF570470CA0D42976EDEAE8220146B0C809DD5316288837DBAB574F8E0F99E1E606E8667A992D83DA73B43B3EFF3CE255C0FFB3CA0F415D6E8D77AFEF9176890FE48AFDEC8E3241F03F1181FE29D148C8DEAA1309
311
4B438542EA4B4751202EC123474186508443BC06462A844F9C9DC78B7225C2EF4AC1F383148E2BD8E029A2240FA2598E4BB3FFAAD66CB40FFB54B66299C561E7CA699DC0EFDC2EA637210E9D5DAAAB810232E22805D3188CF50400FD68CC402F23BD8C75E2F3E8F4CCFB3CB88CD24754CBA2CBADC9EE19BC7E03ED213EBC0F
311
0266D48701FE7BB2C2E800915AEE5A4C8CCBA58128438745230A3C2B3CCFFE11FC8D2478013CB8E3255698D6B8E8F44CC69AE4558D2F2F0EF3E707CC5CE30EE5440ECA03E11CD90814B4D0DB8D6312545C6668C8A09121631070C082F1788ACCF0EAEF328F84954AF4E979E104B749EF157240C7DD57EDF556BEF882DF2B3F
311
9166A9A401EBDBC9FAFE3D1BC2EFDE1279948A0C0E5ECEC889DD386E53D18CE7BE666D589265246920C4F849313270B8223FCB17F9542A72E4B2C6626CA1A2C7A2AA026A599037C02700418B733938C9E7F2837CC20341BAC844C3B49A78B7475B18838D2572A776ACA68210F0628E6B9F622FEC97C8A2D62D888213C13D04
311
F6EB7A923C4278B16CBBD4C2364CEA13D96F5F6C31D6E1F4176741DE48FF1BF43EA880096E2E9F9E2D5D34BE0632D46CADB5F84ACEE5EB8A710497434E0A3E7832CFC6F1E15D1C8181553A4DDC0702CA46FBD2F9E8D53D571B67BF8C04CB9EB2858CB1483228ADE5372498CB7F20C1D531493A079DDD537262F719AC136EFE
311
0F881DA7D26F7FE968D0FCD6DCD015506B4DCAC261E0D5A780D6397568B34D6475AD95EE68AFA3B387B3030E6E64FA48FE4BF5DFCB17C481CE965CDB7775157FCBCA3EA1B0A45607C0F0BE3CE471451F84F2F297BC5F8481834AC06EF5C2889009E220B1BD95387222659923AE18979282051192516D011A98D504434F5404
311
D4D93F3F1F52B5C55A3716BAE01DF5803EE0D2F6497BDEC105A3A2F2F3489702E6BF2DB5A134593919EF6DD0D991F8D7AA7F459EEA80373356D0B256246180EBFDEDB1C57B1757EADD668FE256806EDAB56D8213181B93D47304785574841DBCC891BC160E68C5FA2A8AFCF3D68237A115EF6C5CE0AFD72B081009DC0400BE
311
A2394005132449DA3CEFA0081E0FCFA97541D4581D48A90B8B5D58F5284BC5B21AA735197BACC2270E9812096FC90AA8983015B54AE9CE76BF9BEEEEECEBF4F8BAA3148A320FDC54088CF29BE1FD5E5FF777295E8C065F697DFB2DC900C02C4762C356C957061B9B0B180760E5B202066A140C7C43EE15017981F24A0F6005
311
107881993FC0E70D0125FECB21A75EF134A939DCB52C93C81D4A33FB3A2B3291F3B9AE47403D83F1E13693DC815D29B0EC194241160F03D8F88C7B54E0A8519A939F2DDA67A5F579F80AD1C04C8C9864C30435A27CFCC1F8FAFC1A401070CFB231FEFD6176FBF4FA6CEB822C6978871F27F80885E11D68CF8E93B052082D66
311
31EBC25BCE4192FCCF1FF3B314984A010DB0F973036876B451E81990EAD69393D7A5A26ABD55EBAAB7EBA834DF1497600E1E40154E87509B04AD6356895DA2E6172870956039A04FD8841C06321928FEBE74CA70379E5FB3D6F0B7FC1996686A332CB2C460279C6F77179D7FFF42777F761BCD5FCAE45A2D9848D0F5CEEEB4
311
F9059A842263947512904023A051823A757312437AB536E007471C46D6E6DF585CACE0410839CDA8D7E8E316D8315065EB32284D5DED2EF554717C4182E4F33F0252304680AC8B716B33B24B89E11D42E583C6E07C28E1BFDFA8860E0F308C031AAEBCDAA100EBEEE1E9F1DE31A58B190CEE30E06C96DB35820FE54B771FA7
311
1FD71FC157F1512376F6F2E58C24A0CBAD43C98F10D19EE8BF800F68CB8A02ACAFE707CD851A5CA81FFC5335781D95CB8E230CC862456607052DC092D4BC041D706B356804F820408B0DF8E53C7B2EE7C6DC4CFCAA610270B5313905EC0ED5E59B2BE30BB8002320070030B14316084A61F82C95C490EE15E7E6361C3C4D6E
311
03E0DF31CAE16807A95E7A7ED17EF17B5F8003D95FEEBFDE5F3F617E22F0D066F2930552E5272320DD451A802F0A806B303D83A580CC05A066C75D4188DF040140E236871C50CA3F204171C98ECBE2CB3778D50BBE79CE3B1B4640CFA6C9286675304513ECF7B727A3DA62F57C9DD26F1D0BA092C202124863035E20F712D7
311
18D924B18FEC065C7A4A5313EC71BA1B51CE3B43BE187B3400BA1FCA63FDB17D68C55BA6F10F475F01022A03A250D9160D8A2C000C265AC816A42D38E14D2C49F407250B82F468C48386D86F6C56107D1840AAB7DC09596006B266B35A18400917C4067E3B2BD1060B9EB6B9B95A6579AD01B3F7CC01C7C91BE1179E1D6C9D
311
9230B450B7D4948A415D402E27C389A434C2EBDC416ACB65168D82A4AC17E01017111E227D06F9E8F7CDF0FEE07CDC00ED3E1270C7F0C7EDE5018177725319FD7A5D63293C218A030B9C9A13694A2041C8F917311A2BCEFD8E94970BBCD1AB1C6D2E57A2F5001CE0437B7774CEC00413B29892C56981591CE0C692E99FB79C
311
35AAF46588EF8EC623169A62120B318DF694CA2DFB07EBA7AC11545939A110955E01D6E08A52986C3002E3FAFB04F2950D00BFA21CAB637C6CE87EE35CE17E4D5E71FA947E7A0384C2F71FA3FC6937C6B2DBD0BD2CEEEBE6CAAA8923E04280015BA73B00870100532529D0829CF7F8B6BD8200C9AFB283A3516673EE86CE30
311
40017D0E2B6F303B511B391E74C8F7101DEA8F98BF3CB587C3380713594647DBAC8CD92750BDCC7062FDE8F10E6CA02984F145052B477342769BFF6E057CE90FF85A3D24013320E06C98BF196AE146D7B7DDED41C6E5D735DA86214EBF854A4B24CEC445B3F69CAEA68C9149299CE07278CDBFF00A37F33DCEF8C712A30334
311
6D9101740A4800EE6FE78CDE961784564400F0400E6083E5033A6774E988724F585F88798C14FE1890CDCC6A4B17DB90BDBF7E3CE9FDE0476F6E8EF6D62D008433D0017231808F840EC02E90E3757D7D80F2074434E03555E09ECE70FE5EBCA4FF771F1460121805BC25F239B1B212CD4635412B9C763980029F850FE8CEE1
311
16799C5D3E1223F137B85A7A3780CD1178CA7DBDE58ACABC8E00440F4608B8A07E93F35508C87A688EFCCBFE6ECE5773CA9EB00E46933161FEA3A373D6A3383E6412C188F04E7B704E2DCBB3FEC6DE60798D89A10BE7A7591252E147FB1761C0EE810E1091694E7038AA5F50EF5F30D6A5CE4FE75FCD777373B5B3CB7C5D7B
311
12F80E34533F0CC795AC31BD533462F800C74CDA4B5C36896E37747E9AB7005E72CDF884FF0ABA2F16504D183E50F1B3097CA3D1FEAE30439420B63EE0536A5FD8DBCEDC53FE99F2050608FB5BD98FA4DE2938E01304017EDF20756CE1CD676FBDB15A3D6529029C2337981F55E84C3786F6A1BC437CF87F09F7610522FDF8
311
C018451DC2A7675BC3295394EC48D6691A21066A4DEBBAC48B75084D6860093A3162C4DE0C3BAFE5141C7803C9AEF6C7FC908D03EE4309E203B003F80279D947090609D536739322F3C25F70A0EE1BC104EDF684C0060A704AB918129CA9704BFEE0F96460B803411832BF60BFBF753C5A6198F89D670BD573166C102D1A01
311
EDA146312A1023984D3708051047C0551BD89EEE2F1D4E6A8654805ABEC45B292C0BD7CEDD76F421D1B7F8F43AD9BC7454838CBCB518D45F71C88E1E8F807BD18E8E0800789C404540BF4743A8999703D034B17339E25C9E80F8409F0D3E77630A9FABB221034800F389A81AB18752C426F039150436A03903E88DEE0F7FFC
311
937F7CFE6396323DDF63540034600BC402B90E6E3728007D0087BEC1107E93DD01F29E768FDA35E885E8D3424860F014F70C3500FC20831DAE1C43316243279D5D7A35ECD271C16B15622E8649D2D5F5C8BB5A15C8AF0A04B73E4CCFAF60416B00E4351401A20FDE053A3B9D01A81F003501930953DFC66841162522C9D7A1
311
90ADDD21EEBE931B07E323D668305EB27E7AD27CF5F63326D23D7FE7870B355486D9B08A447CC52B7B8E075B1BDB241D0E0F970ED219BE22ED6FECDAC7B4B7DEF557992A8DBF026D945C3A13286EBB2C3D24983B384C3745548819C106212088777A7C261B81083BFBEEE5143A43D9C87A10110F8A4046900D8A1E84253405
311
EEBEA77D644139400B0CA6132A5910EE7355160A403338B0439707F1E0C3116B436C6FE11AEC53DEF0B8565B646EE1073F65CE1073A7FEE1C9EA66370F26E57CD0AD63736AA35D162BBAA24778D55FDA238800A5BEAE23F9ED06BA9519B7B826C6E1204DC8255B4034A0978BEDB2891036E85DBA39409FBE6C0F2C7100E8BD
311
AE1F154E11018900C0087803AA82B2D103E2694A035880F3830D8F828262FF10739D40E0C712E0072005644D0DD759DA05D23E661ECD648428F0E914B6B706F93E792543B2D96B6B6FBDCD14C1B79861CA3CB13729B3F6068E6C7D74CAF40F95A275CA2959D5AC492DF51198CE6C01D533ADC049AF56C542AD4AB3E15B9857
311
4478E8AEDB84A0109E1720016D0D4E902F3882153CF23A3C81151015B2BF57B8CBAF07070A83DA008C8373858086A0030A17B057C8E1812A7EE018A1870952D72B356F2CFEE9D25B0EF891E9DEE68E930B2A0998DC8E4B4C82D1F0FC747CC41A9548C9C9DE0923CBF4A3F088D08C07FDA5217390A8E3DEC5E4D7BED3E450B7
311
84843907D8A5055C0083A21179131B94FDB7AB6AAFB511CEC8299A113ACB0EBEE46FBA4FE18AE80D1409BD5A4262E10AF9401E2AF640090816843FCA00D8DDEC0D2087EC74FC4101A0610EB1856C9434C016923449B63BCBFBA0E198C3BC77CA640F50C03DAC61EA6C60CA23A314D20FA0678068EC5FED6016BDFB80F500F6
311
A84683BB49CB69053FF18D8696455E34BDBA1FEC144C94136D81482A6A7C58C9E53760015E2809FBB36E3E0758E838790684014C86C8471545022690F4252E904FE4886617F0ED71DB2712D5B001AE006F801E3650C9690ADA4CFF66930B4ECE8F98204D257CEA0D1FD0F9A1ABB3C1149EF323CB92AB10B098E313E6843A3A
311
EE5859BFC3080AE3C7E6863123394B99F06B0ABAD08E260C210C48AFF0B7AAECA4028E808DA9B29C4B9853AEB47DD106702DEDB6C56C604AC741D186848A0C60F94190E2694539005C4C4979533BB0450CA212F21C7D40E8AE029005A00464209341AEF00C1C40A509633DF4092EE65CF0780BB78F41ADDBAB2DAA8C50971B
311
4D81B4A013D4196002FFD1811250C205BD272D6C580B5C814D3EA683418E0D5E071FF2CB8376DD8648506334C0522CA2B02912D21E04483A6E100FEC3CF0A3F916E0F9484E68344180EE021CA17A40334408D404B28EB764C703EC0983702C71A84F43E91D00BA4E11C7104875D7767EF849910486CB4C29A6CAF3EC962CC6
311
6D72AAA933409F4196C674664330F82249616A53C026710A8572021EE125F2499894EC0DED919DEFB05EE897B6D9BCC2E8C23A3F04765CFB22C07C2E2AC497F7CD1184D470943BBA3542624507C800184CB5A36E953202FFAB4BF9A22FB10BA385D7E439A9658B94014E804079801368FF1430F50A287ACE9208D8347BF5F7
311
9754B925ADF6823E031527C884940D7CE1469D9FC00C019BE238CC1A35019D8C1A6CAB13D346635900A653EC2582CC6ED3A07F80534FC1052A6B1AEA0E18819A3D0D663727A36830FBF881BC8A8032A07700D4107E2E08808F92C08CA80C608DA0801FE5E1B0BD4F04F2A20D6817B828BA008B001E98DD0C2F000ED5D4A888
311
BD4E2DCC7D66B41AD6BBB922CBD812BCA484EC994777C1F0B818416AC8BA7673D87CB847BE18972F183E4EAD304751E13347131176FF699D3414C45C40130A3AD0F24ECB04BB5CF0F3C2095CF17EB1106AFA5629B02307719B7037C305EA05810737AA06050369531C78067B1F955F895A403C685D9BD06EFA895A06D84131
311
56CAAD7A8BCFA773030E58067176778D57C420BA2954264A992B46B2258B223DA66AA1796316A1B34E03A8410F30670AA58121890A94A4D83D1A519CA130668C811FF0698CA4E2AAD61641708EF8D162F82D3E0114B4037E57C391215D641821A8E04D4D806320D8021F5CE02DF08BA081BFB0130F92DD7C92A80E4BF0EB72
311
A97A4C52291068F1298C7D78BEC722418F09095C5F33BAF10736A25C74F3EE8872262C82F9C7601C1831DE310193CD52DE24CDC205888225C334A63CD72D70418820830654E3B2075239347CC2BB9F8004DFB91C8C7064B3E7686A362AFAC5013DAE32B80019452F14F2A3240B2A4404FFB11F410496C516C08CDA4A9EEBEF
311
F8787E5F443406DF4431A0C02613F5994E22734DAEAE88FA13E8F9FBCDD8CF9D810F83E63B3BE4D9984C6189AE0B0A15904531E51F55A9ACF9741F0FF00625F35F4DEC46C6CFCFF329929E5B4491240FF89E280134B50849B559A19735DFEC28C43FF64041F02F08910B801DE52843808FB09FF0F33CC077EF9FECE5EF8918
311
7F13B28413D0E05A3E2246F496600567E1B344A1394EAC0F0D37C8102FE108B2BFE91CE20F5135D2B4538B86A23149A18AC644B3205AA080120A5219F8D907071A29AFE517A1BAE1AB726EDBA4391FD9226EE73AADF40836AE94D800B1A4C407E4007A1173E8610E2D822621BA12E1C04B1001D8E0E22A00AB680025802F0A
311
408658E6380708681C87E88411D68F4449B030DC35890437818110E3FF0C77BB2408C51F1004A2C85954196D2802F62C552006C821C51AA85EB4BBE85B640D5023EC9AA48026730419B4C24BF42024463E0BAA2492F2A06D0315956543488EF1210B610521365C928081DD04ED036A01C86322C041F84059E06AD1893C14E0
311
7D72A097170A2EECB8E1B7E92B65D3031A8FF10C3102145762266AC68C40844121FA028E229278867348F7C09903AE6AA02B8914E853C779F071FAA48A1A814AD100468A6C0876813D381121D1575CE403694F2BBD81A672A9B24CE0CC88519104FAC842FC106B93F0D9E696D253420FB28058C8500276B2C0CEE355AD4136
311
F210CC88065D7554671812458E89A49A8E21344248761EFFA6474CE7897FC794373AFB1DB20885DF9452FAD7D44EA6CC203E14D813036D6D2D61591502CE21DC0FE83E1E6324A78B0983D71C165EE0588510F350C0E604DC810F94E072500016124C94091CF95533E65825294BC011984A1150C756961EB49D5012C741291E
311
89E64514C8FD0D9C55D122E4F082E8A03DFEA63A217E339454B1011BBCE08413D6B077C33466DA20359C872C9C80CEB8C01D485E115230D5932EAC04D32304181AB85C88C1009888F47B405BD41252DDABF164B9CA89B8104FC28F0E4004D8081E13341419B082A133C366C23C970B3000F045378082202223E89106A374C2
311
ABCF2DE78BE5A022B0CB1FFE1AFB7069A3011B40C6C974C04C41BD46E3A9CEC2359CC21C34669F3029139F48E9379F0CEA1FD9DBC6122A01449D7990CF0209BE427F81062CFEE40449EC2EB007FBE17D9BA1F6B33179AB91245564803D8830844C8C79AE1259DB618E05080F2A6A092500BE1C60C4C52DD2A03A403FEAA2AA
311
5BE47C7180275D7E57D3137240A7F0ACAE02C5302770757A3DF41F4E2E74FE8F481EA45A1250933BCDBC512ED16BA2628D71053A11F12EA8A4A23DE44910DE170641E86530490B12FE9FFB698978F083420AEF8048B2089D213335E481E8424658348BE2C430243B4D2239C80A0248C02628035A0251A262E43FA6010CB8F1
311
63801A048B0A24435C6B1FE4063C7939D2E6D1BB21CA21396105CCC3F484F1255CFF788F632A6BD20FB027A0FDA30F2DE51359A1EBF540739EC3D6AC0E8446A1CF93E7904B603E1574210554DEDDA57DCA2A8240B340002367217CF61EF92F2F30034C81885208E05A861631BA6808C503EADB95084EDC17370950358B20A3
311
44146A94CF0B1A34C8851EB63CA64C4E501E4006234C060CEC1102EF603C1D30CFA2A8BD874F72372AC0AF4A529F2270BC048DB74838508B13055E42E793BCC90361CFD23B52382B8CA732662616187373E38C5DC1824709A3830E83A8CA04AA307C905D81BD7005F0C3139A4605229D07879CC446610019B0D62CE36E36CE
311
0643B930333E33CA8DC26A2040A71FC6980F3AE84F1375A2DB0CD8C02EBC88B7DDC24181302A4DA728E4F673A9CEB9D0CED951FF4F754C63D20A8204A152F3FF00C79ED8398E2F0A8F0000000049454E44AE426082504B0304140006080800C446625C28BB58AF800100009E0500003D00000044354435463934302D314132
311
352D344442432D384233412D3045393939443445314543362F536368656D61732F436F6D6D6F6E536368656D612E786D6CBD544D4FC23018BEFB2B96DE15493C78601010A34B880709DEDFB52FD0D8B54BD70DF6EFED3AC0B12E6442E2716BFB3CEFF3D18E26FB440405EA8C2B1992E1C323095052C5B8DC842437EBFB6732
311
19DF8DA659866649B798C078B48AE6410122242F2A4994AC7F93815DF85C049C8564CA0A901499DD886B2EB9B1E02448F358701A9235880C49A0119892A20C89D1B9FD768815CAD268CB5E0355B40B1E47F3E37A2020464BED06AA57CE8FCC20C3C3446D46761A2632A8C1283D07031EFF2AE7CCB1BFEEE916E406DFAC8E36
311
FFD99A9D60A6944090EEDC3B670C7DC13DE86B6B2C5C240D6E503BB85ACD579D513F1B9F9A69DC9CC22AFA80C426D40AF0B21EA168559156B6276F0F726A6BFF04DCD513A87A62CAD41FB24FCB2858B3952E3D852084DA25B9303C15687973CC8E8AAE11DF2836C38C6A9E765E8C1BA1BFB1DC29CDFE518C8B5A7655A4ED7E
311
77291ABEB80DBD82EC866ADE1B8D05AF9E35CF09D7A061F38A986D9EC412B8F0F65E5D81534D9B231D1E5A8FE577A241F3A5FD01504B0304140006080800C446625C1004A04F380500005C1700003E00000044354435463934302D314132352D344442432D384233412D3045393939443445314543362F536368656D61732F
311
47656E65726963536368656D612E786D6CED585B6FDB36147EDFAF20F41EC7F69A2005E214768278069665709ABE0A3445D9DCA80B44CA89F7EB7B0E2FBAC4B2A32643D10E33505411A9C373BEF39D1B2F3F3D27926C79A144964E82D16018109EB22C12E97A12943A3EB9083E5DFD7239558AEB07B6E109BDBA7C5CDC902D
311
959360CE535E0866DF07A7579733AAB85D5AF234E2C51DD5B081CA7A87DEE56E47E2D6689E735AD0947194500A22A249308DB6F82682A3782C52A141BD80E4E54A0A3609622A150F48C16994A57237097451C2DF462738529D3AC5FCFFB5B401988BC78824973CE1A9A628D91CB968BDBAC335B9A4BB379C6ABF5D2474CD7B
311
9F773F7F78C349F055EF13FE2CF856F0A7379CE2BEBCCE6456F8E316A9E66B5E18E4AC77BF5812F5937FDEF0F5BFE3E3C785576D96659253EB54863A87AB5D98ADFEE24C3B8E38FE48BAE2C062631799EDC8BDDD833C6E88585B9287340B23AEA990CA49B1A473421E81F856D06D9125E45E6F001C4F7F85D6DECA8C6A8357
311
53A250DA50DF92F743409CBC3BFA4C6EFCE2618D302A0CEDDB264D93950002937BC66489A18D0A345DD650415124BE376A745EA9F0E016108E328D14C979C1302CD6BC0A4191B2C2C49112FFC0DB51401288D6A44C26C1B87A160AB6A11E5BD862514BE8B3DB750607BABFF6F781D6A74EED6EA7AC28FB3BA68C87AC94B213
311
8A99DB41AE7147A71F56659287340123812054CAEC8965690A74E111C5BCA7260158B0963EC50C07E38FEDDFC5C5C70AB6A915F446D44E46C321E46087E23E221E2BC0DA6EB440EE6F44E80CE5AE2E2D2F31AD7AB71B8B139AF730773909401FE0D8DC3FCCFCC3D438DC1176062076C3CB4A9D953ACC72CA84867CDA0361E0
311
910F4EF3B109A07D332211C72556825745A215835F47678059E337068E3ACB0E2EA2B507175B0818FD1082EB4D26186F85BAD33464988F1420E1B9E43D522F8452A450106B04F01362BFF1B2BF5059B60F687C9F663A54396722163C7231012E7480FE916910E6572B6D8F4A54CBF92C5CD324A163C8508058D3F16A399B13
311
B348C6830FB5FD47257A1B8D2CF08253EE776B3A72D782D895363D96020B6C18D3C86359B3C6D45E728B4B9D716893D091E4D533045F495D2EFEF633FF5A660A520A5790765FE52E12F0AC82685E7FFA0398D65528850A132894DDE9F837B1DE48F8A74D487795A482C7122A6DAE377BDC5DC212A465ECD8B03E7E2E208EC8
311
8DD9DA89456CFBC477FB798C74389668AB1A75C820AB7568FCBE0B5F94DC9AFF0D038D9F77E49D45B8278FC7177D0DDCE732FA0BCDDB42720FA90E87115FF76375C5696F368AF83103F6A5911FFF03561EE06AD10ABE933AA9DEC398588888137017449E09C377051FCAEED1E8BC3BFA9CB27DA2CFDBF533459F374FC0C4FD
311
ECCBF3E06CDC6874E0710421EEAA6CEDBFEE60EB913607436C3F5BBF713F6F42253B9A4A0FD64C08416FA986EB02254B1846D82E7CE2584EBE31E340E9A8247483F07D5B84AE3A5AE0D4C5B202EE585468BA84105B1F5EC00C16FADB133FB7399F390FCF245CBF9027A137FD26D1D651058D44D9B331A93985CAC2046CB4ED
311
9E0314977128A42C13DB06879A273052525D16BE833B8706BD1269FA69F2B9B109BB55D30D37679986D85848B86F026CF21E74809100180B0D280C36F6015A7DFBD06AEB6F8D503BDCD7DD6DABBBEF54E1FF5EDF0E3AD53C03509B5B816FE9F51BC8026F44DAB82BA989F200C4220B24166C3037854094FD46C5648D9C42F8
311
B07E53687D824917FED3CE56F3FBA68BE3C6853FCD64F4A00BB85831B1243346654A134805AF5CF39A9DFE22C9906A6EAFE8303A5F4AC4FBE637489CB62EA59B9D529255F326CCC28ECB77F812A7D6E63DF957504B0304140006080800C446625C8A56E75334020000A30600004200000044354435463934302D314132352D
311
344442432D384233412D3045393939443445314543362F536368656D61732F507269736D436F6D6D6F6E536368656D612E786D6CB5555D6FDA30147DDFAFB0FC3E5A5035ED8150015D11DA8AA6F4437B8B2ECE4DB0E6D8C8765AF8F773EC7C4009AC7B184FC6F63DE7DC734F92F1EDAE10E415B5E14A467438B8A604255329
311
9779444B9B7DFE4A6F279FC65363D03EB20D1630193F2FEFC82B8888FED4DC147355144A86337A3519CFC060387E7FB2941673D484A7110DF75F023125DB722D388B6806C220251A215552EC236A75E9FE7BB62F15FA210677789A2B9D142A4551DF720D0858A353F700D53108F2B4DF62553B5742057653EA0C182620D698
311
2A4A4008F5C69494C82CA650356B226A9C0922B0C7CE1B4FB06816B36631F58B9AD35378AE8DE20C7DABC76409AB5498ADA3AF15771B895436315B643CE398B68D04DDA1C475E1915F409401FE7CB977ADF363A52CE9C02B3FCE239978314B72280A18DDD4325DFF7593269E2D883F24A3C14DD76DAF26C12582AE31462DC6
311
8FB0ED545C051993F1A3D5CEF03ECB4A2D6B80B6FE395E55C4F742813D2E91DC28ABD576FF81B146B4B367DA153AE03E31ED85E4BCA01833D4EE093A1E3D2BAD2A2D25D625D1651A77B6D46EFC7F8D5D44DB869705E43EC53DCA02FC0555C1E2239F649A25959CDAD826A4D5769EEF5ADAD5DD3D3D4DCAE1ED35B2DF05C866
311
429DA1B36FF3EF0FD3959FD3FBA81D02783A9FD52E628BC5AF6ABC6D36FA6D954A17E01EFCFF646B80BF60EB69FAB4B260DDABF443B3EDAC8A9BB2FEE435A8FF28A5CC37128DF99896C1E8FAF8371C76E3885583754E607D7E41E1616EDFC0B2CDC95BDF67C08FFDF073F307504B0304140006080800C446625C705234CAB1
311
010000180400004100000044354435463934302D314132352D344442432D384233412D3045393939443445314543362F536368656D61732F507269736D4D6574616C536368656D612E786D6C9D534D6BE33010BDEFAF10BA6FBC1B0ADD839D92642104B6657149AF662A8F53813E8C24B7DB7FBF23C98E9B423FE84DD6F8BD
311
7933EFA9BCFAA7157B44E7A53515FFB9F8C1191A615B698E151F42F7FD17BF5A7D2BD7DE63B8150FA861551EF6BFD923A88AFF75D2EB6B0CA0728917AB72031E5F54B7566B6BE67278EEC7B286804E8282BE4770600446B8D4BD428D264020454CB615DF9F5DEDD0104C70D60FF74A8A8A77A03C72E6105A6BD473C5831BE8
311
3B09BC86E08B596531821734746CB637018FE852972CF12E6FE273EC97916390094E3BC14E1A19557F0EFD5ADB2CF3B09F04DE064746A406CA0A5006348DF6C1E4E9CFF335448BA2D8D77CD18D2FF0ADCF2CDB5A65F30E75ECD374942150CA3E096B0C8A802DC4F4F88A7B1A46656F6A0A5B3269371D36D3619D0E0AEE9122
311
5663A788638AC7F6C14A81692153B346C4FEBE070A50767DBE688C0D8DEF51C84E62CBD9489A1567C8AACC9C77A0864CFC363C658AA61B696E6C603339ADF71D265FEF36CD11B486E5C52893E61F897CBDD9B15464CBC54534EA1D26250DBD97916379E2F893AF095B64F099DBA7650D8EE299E638210FF54D6C59BC7CE3FF
311
01504B0304140006080800C446625CF702076DC3010000E60400004500000044354435463934302D314132352D344442432D384233412D3045393939443445314543362F536368656D61732F52656E6465724D6174657269616C536368656D612E786D6CA554CB4EC33010BCF31596EFF405481C9AA2A64851255E4A816BB4
311
38DBD4926347B15BE0EFF1236982021512B925E39D9D9D59677EF3510A72C05A7325233A1D4D2841C954CE6511D1BDD99E5FD39BC5D97CA9359A0DDB61098BF9CBFA961C4044344599637D0F066B0E22C074BC98C7A0319C58A9B254B2435ED23BC2F388AECB4A6089D280B18D139496815152EDDF046711DD82D048498D90
311
2B293E236AEABD7DF74D5D839F69EE1D9F48E1F3BF448FC9E6BF144F351E38BEFF9D662D0D16587B77825FAF2195BF515C395B563BC5197A0AE68DCF363BA831CF7C7C8D7F0DA23D42898037B451BA833673DA92BC82D87F636ACFFB0CEC96F4EA30EF9A0FEAB85D91CAED89348D80E9B178DDC3ACFC71D06F2528A182138D
311
D8672E4DC6DC57CF91467432BA985E4DBE3DB399079353607C0A5CDA0B70D4E65A122FA41BAEEF6C272908D315B076451BD55EB0FF9E092E11ACF8C6B5306028F9D5F15EB95426D31532BEE5D6EC700FBA0C1E94211D7ADC8341143D429D2671564059C2EC72108B4EE3847890CC4697DDF8A708DB01FD7AD8209A41EFC2DC
311
FD7063A504821C7869545188D6C16DF801342CCE6B276363DC8EFA4AFD0E86ED0677C3B77747C7FD3FD617504B0304140006080800C446625CD774C0EA76000000BA0000004700000044354435463934302D314132352D344442432D384233412D3045393939443445314543362F4173736574446174612F41737365745461
311
626C654F66436F6E74656E74732E62696E53616060303032313574B670D6B5B07432D735713637D0B5343477D435B030B730317673347233321302AACB4D2C492DCA4CCC492C28484D2C4ACC4B4E050A82012F90744FCD03CA26072767A4E626EA02058831363E20BFB8C4C8C0D014BBF94C40635880580088038A328B737D
311
534B127320560000504B0304140006080800C446625CC55C663656000000680000004100000044354435463934302D314132352D344442432D384233412D3045393939443445314543362F4173736574446174612F53747265616D56657273696F6E5461626C655D8CBD0A80300C06F73E4B29FE6CDD8A2E82A083B8B7F209
311
014925C9FBA3AEAEC7DD2555D896CB85E51C2A1BD834F6A1F56EC4494C4695278364ABB24ABD2146F88CCEBB89D5321FF8F3F43D672A3B44DF3CB6A1710F504B0304140006080800C446625CA559C669350100009E0400003600000044354435463934302D314132352D344442432D384233412D3045393939443445314543
311
362F4173736574446174612F636E782E786D6CCD943F4FC33010C5BF4A648931B11BFEA8548E2B044B2790A818D8AECEA5B5EAD8917D41F0EDB1DB0CA022A60E5D4FBFBB7B7EF23BB9FCEC6DF181211AEF1A36AB042BD069DF1AB76DD8485D3967C552C9E03DFDC058E1A0C786E53253721BFC384CA5163B186DAE5AE3F653
311
F12146A4356C2C3E778FDE113A8AACD016626C58D43BECA182917C8B715FB54050CDAA80D18F41639A44A6C769920E08842D53B5A8EF4A715D8A7A2DE68BDB9B85B87F973C934A6EBCB7136FD2B2E087AB5AE8E35EA684E41950720C66A2F26B98FA4B65B5314EF2442A19292457A60EFA1A52070C83351A2899C7BD26A432
311
4108BDE44758499E5DF8E5C51376C699DCB24AD2807C7849023190C10BF4E43FB5E7F766E52281D378C98E9C6A3CBF0FAF875FF4768CE52137979796538D67C8093F9C92149B7C59D437504B0304140006080800C446625C5DB1A67CE7000000600100006700000044354435463934302D314132352D344442432D38423341
311
2D3045393939443445314543362F5265736F75726365732F30323435314338432D383942372D344337302D393137412D3038373834334641324632362F7468756D626E61696C2F302F636E782E786D6C4D90CD6EC4200C845F25B2D463029BFE68BB22EC4BF4D44B458937454B3002B36ADFBED072D8D358E34F9667D4F97B
311
F7C30D53761416384C12060C965617B6050A5FC6230C67AD1211DF613004B3E302CD06ADB64425766BC58B29BEB9DE856B37370C989CFD886183C17A93F302D97EE16E26539856CCD769356CA6C39430534916EB01763BF60336A1615C41CF727E19E5E328E737793C3D3F9DE4EBBB128DD4EA93C877DE05C644F1619696EA
311
18EA3F528906685592EB540B01FAEE3925EA52ABCCA9E6EF10FFC40A9918BDB3866B4D822C238F1542B32BF10F6B255ADE2A7F65546DDDE85F504B0304140006080800C446625CA233C2345D000000800000006500000044354435463934302D314132352D344442432D384233412D3045393939443445314543362F526573
311
6F75726365732F30323435314338432D383942372D344337302D393137412D3038373834334641324632362F7468756D626E61696C2F636E782E786D6C4D8B490E80201004BF42E6EE76F3C0F216234B883063108CCF170C074F95AE5473F5C4C06E932E4F28601967600677D21E9D8092EDB002539227A2FCCB80E1168D80
311
A6417297A89C5D6963B7129A0D1E8F2EE73AA7B62BBEB8B27DE50B504B0304140006080800C446625CBE89762363000000880000005B00000044354435463934302D314132352D344442432D384233412D3045393939443445314543362F5265736F75726365732F30323435314338432D383942372D344337302D39313741
311
2D3038373834334641324632362F636E782E786D6C4DCC3B0E80201004D0AB90EDFD75167CCE820A4A845D83603CBE602CAC26799919AEEEE0D965E2E908050C6D0FCCE04C8BC355404EB6198129C92351FAD580A10E464065907C8D948F8F166375F655BDC3FDC3B4E530A176BE7057BDC43B2A593FE403504B0304140006
311
080800C446625C139FBCA7ED000000680100007000000044354435463934302D314132352D344442432D384233412D3045393939443445314543362F5265736F75726365732F30323435314338432D383942372D344337302D393137412D3038373834334641324632365F506F7374323031352F7468756D626E61696C2F30
311
2F636E782E786D6C5DD0C14E03211006E057D99078DC85AEB6A90D4B5FC183272F0DB2D32D29300406A36F2F2807E369C89F2F93E197E74FEF860F48D96258D86E126C806070B5615B58A1EB7864C359C984487F181B82F6B0B0163325B78425F66885AB2EAEA5CE867B0FE9F2926CF6E3BC3F5C62D8D8609CCE7961D9DCC0
311
EB4917C215F27D5A35E9693725C8589281BA84AC87BEC424D0042B53B3980FA3781CC5FC2A8EA7FDD3493CBF49DEA492EF88AE7B1B0812C6875918ACCF506F129237A06449B6ABF611A6FE1D2879054A664AB5870EE92B56A86374D668AA75713404345604DA4BFE8B95E4EDDF75FC945267EB487D03504B03041400060808
311
00C446625CA233C2345D000000800000006E00000044354435463934302D314132352D344442432D384233412D3045393939443445314543362F5265736F75726365732F30323435314338432D383942372D344337302D393137412D3038373834334641324632365F506F7374323031352F7468756D626E61696C2F636E78
311
2E786D6C4D8B490E80201004BF42E6EE76F3C0F216234B883063108CCF170C074F95AE5473F5C4C06E932E4F28601967600677D21E9D8092EDB002539227A2FCCB80E1168D80A6417297A89C5D6963B7129A0D1E8F2EE73AA7B62BBEB8B27DE50B504B0304140006080800C446625CBE897623630000008800000064000000
311
44354435463934302D314132352D344442432D384233412D3045393939443445314543362F5265736F75726365732F30323435314338432D383942372D344337302D393137412D3038373834334641324632365F506F7374323031352F636E782E786D6C4DCC3B0E80201004D0AB90EDFD75167CCE820A4A845D83603CBE60
311
2CAC26799919AEEEE0D965E2E908050C6D0FCCE04C8BC355404EB6198129C92351FAD580A10E464065907C8D948F8F166375F655BDC3FDC3B4E530A176BE7057BDC43B2A593FE403504B0304140006080800C446625CBEBBAF4C8C000000E50000003600000044354435463934302D314132352D344442432D384233412D30
311
45393939443445314543362F5265736F75726365732F636E782E786D6C958ED10A832018465F45FE7B973A9B0665B4A0EBBDC1886521331D66638FBF1CC176BBDBC3770E5F59BF668B9E3A2CC6BB0AE88100D2EEE607E3A60AD6386209A85665F03EFECC00B97ED615240CAA9C825F1F3B1AF4D8AF36516BDC7D8784F19CB6
311
B2C5B2380BCC5B41704145838914921FBB8675ECB4195952FE16AF17BF444668FE2D649F475B301D546F504B0304140006080800C446625CFB1C6523260100004D0500003400000044354435463934302D314132352D344442432D384233412D3045393939443445314543362F536368656D61732F636E782E786D6CCD94BD
311
6EC32014465FC542EA689BB83F4A234C860E9D22556DA76E14DF2428C0B52EB86ADFBEE07A70D46ECDE00DAE8ED0773E0462FBE96CF101140CFA96AD2ACE0AF01A3BE30F2D1BE2BE5CB3622B0521C619C60AAF1CB42C8F991407C2A19F461DECD560F3D41A7F9A860FE81CFA177D04A758A1AD0AA16561DC566A88D8413855
311
9D8AAA5A55040107D2904E88C6C174822650113A261BDEDC95FCBAE4CD2B5F6F6E6F36FCFE4DD49994E21DD14EBCF11108FBAB866B4C4B9F02715167408A81CC44650B26E7E9AAD487A813214588945A98C8F8D52752F5BD355AC554563D823F8C1475963D537E040F64F4529DCFE25D4CFA894C70F33A9777D9BF225E567E
311
0751D9A55EFAE83E4B7831F567F01DD02EBD5032CBD5FF2BE5FF2AA8C79F2F3DFFFC11CA6F504B0304140006080800C446625CE3603EBE7A000000C20000002C00000044354435463934302D314132352D344442432D384233412D3045393939443445314543362F636E782E786D6C6DCD410EC2201085E1AB90D9DBEACE05
311
D09878023D01A1D34A8419C380F1F82DA68B9AB8FDFEC93C3D7C52546FCC12980C9CBA232824CF63A0D9402DD3E10C6AB03A3397DD192872090D3406ABE7CCF5B5D18893ABB1690CF4DCF02282E5EA8A5BB96FFE536F285CB347F95BEFFE81C9ED5AFF9D5B1FB575BB00504B0304140006080800C446625C0DC3BC987F0000
311
00A300000007000000636E782E786D6C4D8CD10E822018465F85FDF7941434D904A742EFE1121D13A191B41E3F685E74F56D67DF394DFBD91C7A9BF8B2C10B20A70A90F18F3059BF0848FB8C6B40AD6C6208FBDF0D901F3723A06090CD12437A1E6832F3985CA1CEFAF5808A2976E7B4C2A4BB304C553FE0BABF76B8D29C73
311
4535D1C32D1BE7A2E4F9F5F296BCFC02504B0304140006080800C446625C1E7A0675A400000032010000130000005B436F6E74656E745F54797065735D2E786D6C95904B0EC2300C44AF1279DFBAB0400835ED02B8011708C16D239A8F121795DB93D22D20B1B467DE8CE5BA9DED281E1493F14EC2A6AC4090D3FE665C2F61
311
E2AED883689BFAF20C9444F6BA2461600E07C4A407B22A953E90CB4AE7A3559CC7D86350FAAE7AC26D55ED507BC7E4B8E025039AFA449D9A4616E739AFD7DE8C8338AEBEA54A820A61345A713E0B17153F7257E37E705E3371913892B25F02FEA0F1FD83E605504B0304140006080800C446625C3DEE336E64000000790000
311
001B0000006175746F6465736B2D64657369676E2D7061636B6167652E786D6C35CBC10E83200C00D05F21DCA56CA76D41FC96062B120735B69A7DBE268BB7777961F8D5AF396893C2ADB70FE7ADA196782C2DF776D7A97B5933C430F15651E5469C55D70F80A4992A3ADC954792C525AE70A1E4D6AD9816CC044FEFDF01FE
311
3FDE907802504B0304140006080800C446625CFB72FF93FA000000960100003700000044354435463934302D314132352D344442432D384233412D3045393939443445314543362F4173736574446174612F636F72652E786D6C8550CB6E833010FC15B47783793481C8382204BEA0A7DE2CE3102BC1467E54FDFCDA814AED
311
A992A5B566676677879CBF9667F2298C955AB590A71812A1B89EA49A5BF0EE866A48CE9418ADDD2F1A248A2DA285080325B3D17EDD21AE95132AA24A4F620799B5C241C29FE1D382E577B1B094791718F691AE8C3FD82CD23CDD7894782FA75D2AA7E0266F5218A043712CCBA1AFD0D80C3DAA0E638F2E97A141C7BC1F87BA
311
0BAFBB922C8A297172F999CE8D604E4C400B5C1C102E112EDE717D7AAB4EB8F920596452629D0937EF43E37540BBB8F5953946B2ADFBC7D5AFD3FFAE5E2A5716BBEBA6B040F3B0E4AB414916530AE51561A83151FA0D504B0304140006080800C446625C8DC1677DF50000008E0100006800000044354435463934302D3141
311
32352D344442432D384233412D3045393939443445314543362F5265736F75726365732F30323435314338432D383942372D344337302D393137412D3038373834334641324632362F7468756D626E61696C2F302F636F72652E786D6C8550CB6EC32010FC156BEFD8F8D1C48E3051E2DA5FD0536F08888B1283C5A3EAE717
311
62576A4F9556DAD53033CB0E397F2D8FEC535AA78CEEA1CC3164527323949E7B08FE865AC8CE945863FC2F1A649A2DB287040325B33561DD216EB4973AA1DA08B983CC39E921E38F38F4E0F8875C58CE828F0C77CF57C6EF6C9679996F3C4A425062972A11DDD44D490B74AC8E753D0E0D9ABA7140CD611AD0F53A76E8580E
311
D3D85E625D5E4991C49478B5FC6CE756322F05D00A5707846B84AB37DC9E5E9A13EEDE49919894386FE3CDFBD2741D504C8A0DFDE31656F1BF5B50DAD7D5EEB6291CD0327EEEF9404991D289ED195DEC2949FA0D504B0304140006080800C446625C9BBCCE91FB000000960100006600000044354435463934302D31413235
311
2D344442432D384233412D3045393939443445314543362F5265736F75726365732F30323435314338432D383942372D344337302D393137412D3038373834334641324632362F7468756D626E61696C2F636F72652E786D6C8550CB6E833010FC15B47783793481C8384A287C414FBDB9D82156C0467E54FDFCDA814AEDA9
311
92A5B566676677879CBF9639F914C64AAD5AC8530C8950A3E6524D2D7877433524674A8CD6EE170D12C516D142848192C968BFEED0A895132AA24A73B183CC5AE12019E7F069C18E77B1B094791718F691AE6C7CB049A479BAF128F15EF25D2A79709337290CD0BE389665DF556868FA0E5587A143D76BDFA063DE0D7D7D09
311
EFF24AB228A6C4C9E567FA68047382032D707140B844B878C3F5E9A53AE1E69D649149897526DCBC0F8DD7017577BF7C282667926DDD3FAE7EE5FFBB7AA95C59ECAE9BC202CDC392CF0625594C29946784A1C644E937504B0304140006080800C446625CAFA285B00E010000B10100005C00000044354435463934302D3141
311
32352D344442432D384233412D3045393939443445314543362F5265736F75726365732F30323435314338432D383942372D344337302D393137412D3038373834334641324632362F636F72652E786D6C8550416EC32010FC8AB5776C8C9D184798C8A1F60B7AEA0DD9244189213250F5F985C495DA53A5957635CCECB0C3
311
8E5FCB3DFB54ABD3D67450E6183265263B6B73E920F833A2901D395BADF5BF689019B9A80E120C9C5D561B1E1B3459E39549A8B1B3DA40E99CF2904DF73874E0A6AB5A642E838F0C77CB1F72BAC98BCACBFCC5E32C043D6F523DC76DFAACD50A7C204D550DA246633B0854EF47814EA7A1454D29C681F6B1FA37562431675E
311
2F3FEED3AAA457337082C91EE10A61F28EE961571F70FBC18AC4E4CCF935DEBC99A6EB806352EF4A4105A2EDA941B568306ACBA6479836B4AEC69E8C64CF8A97F08F6178CCFF1B066D7C4536C397C2012FE3FF9F0F9C1529C0D89EE9C69EC2E6DF504B0304140006080800C446625C8DC1677DF50000008E01000071000000
311
44354435463934302D314132352D344442432D384233412D3045393939443445314543362F5265736F75726365732F30323435314338432D383942372D344337302D393137412D3038373834334641324632365F506F7374323031352F7468756D626E61696C2F302F636F72652E786D6C8550CB6EC32010FC156BEFD8F8D1
311
C48E3051E2DA5FD0536F08888B1283C5A3EAE71762576A4F9556DAD53033CB0E397F2D8FEC535AA78CEEA1CC3164527323949E7B08FE865AC8CE945863FC2F1A649A2DB287040325B33561DD216EB4973AA1DA08B983CC39E921E38F38F4E0F8875C58CE828F0C77CF57C6EF6C9679996F3C4A425062972A11DDD44D490B74
311
AC8E753D0E0D9ABA7140CD611AD0F53A76E8580ED3D85E625D5E4991C49478B5FC6CE756322F05D00A5707846B84AB37DC9E5E9A13EEDE49919894386FE3CDFBD2741D504C8A0DFDE31656F1BF5B50DAD7D5EEB6291CD0327EEEF9404991D289ED195DEC2949FA0D504B0304140006080800C446625C9BBCCE91FB00000096
311
0100006F00000044354435463934302D314132352D344442432D384233412D3045393939443445314543362F5265736F75726365732F30323435314338432D383942372D344337302D393137412D3038373834334641324632365F506F7374323031352F7468756D626E61696C2F636F72652E786D6C8550CB6E833010FC15
311
B47783793481C8384A287C414FBDB9D82156C0467E54FDFCDA814AEDA992A5B566676677879CBF9639F914C64AAD5AC8530C8950A3E6524D2D7877433524674A8CD6EE170D12C516D142848192C968BFEED0A895132AA24A73B183CC5AE12019E7F069C18E77B1B094791718F691AE6C7CB049A479BAF128F15EF25D2A7970
311
9337290CD0BE389665DF556868FA0E5587A143D76BDFA063DE0D7D7D09EFF24AB228A6C4C9E567FA68047382032D707140B844B878C3F5E9A53AE1E69D649149897526DCBC0F8DD7017577BF7C282667926DDD3FAE7EE5FFBB7AA95C59ECAE9BC202CDC392CF0625594C29946784A1C644E937504B0304140006080800C446
311
625C46D26DDF16010000BA0100006500000044354435463934302D314132352D344442432D384233412D3045393939443445314543362F5265736F75726365732F30323435314338432D383942372D344337302D393137412D3038373834334641324632365F506F7374323031352F636F72652E786D6C8550B16EC32014FC
311
158B1D1BB013E3081339D49E3B74EA52219B3828314406AA7E7E2171A576AA84F4D0BDBB77BA63C7AFE5967DAAD5696B5A8073043265463B6933B720F833A4203B72B65AEB7FD14066E4A25A9060C0D9BCDA70DFA0D11AAF4C428D9DD4064AE79407D9788B9F16B8F1A21699CBE023C35DF3BB1CAF725639CE9F3CCE42D0D3
311
26D553BCA6CF5AAD80F7A42ECB5E5470687A01ABFD20E0E9D437B0C662E869175FF7C28A24E6CCEBE5C77D5C95F46A029C20B287A88488BC217AD85507D4BCB3223139737E8D9937D3940E7044AA1D165440DA9C6A58891AC106D71D44B4A65539746420FB8F57EB3C4178C78AE7853FCEE13EFDEF1CB4F125D99C9F0A0738
311
8E411E0BCE8AD4641C8F9AE34CADF36F504B0304140006080800C446625C6F2E98CEFA000000960100003700000044354435463934302D314132352D344442432D384233412D3045393939443445314543362F5265736F75726365732F636F72652E786D6C8550CB6AC33010FC15B377F9DDC409B242E2DA1F507AEA4DC81B
311
4724968C1EA59F5F2976A13D15042B66676677879EBEE647F289C64AAD5A28D21C1254428F524D2D7877250D2427468DD6EE170D12C5676C21C2C0E864B45F364868E5504554E91137905B8B0E12F1089F16ACB8E1CC53EE5D60D87BBA7071E713A645BAF218F55E8E9B548EC14D5E251A607DB9AFAABEABC970E83B52EF86
311
8E5C2EFD81EC8B6EE89B7378E7579A4531A34ECE3FD38541EE700456E6E58EE415C9CBF7BC39BED4C7FCF041B3C864D43A136EDE86C6EB80BDA1D5DE08B4345BBB7F5CFD32FEEFEAA57255B9B9AE0A0BAC084B3E1B8C6631A5509E11861A1365DF504B0304140006080800C446625C05FAE610F90000009401000035000000
311
44354435463934302D314132352D344442432D384233412D3045393939443445314543362F536368656D61732F636F72652E786D6C8550CB6E833010FC15B47783793481C8384A28FC407BEACDC20EB1126CE447D5CFAF0D546A4F952CAD353B33BB3BE4FC353F934F61ACD4AA853CC59008356A2ED5D4827737544372A6C4
311
68ED7ED120516C162D441828998CF6CB0E8D5A39A122AA34173BC8AC150E92F1193E2DD8F12E669632EF02C33ED2858D0F3689344F371E25DE4BBE4B250F6EF2268501DA17C7B2ECBB0A0D4DDFA1EA3074E87AED1B74CCBBA1AF2FE15D5E4916C5943839FF4C1F8D604E70A0052E0E08970817EFB83EBD5427DC7C902C3229
311
B1CE849BF7A1F13AA06FEB9E96645BEF8FA75FF8FF9E5E2A5716BBE7A6B040F3B0E2DAA0248B1985B206186ACC937E03504B0304140006080800C446625CE00A777A03010000D80100002D00000044354435463934302D314132352D344442432D384233412D3045393939443445314543362F636F72652E786D6C95914D6E
311
C3201085AF82668F8DFFA238C24449EC9EA0ABEE284C1C94182C83AB1EBFB876D576D7AE408FEFCDF066F8F17D7890379CBC71B6812C6140D02AA78DED1B98C395EE811C059F9C0B3F3020560ED8C02283E0FDE4E6719394B301EDA25AA77113A5F71880A847BC34E0D50D0799C83944C2DF9351AABBEC31C99295133C98E1
311
CBAA26940135889CE53BCA0ACAF267B63F54E581D52F3C5D48C1676343916FCD7078454DDC1862241055C1D3F53962B3D11B6474FCA4B91A9C40B4555B3DD525A3D929AF68D99E2F747F2E4E9475755DB7659775975D2C12CD82FB30C5D16C459621FCD5BE1A7F459B47FDCF68ABC383C8BE43A5CB9C054F3F9710CF6527E2
311
03504B0304140006080800C446625C298A63EA09010000B201000008000000636F72652E786D6C8D50CB6EC32010FC15B4776CFC68E244982871ED2FE8A9376A8883628305386AFFBE10BB527BAB84B46866766776E9E9731AD1435AA78CAE214B0820A97B23941E6A58FC1557804E8C5A63FC2F1920CD2759438481D1C19A
311
65DEA0DE682F7544B5117203B973D203EAC7F0A9C1F53739F1842F3E28DC3D99797FE7834CB264D531EAD5F4D3DA5BC9BD14C07292EF302930C9DF48757C298FE4F04ED3A864745994D8AC9408EEEAAAA405D6E6FBA2689B127787B6C1E5AE6BF0E5D21EF03E6BBAB63A87777EA5696C66D4791B76DE86849C1E39FE88BE34
311
5D29463F8C193741082590D1E3173042D348FC09BDCCE21FA195F645BE0D5C3B1CB02C047A12C1385E3094E779438DD766DF504B01021400140006080800C446625C6303076B6B010000B80200004F000000000000000000000000000000000044354435463934302D314132352D344442432D384233412D30453939394434
311
45314543362F4173736574446174612F446566696E6974696F6E4974657261746F7250726F706572746965732E62696E504B01021400140006080800C446625CE01FE3AFE0010000C80300004500000000000000000000000000D801000044354435463934302D314132352D344442432D384233412D304539393944344531
311
4543362F4173736574446174612F496E7374616E636550726F706572746965732E62696E504B01021400140006080800C446625CB5A795FFE3790000DE7900006B000000000000000000000000001B04000044354435463934302D314132352D344442432D384233412D3045393939443445314543362F5265736F75726365
311
732F30323435314338432D383942372D344337302D393137412D3038373834334641324632362F7468756D626E61696C2F302F67656E657269635F706E67504B01021400140006080800C446625CF3CB91853C7D0000377D00007800000000000000000000000000877E000044354435463934302D314132352D344442432D
311
384233412D3045393939443445314543362F5265736F75726365732F30323435314338432D383942372D344337302D393137412D3038373834334641324632365F506F7374323031352F7468756D626E61696C2F302F745F507269736D2D3235365F706E67504B01021400140006080800C446625C28BB58AF800100009E05
311
00003D0000000000000000000000000059FC000044354435463934302D314132352D344442432D384233412D3045393939443445314543362F536368656D61732F436F6D6D6F6E536368656D612E786D6C504B01021400140006080800C446625C1004A04F380500005C1700003E0000000000000000000000000034FE0000
311
44354435463934302D314132352D344442432D384233412D3045393939443445314543362F536368656D61732F47656E65726963536368656D612E786D6C504B01021400140006080800C446625C8A56E75334020000A30600004200000000000000000000000000C803010044354435463934302D314132352D344442432D
311
384233412D3045393939443445314543362F536368656D61732F507269736D436F6D6D6F6E536368656D612E786D6C504B01021400140006080800C446625C705234CAB10100001804000041000000000000000000000000005C06010044354435463934302D314132352D344442432D384233412D30453939394434453145
311
43362F536368656D61732F507269736D4D6574616C536368656D612E786D6C504B01021400140006080800C446625CF702076DC3010000E604000045000000000000000000000000006C08010044354435463934302D314132352D344442432D384233412D3045393939443445314543362F536368656D61732F52656E6465
311
724D6174657269616C536368656D612E786D6C504B01021400140006080800C446625CD774C0EA76000000BA0000004700000000000000000000000000920A010044354435463934302D314132352D344442432D384233412D3045393939443445314543362F4173736574446174612F41737365745461626C654F66436F6E
311
74656E74732E62696E504B01021400140006080800C446625CC55C6636560000006800000041000000000000000000000000006D0B010044354435463934302D314132352D344442432D384233412D3045393939443445314543362F4173736574446174612F53747265616D56657273696F6E5461626C65504B0102140014
311
0006080800C446625CA559C669350100009E0400003600000000000000000000000000220C010044354435463934302D314132352D344442432D384233412D3045393939443445314543362F4173736574446174612F636E782E786D6C504B01021400140006080800C446625C5DB1A67CE700000060010000670000000000
311
0000000000000000AB0D010044354435463934302D314132352D344442432D384233412D3045393939443445314543362F5265736F75726365732F30323435314338432D383942372D344337302D393137412D3038373834334641324632362F7468756D626E61696C2F302F636E782E786D6C504B01021400140006080800
311
C446625CA233C2345D000000800000006500000000000000000000000000170F010044354435463934302D314132352D344442432D384233412D3045393939443445314543362F5265736F75726365732F30323435314338432D383942372D344337302D393137412D3038373834334641324632362F7468756D626E61696C
311
2F636E782E786D6C504B01021400140006080800C446625CBE89762363000000880000005B00000000000000000000000000F70F010044354435463934302D314132352D344442432D384233412D3045393939443445314543362F5265736F75726365732F30323435314338432D383942372D344337302D393137412D3038
311
373834334641324632362F636E782E786D6C504B01021400140006080800C446625C139FBCA7ED000000680100007000000000000000000000000000D310010044354435463934302D314132352D344442432D384233412D3045393939443445314543362F5265736F75726365732F30323435314338432D383942372D3443
311
37302D393137412D3038373834334641324632365F506F7374323031352F7468756D626E61696C2F302F636E782E786D6C504B01021400140006080800C446625CA233C2345D000000800000006E000000000000000000000000004E12010044354435463934302D314132352D344442432D384233412D3045393939443445
311
314543362F5265736F75726365732F30323435314338432D383942372D344337302D393137412D3038373834334641324632365F506F7374323031352F7468756D626E61696C2F636E782E786D6C504B01021400140006080800C446625CBE8976236300000088000000640000000000000000000000000037130100443544
311
35463934302D314132352D344442432D384233412D3045393939443445314543362F5265736F75726365732F30323435314338432D383942372D344337302D393137412D3038373834334641324632365F506F7374323031352F636E782E786D6C504B01021400140006080800C446625CBEBBAF4C8C000000E50000003600
311
0000000000000000000000001C14010044354435463934302D314132352D344442432D384233412D3045393939443445314543362F5265736F75726365732F636E782E786D6C504B01021400140006080800C446625CFB1C6523260100004D0500003400000000000000000000000000FC14010044354435463934302D3141
311
32352D344442432D384233412D3045393939443445314543362F536368656D61732F636E782E786D6C504B01021400140006080800C446625CE3603EBE7A000000C20000002C000000000000000000000000007416010044354435463934302D314132352D344442432D384233412D3045393939443445314543362F636E78
311
2E786D6C504B01021400140006080800C446625C0DC3BC987F000000A3000000070000000000000000000000000038170100636E782E786D6C504B01021400140006080800C446625C1E7A0675A4000000320100001300000000000000000000000000DC1701005B436F6E74656E745F54797065735D2E786D6C504B010214
311
00140006080800C446625C3DEE336E64000000790000001B00000000000000000000000000B11801006175746F6465736B2D64657369676E2D7061636B6167652E786D6C504B01021400140006080800C446625CFB72FF93FA0000009601000037000000000000000000000000004E19010044354435463934302D31413235
311
2D344442432D384233412D3045393939443445314543362F4173736574446174612F636F72652E786D6C504B01021400140006080800C446625C8DC1677DF50000008E01000068000000000000000000000000009D1A010044354435463934302D314132352D344442432D384233412D3045393939443445314543362F5265
311
736F75726365732F30323435314338432D383942372D344337302D393137412D3038373834334641324632362F7468756D626E61696C2F302F636F72652E786D6C504B01021400140006080800C446625C9BBCCE91FB000000960100006600000000000000000000000000181C010044354435463934302D314132352D3444
311
42432D384233412D3045393939443445314543362F5265736F75726365732F30323435314338432D383942372D344337302D393137412D3038373834334641324632362F7468756D626E61696C2F636F72652E786D6C504B01021400140006080800C446625CAFA285B00E010000B10100005C000000000000000000000000
311
00971D010044354435463934302D314132352D344442432D384233412D3045393939443445314543362F5265736F75726365732F30323435314338432D383942372D344337302D393137412D3038373834334641324632362F636F72652E786D6C504B01021400140006080800C446625C8DC1677DF50000008E0100007100
311
0000000000000000000000001F1F010044354435463934302D314132352D344442432D384233412D3045393939443445314543362F5265736F75726365732F30323435314338432D383942372D344337302D393137412D3038373834334641324632365F506F7374323031352F7468756D626E61696C2F302F636F72652E78
311
6D6C504B01021400140006080800C446625C9BBCCE91FB000000960100006F00000000000000000000000000A320010044354435463934302D314132352D344442432D384233412D3045393939443445314543362F5265736F75726365732F30323435314338432D383942372D344337302D393137412D3038373834334641
311
324632365F506F7374323031352F7468756D626E61696C2F636F72652E786D6C504B01021400140006080800C446625C46D26DDF16010000BA01000065000000000000000000000000002B22010044354435463934302D314132352D344442432D384233412D3045393939443445314543362F5265736F75726365732F3032
311
3435314338432D383942372D344337302D393137412D3038373834334641324632365F506F7374323031352F636F72652E786D6C504B01021400140006080800C446625C6F2E98CEFA000000960100003700000000000000000000000000C423010044354435463934302D314132352D344442432D384233412D3045393939
311
443445314543362F5265736F75726365732F636F72652E786D6C504B01021400140006080800C446625C05FAE610F90000009401000035000000000000000000000000001325010044354435463934302D314132352D344442432D384233412D3045393939443445314543362F536368656D61732F636F72652E786D6C504B
311
01021400140006080800C446625CE00A777A03010000D80100002D000000000000000000000000005F26010044354435463934302D314132352D344442432D384233412D3045393939443445314543362F636F72652E786D6C504B01021400140006080800C446625C298A63EA09010000B201000008000000000000000000
311
00000000AD270100636F72652E786D6C504B050600000000230023003D100000DC2801000000
310
504B0304140006080800C446625C000000000000000000000000370000006662782F34434442394433422D354339462D343331322D414330312D3437443433453645453634382F617474726962757465732E62696E504B0304140006080800C446625C000000000000000000000000350000006662782F3443444239443342
310
2D354339462D343331322D414330312D3437443433453645453634382F76657274696365732E62696E504B0304140006080800C446625CF270F1330600000004000000360000006662782F34434442394433422D354339462D343331322D414330312D3437443433453645453634382F747269616E676C65732E62696E6366
310
60600000504B0304140006080800C446625CB5A795FFE3790000DE790000420000006662782F34434442394433422D354339462D343331322D414330312D3437443433453645453634382F7265736F75726365732F322F305F67656E657269632E706E6701DE79218689504E470D0A1A0A0000000D49484452000001000000
310
010008030000006BAC58540000000467414D410000B18F0BFC6105000000017352474200AECE1CE900000192504C5445818181B3B3B35A5A5A4848486060605C5C5C6464648383835E5E5E6262624E4E4EAFAFAF4A4A4AB5B5B54C4C4CB1B1B1858585B7B7B7585858ADADAD7C7C7C464646787878ABABAB747474A7A7A768
310
6868707070B9B9B96E6E6E6A6A6A8B8B8B666666545454565656A5A5A5505050A1A1A1BBBBBB8F8F8F9F9F9F4242425252527676764040403E3E3E9B9B9B7A7A7A8989897E7E7E9393939797974444448787873C3C3C727272BDBDBD3A3A3A6C6C6CA9A9A9A3A3A32020209D9D9DBFBFBF8D8D8D9595959191912626269999
310
992222222424241E1E1EC1C1C1282828C3C3C32C2C2C2A2A2A2E2E2E303030C5C5C53232321C1C1C363636383838343434C7C7C71A1A1A0E0E0E121212484A484C4E4C1616160A0A0A4A4C4A787A781414147C7E7C9193915E605E464846838583878987B1B3B18587856668665A5C5A626462818381A7A7A5A3A3A1B1B1AF
310
ADAFAD7072705C5E5C9D9D9BABADAB7E817EB7B9B7585A58BBBDBB4C4C4A8D8F8D747674B5B5B3B7B7B59FA19F606260ABABA9A5A5A39B9B99A9A9A78F8F8D6C6C6AC7C7C5451AD12700002000494441547801DCBD89771BD7B5A70B8EE04C702641712605CE034890E220088028C93245451215B713AF388E7DFD9EEDB8DD
310
CE6ABFF4B57D97137BE50FEFEFDBA74049B6AEED74869B7E87404D2814EBB7F76F0F67A8835CEEBFA0E42B854AA5B2BB5B6BCC951A8D52A93657A914FE0BEEE39FFE2FF395B9B9C6CAD2D4C4606F4B7FFF8D1B37EEDCB97587F7CD9B4343BD134BABE7DB48E3FFA7A228ECD6F6574E4786C0FC8B5FFCE2CD5FFCE297BF7CF3
310
CD5FFC92B52FFE58BFF9E69B776E0EF5F79E55CBBBF9FC3F5D3DFFB07F5898ABAF7CDA3B74E74EC0CE20230561BF096E97E05712BFFCC59BC80539DCE83DDD6E54FE61B7747DE17FB8980BBBFB2BBD4337DF487881AAE6C5ACC6AF25207877B2B527BFF1CB3B77FA47561ABBD7F7FA7FE146A5B6BD74E3164C7F51449AE95D
310
B412200EC539418717E7F2F11B376FF62E95FEAF1442BED0581DBCA1BD2780D23F506AFA16E1A7AD974EF17876F00DD7BCB187A1A97AE51FCED5BF2BC1F2BBE5B3C19BE27B43CF26DE00933658FE129B109C2FFF922CC22C4260FA01BEFB462A77DEBC35F42F600C3F5B0795D2E9E02DAD5E650B4438A92801B65C35CBAB7B
310
1EE5041CE69D3B6F1822DFB873EBD6AD3B6FBC71EBC6C86AE967DFC2DFA4CEBFF1BF54F6276EBC114E2F43FEC60B01A0D440A868B2920E5C4BC10D60931ADCB871F3268B21D3851B08E1D6AD9BFD4BF57F7577909FAB86F29B982571136AF01DF5FE32AC3BD9406CAAF2440A54CF176EDD01FBADA1FEFEFE21FE4C9858DFF4
310
183458A9FD2B6708A5A5A137E0EE1D11A9EC0C7C58B2C73C0AD6B479BD76B7790CF899E287FA5B06FB7B07C9195B7851FA8794031EF1FC5F9406BBFB23375420286399B631E93B08022A785C4DBF9996EC3551874094D71B6F487E80F6837E50F483BDBDBD83232323AC420A18C68DA196EDDADF68A77F938F78FD972BABBD
310
B7B87FB164AC6FC2CB760365821ACB74AED44FFAD7E7431ECD7E08AC421F391D199998989A383D9D98E8E56F84A318C58D9BFD2DAB73FF5222C8EFAEF4DE7AF30D756E5108683DA471E70D0502099A7240F19E4089D3FD203E620F1B47BF43501E85031AE44B4B9F2E4D2D9D4D51D8970983FA861B3706FF950CA170DE82F6
310
B312CC4F42C8966295F7D725ED29882415DC055F36DEA1FE96FEC141493F05FAA9A9A5A595B333DED5B3D5A533F62183323032F46EFF13EA0AAFA5FBF7C8976F8C10F7280A014832593B90004D52341980D907EAEB73411EB2F1EBC9F507F92746C40E7AE0AFAE54292BAB2BAB67CAE0746264A277B06508168C94BF772BE9
310
765F7BF0B548FE1E07F3B5A521340A5CB5297C4B12811B89E82191ECF3E41B3259C529F135E23CF4C7F961FB13537F5A02ECCAEA76B5BA5D3D3FDF3F2FEFEFB3AA22053E5008833428DC6C59FA2F770595F311F235D427F379BB8A121BD901B96076A388DC4C3C61C7933CCCD770FF375A6E0CE9F535FE2534BF5ADD3E3FAF
310
D71BF57AA951B6D4CFEBFB8864758A26154430080B06ABFF557610ECC93726224F155D1471041E0D42F82F4891C926C1355B0831649FF365F46FF05300A7A790BD8ADEEB0D4AA9569A9BDBADCCD56AA55AE377F5F3F3EA2A34983A1DE91D810543138D7F28E57FF4E2B5335A3928B76EA1CB9B00BF158C8F63A2E788826896
310
D0B5E7C461949ECE089144F8EBEFC7FB4D8C9C4E9DAD60F7FBE572B416C2F2423ECF8B86C439E450DA970634ACFDA977629098D0B2FAF313A36B3869E37AF7853378CDA1171FBEBA95DF1E44FD5144A420588641B0055A79ED91CC0DC41E27064512FB33F1F04D09D0D2DF0203A646A6CECE80DF28356A348CED8C4F1EF137
310
B9319E1BCD29867CA556AA97F7B757567006A447FD375A26CAAFDED9CFDCFB2BB0BEEE8AA5911BC2C7F85DF88A3775389990AA72219D582409210F85A4E66F2987D875C30848023088FDF77E87F96FD7CBA5B9DCCEF4F4C9FC7C676777577B7B7B67E7ECCCE4E8DEE85E81A6D55AA3BC7FBEB242589CE8ED4770E785D7DDE2
310
3FF2587EBF57F50B9E820527316488E5C32D50F979BCA58207297E2B6D658702FFCD211840FE43FC9F3A5BAD9E97E6F21B9FCF16BBBB3A3A5A175B5B1787875B5B3B86DFEFFC687A72674F19D46A8DFDF3EACA59E405375ACE76FFA922C817CE86A89BDD92F400F2C55B7462F610459837D3A61ACF50C7471C8F2F2A9D38C3
310
DA2F068007F80EFCDBFBE5DCC674B1D83EBCBEB8BCBCBC3ED0D3D333D0B3DE33BCBEB0D8DA35FBF9F8CECE68AE020BCE61C112A4C1138CD47F9AD13F7DC6AB9CF9CFCFAF9D0E01FFE6CD503F5B91C5218E2899CA15098714848B04FCE5654884ABF0E554F11F6C21D73D5D5AADD64B7B9327DDAD8B0B7D7D6D6D07070763BC
310
0F3E38E8EB4310EBEB8BC3DDB347E3E37B5842B97C4E44A0C630427E5CFDFB71E03F471E12CA9FF70E055AE141042DD81234B879EB4606361D9328149037D7D76A571A7E974FA20AD0323832713AB5BA7ABE3B3E3D3FBC30307070B0B9B645D93C3CDC3CDCA41CFC6AAC2D64D0D579B4B1B397A7C1BDBEBD7D36657A3CD4B2
310
F44F4909F2B9CA597F4245C59DEC354316F0587020D0C661742BC02869435FD12CF195C422DB3C5A3E2305C000CE6B7B27ED8B7D63079B5B5B878787C787C7C7C757C76C51B60ED60EDAFA06D67B965B3B672677080BB5329E60E9B477847AE2E9EB53E35779FD37EFCD2D0DDD68AA355B6B0D81860502B8B68C801F5C697E
310
9AD62F4B406244CB975560BAC756AAA577675B07C6D03778C17E7C95CAF1B3ABABE3E3ADADE3CDB1B1B6B681014470343EBA979F8B90383545727C63E43549D14FD0F927E5F1FDEFD7263058FE02EBCD1BDCBCA053496BD58E69BC44F9F854D4D979AE9ADB908824382AC1D4014E9756EAF9CE85B6B54DB01F02F8EA5908E0
310
D9D5F1B3E72188C3C3AB67879B07C8A0A767B8B831FE5E7EB754DEAE5261460243FFF07858D8EF0D658BDC563A2C5EF5833C13C90B69248C4DD97842B61DFA7F210A2F6108A0F96B62E2D3B3F3DD939EA47E30ABF5AB2B903F4BE5F9B36757CF65021E616DAC6F60A1FB647274B4B05B2E5341B082D43278F67D8DFDA48AFF
310
9A13F22B34C7586C9992BA6E66CABC190E313E7C811AA57304B421A75B289B9D174CC868C24548823E230B9A5A2DCD2CAFE1F98E61C015CA7E96B083FC59F3ED06EE60F360B3AD6F79787ED278D0A86FAFE00BA9220EAEFE1D5DE1F7855939C3FCC1332426B377F692406E022C010DB437EF009803F0DCFD3B7C94440571D8
310
F2C328F115F47FD324802070BAB43FBA80EFDB92FCA1F7E7CF9FA875CBB327CF9EB08C4DE4815BC4210E2CB7CF1CEDECEDCED5B757490968286899FAF95583BF46F9393CEE6A86D6F618CAAD9BFF0BE22B042412C5CFB50556815CC5BBE33E9F61ECEC26A9BCB8145FD10590078F9C9E953B513FAE1FE387FAC246E14F9E3C
310
E7F5F8194BD6594140876B6B84C5D6799C61A16434201E5237582AFD75C07EEED9863F463284E2E13425A036BD41061259289B6BDC1ED656FC8B8592C9D00701E27CEA749F0D8EF44EAD8C1F80FFF8F8F9D513191F6803384C800097F24069C407CFAE88136B7DCB3D5D4A60B711F19070D83235F77331FD35E71596688903
310
8E2E0B346EAB7936C4162043E1A1F144093695443A570144898BC4079CEF1912809A3035A1D3F361235F90FFF1E3E0FB93C7E2750719F88E7D8E68123883ADB5B18185AE99F1D11C1238A792DC4BEDE8EC6FF503DF377E0445F68FAF4E08D43082D02170F30131A154206CC559A8D9CFDD762B31273E4947A581E0D9BB71E3
310
3FFA07CD02CE2A6BE1EC80167497F2A81CFA3F7EFE58D0CF5D5D170DE4F89070B0BC4040CC17BEAC6B0586C3D3FF0309BC06F44B04A1E13729929B4DF73C44070692C810B08AC3012E8EE9EAE22067796288C193B2139B970B86F47FAD0F98382B1E035D9C32FD318A4FAFCB274F2E1FA772F94411B0CD42493C23393A685B
310
5FEF3E1ACF554AF5F3552A478383374E6B2FDDFC4F6DFE38F4F4ED7A7FE838F488EA852482F412D3CB07E293D02C9F074F12E84C5AAC423271450572A385449844706475FD38DC3C22486A0639E5F1E38B0CFE93CB4B25910EF309A2224BD8DAD40C682C28341AD69047E8539A6AFC14EC573F7FAD10AE0FE6EB13E87B28E0
310
93B513B5803514DE408809BC12A14876DE0A25F643009E9176D9F0C330164285A7444DC8CAF0E9FE41429EE0A2F6A6DE91C0856C501272404A8468822E24C807030B1D33D40D4AFBDBABB411D093D88C86D7205E05FC57EDD1F805FA4CED5920F0CED39157E007CE21757C5DE440ECBCB46CD283E378029B43FB077B4F47E6
310
0E9F61E8D01BE017D7E843EB49F50A2028F1E442FCC90C9EE308E4C0C2C94EAE30B75FAD3A0EAFA57FE9EF960F14BE15638840EAF3BA490BB6850EDB38EECAFD21A0C746D0C4234DBD035EFC7EDD121FA585FAB73DB89FE6A03CF833AB0730E5E2F1A36CE3F202A128934B44E396961121E1F2C9F32BFCC0C140CFE22C1CA8
310
E109B182919696BFB98120234F61B59F7BF46EC30CF067B21A33B0FB3E402448EE266CCD93135A8E823DB31F85E677434E608F53F8100BC0098EA2FD6BC01770E0F2F2D1E5452A711C4BB8486248FAD756D852026B6DC90A2AA5C6B69E9068B8F27AFABFFEE8AB36F1D23985D5960014FD711940800B560250D2272CC54FF1
310
D3A660B275AC3881E349689C1616E1E9044129D032313509DE4700BC867C71F128C400159407C761022BA8A040F40A244788808C60B3AD67A17576279F6F946923191921B0545FC2F12AC0EFEFBD7262B6935679FC7F80629160ABFAEC88E8430E76D82A8DE62ACE50BD4A42FBF03B387B37FD321B37E31C3F063D99703F51
310
60E6C9E5A300CF32A91E0A085A29C0FC507F6C21012303C6104B82C1F1E156DB3229D1A855A32A8352C9077AF733A0AFE0FB3EF81FDF2F0F82C21B0EB06998866878B103305E31EC17F4FD43831E570A2118D1667632D4FFFFB125782F96168A833DBE78C3F11F8383A79D49F58F1E3DBC780417AE6581381E8610604888E2
310
913E12492881274822C221AD04CB0B1D273B8542837460898C686864FF6F801E8269F40AD0481DFAF5E6E9C1F3BE391C325004DF0746A4E4448F7B52C0D5EAD39EC46896B888C4210D68E99DFA2820DF7FF850EC407EB55C3EBC5028611409BFCB8889C90F1C52355AEF98B18100094C9D0EF6F64FD47E5CBF3FF5293DDFB4
310
B50DDD54F351446FA1F14580DC3902C085F593CB24ACC917B213BBC11B3F0A61042FD8B24F4FB9C4556D0CB9E1A880DE89934CE9607F18F81FDD950DD0E1D143F41D56110E227C250621FF098838042BC85B5B6BCBCBC31DD37B34966E9FFD9936A2FEFEA9EBA4182E5CD3E17AE35501FCE0707E5525A7DBC64DFD077825BE
310
37CE0BBE1BBEC061410C660B6E49912665E2B3749C7C9F93834022F74CDE6CA5EB501D9CBC04B768292C5CCB84478F3CA83074092C6082169015E5800D5839DC6C1B58EFE83ECA513BDE3EFB8EF1242D2D4B3FD55AFE03D42F8492AF8A3F21444FA2FA9ABBF525EAF84C09F0168527B0138A85D1EC0443C467B28BF844EAF7
310
6323BE13D7C11F72FED783837B970FEFDE7D7817E077C17EF7E2A1C2C0FE851FE4C008388C15E818958746129E1009D054B67530D6B3D8DA3D59D82D9D57CF70039FF50FFE0DE94089DB269C3655A4F25B38C49D0BD48E59F1526887C18FC5272197F85CA72862A593A4843CD25F920487DDF7AA0441A2C0600D062001F103
310
FCEEA3D8560CEC3EBACB01CAE5A51E420349F602191E5F901893142381351CE17047E764BE50DEAF9E4D8C38B6ECFFACEB141E54A6865A88A60133EE9CBB4C256930B0B168C1C3AB59FE1743FB422C7166082E934AFA5EFA3E4BCE0B69362FA7041818B7FDECE1DDFB4D022007CA23E521F0700AAEB5888BBBF08023E128B4
310
045381542FA256B0D04E28A0C3804E233A1BFB476A2F48FD135BAF9843BEDA3264EB42BA499601F16B566E72C7EA35908ABCB9176BBED43204C696AFD3D7B24B08D3AFA44BE243D88A6D9D0B6562B52F741E1610C0EFBBAF2B0829289A640EC4C8A4FF66A24430786CEBE1E1E61AF9507BFB496EAEB64F8F49B4129EBDEC06
310
5EC1F8A3F228A3CD0950883B41BEC6D1944AE06147289600A7726313AC69A3F91197F1438BCB743E76F01F6EF1D1C854071670FFFE43FF1EDED702EE5A14C85D0C42DF90B86068800659AC88981855E3E774A71C0CAC2F76754EE7CC87C808D1E1E0F6CF47FD4224731337BE1E39C5010823EE997B1491BBD99FC8D8EF7748
310
2BEB5EB2CF66499A8E0F7511B19B3EFBDACB6507BC78731B1B383D02FFDD7BE8DD9256F7D0BA7B46015941097B80018F700FFA024CC08078F51806100ADBFA163ABA8A3B95B9D2F92AC30BC908ED31FABE0CBEBFFF0279B675868F9AA24E9530B08C174055B7F48E4F58002F3E82F0BDFA003E8B431EB6C4A91E4D9B5FFB79
310
1265BA8827BBE5F1BCFA7F789F72F75EC800F8AE43FFAEC42F13009FB905A9A0132015D0068ED7682AC608BA6771038DEDB3B33082891FAB1ABF5614F93238079726B833958796B845B731FCB86316713C1DC581B1E19B424EE32674093F80776F7E27C6FBFAC85C536CD955B96EDA2A3FBF770FF4BE11845470EB3E42D022
310
000E0FE07D161811020742162444668308801E133A4C163BE68F6826A5523071CA78B2FED51F28F8C70FE4190073A3E5D3259D7A288CD19BDE623F10021BAB0C6E327FD507B2741627727EA00D31856492F9F009D7F152D930704E642795C1C1B336E0DEBB7F0FDCB79318543B25341F36802D64A981A690B94259607DE0B1
310
9D466BF8C1C5E1CEF9A3FC5C639FD6117B4BAEAB453F8EFBDA500A67E8BAF76C8A06566E36EE1184E8329419161F83D843D5DE7D8221163E145F56921C3EE383978072129E290A9B7166E63D26BAB1FCDBF710009E4051842390031845F20077CD079407C575F20364C4910ED2A574BC357630B0BCD8DE39335EB175646A69
310
8458F6A346F003A93002E846FFE0C459B8006E506D79BF902908A0AA05CB5E73530E33BA1D3C2EF99C712B7C8B41DF4D2A7830BE8707485FCFAEEB85A09AB6D39BBF7B4F23E00509C20DB04E240822A4B810E04D8D53D10D504C059ED86BB8697F514777717A8F8144D48A4C89077F7EDB00E2D89DC02A7B975640A282C49A
310
4AA84B70B12BFED8EA6584860DFB7EE23FCB00C6BAF7332FF259FA3C9346508813E372F1DDE425065BB61FDF8300F7EEDDBE8D0C6EDF46F7D8823478590AE23759D60DA6B7A9F125EDE8F4A5D2B37470D0B63C30DCDE3D3D59A8D1501EB1B0A5377517BDD6E301F995E3F955F0F58FAC2E81CE172A8344AC03DC6781939D24
310
84B8FFC15E8F3ACCD3954CE19576B942D0A029188EC7013FE59AE90B71292DE774F1F63D60230180B30A2EDC65291B6211B4081128856001A680015CE000708254891851D4B3BED0FA4D7166B466BFF1D2A924885AD12B387FC0FCE6819AC3AE06A7AA4B715F0927B74D119D4A668FB54B8A8C268D8B038A207D10A7B1E95E
310
42195B695BE0240F7408B311257C23F581E987C180140C584A02B1670CB817CEC0A080F259F1360E58452013200E3EC107AC1DF4FD7B0F6D23F33347F9527D9F51E6138E31AF35F1BDAAEEEBA3D71BB402E2FB47CECEE96B4DB85536772B07C82A34F3E66D0BCEC207FEB9E70643761276F7B50D5EE963CFF80C7AF4A2130F
310
5BF8C4EBFB5F07B709840480DBD8007FB7EF3F90104908BA457D43AA2A6A02C91422285E5AAC143F3313A0CB74D9D164933B86C25587134E8D342B453FC982860D09FD13ABE72055ED020E85D3E312F74C25CB0293D978A1C4001927C80B86FD06349126EC219F0C735C8053D8F5F310817EA01F1B7851F406144C211C6362
310
C27DD51F1E310C0102280ADB891E9B085CC528A2B1369A46BA195B9A2B351862CE43174BA73FB7CBB430A5798F4C54B7333B96C3224A9863AD02B9FBD8E63092191924E77C199D92887DA594B6DCF0112857162FD0949FE6A441F5E62E42FB2105BC405A2301A3424601DC807912CB2C39C604A27908021CDA30C4C8C2019A
310
883B3A8BD393BB3546136EAF561980FB63E9E035FF73B96D09A905ACB2C11D79571C5159026227DDBDB81396EB03F14100BEB66DE1FA9EF82C3ECCBE318119C4269FD014E66361FC8BB0B4EA9A98EF3D8848A01360430284335004C183CC25BCA82D2302EB03B8419241C64DF4F5ADAF77B533BE786334BFCBB8DA72BDBEFF
310
C36103AFB30608A0B39B58D93F0BF42180841DD26BDC22CF0A770E90240006BAC65197D90920131C7B2EB3CFD3C71C6378A305EE8488FC1FF8D391E2BDDB0F6E3F45E7C8207C419800DB410073A3173942CA8D5242642A74496FF115832A6314D9FA4257577BF7FCF8F8E8CEE8DEDE5EBE76DD3CF892BA7FB8B90F629431B5
310
525E92A15A3A4A6FEA3FDD73136172060959206591F4C927196CF645AA285CF3014630121754261C0D31E1A7E3DA2DBDB54B04703BDE3A4209F02045C4BB0F529A14BED07098A2A1CD47513DA64B512F409BC01663090796D787173B5AA141B1B39BB470EEBCF1E30F9D263ACC4D05110797CEF7B923B027F089F74D1D06F0
310
A4D8C0CDA6604023FCA45B76C5CDE0BF3845ECBE13E0C0ED73700A8A753C1AC8AEFFF1B407FC8A20F42F0D94019121DE304077A027D4112283BB8FF0072444D68AAD111D6F591BC0061854BBC048EBBE9E81F6A33A95C21BFD13AF3C7E7DCDFFEB0DE8903F77B41DF178E99C289895B0EA8CD640549D68935BA7C5294E0A1D
310
66DA0CC419BD398E6265789CA1241441AC94532A3C19C95340BEFC68703077EFC1D307B71F3C500859C11494838E902203A2BE90EACC5135B80B078804340C920C2300BCC06F7A1C71B875DC572C9BD1D84BD5FB9363CA6BA7D03E5C40FDFC54FC23C9B4B9DDD028787D89219038523BF64E638BB37CC25335937A00DFD328
310
69C5B390C8C32FF25C8C47A7181B4A599A224A9DADB0E0406FEFF9F183B7448F081E3C55024FB33828784AB61704482CD0160C04174F9E33BA9291D58C2F1F1B1B3B5863B0D9F3E51C35C253D54A23E560E2C0CB3A6F7A81382601C2079CAE96B7B1560D20A341E85A928A4E01083256420576C2ED477E2E565FD9223BCC69
310
1CF394D3D8E281501E0EE5C1C8159E92585D255CF30CC854C75318006EA4A01028EC853F9407C6053910BE105348324002260254886C156260F9189EE0F8C9A3CBAE9D5A992184568A69D5183A7DB97DB089FDC57AEE54F858FE54F577DBA85309640290F2D220952620750C5811FB772A7876D1E4040FBFC6474D51246D8B
310
3FB378283FB514F8AB3C20B8BF7DBE5DE541C9A5D3D38DDB30E00151E02523081BC89C2214103E0BC1B3D0199A08E002681A2613A2616CEDF0F0F9C5DDC75DA395C25C0309C03DEC8091A4AFD3FEB504AAC6633930556DAC86EE3561941E862C4A75DD6B6BB3A0C59BE153DFA73EDFCBC3CE2188D3D378FC976D0EF9A95B7C
310
8532F527CE3CF539581E0FE501291E9139FFB65EFF5DBD8E0C18DE3077170A64E033FD278F18068028802F156C3809FDEB11B1019C208D020C9BA2870457F0F8E1FDC7EDD393E3B9FC9C4308E9315704233F960E554802C14716B0B45DAB5EAB5E25AB7830EBB8D25E6CA94E4AA01794FB1EE164FE9F040FE82C940A4BCEF9
310
13075D087E85A7237D3CF29C47E4E676777779528C4781761F0BFBC1D3A77880E40C9A2E5109180D5255317890394229F0F082010354082D574F1E3FBAB7D6553C2113DACB97BEB5526C7C6F69F9310A94C46CD89FF8F379AD1AA035FD00FF3F320180F01417A6F255A3A8D86319FE0C0B0E06A0DCD33F79841339C01E5BBE
310
1911AFCFF7C1E0A540BFBDBFCF2372352686D863F83F59CB6865F43104007EE06F52406F680341102048A01BB048823082CBCB0B6AC48C313F3E7CFEF8F2D1FDC3D6F6F9F9D9E98D9D7CAE5EADE2A6512FAD7AB526E17F600C85550DDE9ACFE9D97E694513103BC69F8A2813176032C890C1E9C49FC09C61670FF8705B1D73
310
86260E7C8E7122C7F8208A55139E8C8D4763F7EBF5728DF9C34677364E3A3F9AEFDEC9CD95470788834F9FBEC512379890B38C94205B2557987C4186DF5C0837608DF0F9F3CB87B7EF6E920475752A01460E556919B2B64296FB9FB70DD5F47232A0F77465BF140CD001F00ADCA175090E2665A14E6329B62660E02A1CB50C
310
6025E3DA252A670B3F0FFAA5EAD94A509FE7036B159E0D1D9F2E76B7AE1FD5A606198D3A747AF450023CBDFD162278B9446688111009B4029B0F2180AE20A542D40610C073B47FEFE1416B2B12200F3C991C2F54EC2491027A816B0A34A9D05C6F437AC23462385DADD75642EDDA738AF1600DBE07EE8437804D2D011A94DF
310
71C2085EDD40266A407FFA1D1C00B0C03927E60338E3B9D8C47D1F8CAED578E06F7CFAA4BB63B175FA7C301B747CB377F45192003CB8FD34B12009224543D8604494011A80C1903CE0518C986208E1C5FDDB8FDA161686873BBABABAE74FA637BEA894A44078C19696F326E057D7F95D061A6B0394A9D5F2DCAAFE4C2388D8
310
A6E9AB7695CB0BDD0A332430F1A9333DA41D1FFB97FA09AE84E738C75C407C260408F8DBD5EDED7DE1570A7BE333C54F16963B46AB0C2B71208EA3D16EF4EEDCD7005241166C005A73C03164792151205C007288AE337B4D7103741BDE7B7AC913350B348B2D767515674EC6F72A0402BBCB41C81305AFCF05F2758D3ECAC8
310
D26AB97606DB9581A4B7A8FFB068CD5C0604E6849046B70C2B60FF0CDDF93C13822B4E82FA0479A68220E66D9FD775FB3C1A9CDBDB9829B6AF2F77EC9E0678FB20ED8D1B1A1A39D10F9812E20D6281F5673121AACAA9C53424000DAC173F7E18C3052EEE3E78E7F1160F5AAEAFB70E0F7775CFCE4EF384DDEEBEB9C0889D52
310
43BDF557559FEDE5F17AB21E118C4C31A3DF6A96B56AC62180293910ECD6B721047664BCFCC6B2DD3C65CA0F0C823DFEF84083C7ECCDF05898EEF158F4FEF97EB9C123F1B9D1D1A3D9F9AEC5F5CEDA84A3C96C14A55584D62893D6A54D8D2028D05C8B1F124884543F3223B29D208B04910D3FC43F5C52196AEB5B5F5E58E8
310
E82610F08C21BD443801233C0CE8BD1E40F84A1CA86001990048031ABBAB11EF83F9283EA89F181F2A0D9A9F62D94B7F625FD727E6A93F63F200F614F7CF100D4511C07DB45FC5F0CB4CA359ABE4774631FDAE85E599EA0878A3C33D5AD6430CF4C055EE5FDB80629000D7855DED3F436F3B61B3DC7FFACEFD2B1BC6FB0696
310
312CFA477CE87A87070C7998E04FBA78AE3F915A065E819FCF35B410321D9ABB308146A11AD5196CDDD7C477A171C8AFC74B45CBC6F641AB53C8D4ADA5870C02379BC0470CF83DB55F073E29CF5CE5F7A3F8FD62EB7AEB1774C2C6780B9523F9287193FD23DDB79FBEA513B45200E2E0C1B51350163AC19043C600F2C1DBF7
310
DEBA7BB9B5457BC0D840CF325EB0BBABBB786D301437000020004944415472B491ABCCEDAFC0591201CAC8EBFACBF367FE7B6E40E69F551BBBE7123E3C00AC560CE20C62436E8C3C54CC225EE08C0D74CE26148877689EDD004FB2BFBFFFBB984035373A7954EC5EE8591FE531348654514DB1D1C56411DFA2A7C212BE5ED9
310
1278F2851A432244C6822C29C85A8B320ADCBDFDD63BF71FD32648E7D098CD018BC35D7FE89E250EF2AC75F96C15271602687965C844B8807C6E7729D93F22E81D39ABD62A0820C1FE9F11CFA7208125D33E96FD69E83AF6052DD32D49FF0802CD9F9DFD39260389A950887A647CCC99BAB17132DFB5DED35138FB3A060F62
310
95AA5E195BF0BB56495A5A4A8FA440026E46A047D40ED2520A441C302D240F201FB8F7E0EDDB0E12A04D8816215A0579E8FE1B1281E9F19C9900DE79842E2A7CCD48E9876EB01C75DBA0E0C8D44AB5512947A00BE7CF5DE9E1A6A6BE43CF1A78783DFD5A404E4477336C1ED8B18908B2A847B2AFE9839E891137A6673BBB96
310
FBBA2A4B8E9373B001F08369BA11BE8ABC4302FD2345FD6014A127068427D007BE28B41D9B0D40FFB7EE531FA673C8870A69135B1CEEE8D009C08042A5B4EDA314920B635BF941E7487E45256439DFE9D276295F87E698389CD49FB394FE19720412DEDDC40E9CE9C6DD605E0B719FADC416CB15AB3A61F9B5B9B9426E54F8
310
1D8B03DD950946D432B40CEDAB7BB5AF11213CBA73C9BCCCDAFBCF06127C7980FE6D1DC9B4DF14832D6568FEAEEBA76FBF438300B541064ED33F3AC0B0D10505306FD370AED02859234402F6C3FED006766DDED2034D90D119057225EEE3DAF787EBF30EC51ACB4F551678BD6728E1944730C095F13E4D81A4DFFBF67C5BEE
310
37E62A85FCCEC6CC6C7BC77A5B477E22223ECA4FCC0F87E2A5E3EB782BDB25B8CFC6736A044DE5A7CDA604526361D650484FE283B77EFBD65D52C1C73C4F48E7D0D81ACF572F2E2280F98FB230508FA906B42DE240ED651B301CEC83DE1790C9FD96B6CBF986BECF3BD332C18EF627A0B6EECD5B152E02088D03D828AFFAD2
310
6B05BF671B4F9A09A8CE0CD2707F67F2A4B3BB75B9ADA331C1305BBAC182FB4A79820B7EEAF73199B8404C0B81231CDCBB871B80FC41FF5860E8E108222A1A076C29E6E03B6F3FBD4F1F295DC457573C7ADED636D6B7B8C88413DDF3B327E1046AA51040B40CB50C7E3F1D2E44DAD34CFA604029BFFBE714DF0C069908027E
310
B275F1F366C132E1A7450B04011CF82B2B647CE754F650FF6E25BF37AAF65B7BDA16CAA791F1D09F6CAB989EC5AB7809BE145FA459E8D3E4B0FB47DAEF093B946FED585B80FE1A0305FD5330FEDB4FDF79FBF6BDE81D8300CF6815E5F9896552412A03F31FCDCC7CB5E32365550CD9365FDCCEC8752E943161D78047336F8A
310
F6539840A1F2E764FDA2970999F205CD2BD1F5CF496571F76EAEFA0E1CF8FD2A55FD06391F9EEF8B9DC9994E72BEBEE1FC928E2F223EBA0FBFBFB4F2DF137BC894B8087643D64ADE6EDED67F7680FAC9060239E845FC94AE93D880F994FBF71FBCF5F66F9F32C292EA900F9C1E6F1105E81C5B5F58A067A448143842008D72
310
75EA3BBA3D2516FDF02FF79260020D6B3C714711F3CFB61BFF56A826E627E82256F7400FB387FEF23C1C1E77FD6A21EBB1B2B35F2F95E7760BE1FA3ABB3A981423477517EEE36FF96F122B942F6FB64D9502BD1B9089162532A2FEFED255028FE653C9F46FA321E0B588B7DE79FBED07C44106CC85133CA65190543004D01D
310
02D8181DDDA5A9C91A7110805B7875B689FC3902200FB192E7DFD936B37B57D9C338BD49E99E181F4E5FCAB2ABC1CA7AAB382CBC7D515457CFABE6FBC63D525E5CDF74B16378B9AD6774A58531912D232DF01BAA913DFB7D3AAFF912984302B84D0500077800D26C60A4742101DE420C610C2E92FA93056022EFBCFD5BB6B3
310
8651470CD33BD87630C05831BA864C85997B8754B05167F0706499DC442FCD22592AEC2ABF3FF13F950039BF159FA9B36ABDB2778EFF83F70972B83BFD3F4899E64DD8346AA495CB155A7499F2CE39B0AAE755125EB84FD8CF8D8E4F4E9FB4B72E8F1DBCCB98B31BC4607C2CFF21C8145FB48EA0F2159F86A3098415609554
310
DEFA7B27EF1301033DD06D274BAF6821D220DEF96FA4CBB60B3CA241C021D38E1AA76B4406B4767576166766A6C7F77273F5F395291BBA19F64F2E3095C14F3E60371827741CB27E89543857D6D96BF9A47C6A9A26057840332EB843717AAD171880217B71FCCC0355AED3D4819911F79D0EA8AD6DA31A83E36C5DC2D47029
310
5C011302387069158F6C9966022367ECF1D00BA9BB95C389AE7B6105A1FB640689033A7FCCFFEDB762189103A61C3A4FEFE0D6A6B5A19EC5755A443AE78BC5E9235B047890A65919A0D2F96AA3C01CEE913BB3ED239C3E0CD8DDAB99E4348BF3F8B977B6C43DEBEFBD7721A839A63B94C06A10DB87FCBFA3C2932F8C26F88B
310
6D6BB30C3C4E09AFE40FAB52EFAA1EC0316920E031A46D65A0FFE45A673432E907FBCF86717AC04F2CD0EF512D665FF53F05BFCDC43489F150890C60A8E0314E70A06F619D30D841189CA15D3417F3CD50191AE4396543F0C42BCFD696C58DF163F5B46D708BD5FDDA5E5E5FDF9401BC4F7E00E8A17520833D1CBFF495B5D1
310
CE037C664123EEE74737268B5D1D3DBFDA6AAD8C08DF2C0BC7A737E10AAB2A7B958990CEBF556CDBEE823CB09FB344143463C630CFFF585D330CF0320E921744A7918280FEEF981161008E9FBC78C830217A07B7D6985E83F9A79884ABB5AB383B4D7D788F9FB3D867A2112A43F19042B33A108690CF6F472F8661CFAC9714
310
78757F6E6F2F7AEB82FEA85E5715941778B278281F28C268AB24BDB470EF3303E09C359E9DF1CF990D8A096106E6A66C8620DDE7D281DF0B2831F20439A30D68386CE13E002F7EDA8D7806162B205D6A19AA1FABFD6B1B400EC2BFFDD66FDF7E8755B4883C043F43046C1326136680404F1F934EBDDFDD39CB58A98DF1BD78
310
80E0532E671FA1435E9D6EA5E9071000BE8F262E7C4044FD95D5FD526EB40A05A634775F32205C3D779FDC168CD5E56BF982508BF572BDA4F6F57D3304BE9EB18149461B12F760D7485891CA47CFC44909136FBF4931716A2E100123FC6CCAA6A644F25EDF4AC980B14039009BECE8B798BF69A05DC5B6885CD23F8E13A46F
310
F0C0A986D617F001C52241801E87C2974C31411DA3A5D7B6175472763D637D3E57C33B908F867F4A59CFCA7923375E5F027A983E18BD7BD4E6FDDBB2250C1529F4202EFAAF979DFFB1F2612E87EBEFEC58581EDB9AA95AD1D7C1905F7305BF8182D5BBB524D47C4E3B81CD843220DE1E6536497C0962C225F75A2D6A998303
310
B23FC501F0B3F736EE1FF01200FC8C99F5515207C9C40081DF304C0A17D06E26CCBC5B3C47459308178301FA8057C2C0AE9D99B05F038828B08400F2E3251254DD7EB8BC4853B101F99AB48E387457C96951E5DB670648BAB70A7B04FE93EEC5F5B183F9739C98952C6845C380D401B8FC86E70A20744EC720E09D35955D96
310
A9041720196D183AC2CFE6AEA816652D0234883D788BEC8F5DF2615261DB031C2381092401B48D8D2D870FECEA9C3D99DDB036C8A051058030E32190976718C89F031DFBFF2EEA3D88606A8A19BD0AE305BDFD12BA4FF46F1A0002B07137989C748936E9DB2C91F43B07E4E4D16C3779CF5A4FFE8CC981F07C29E34B7C012A
310
F0054FAEA4A6A3D49D3A16D2B3CF220A029003366663053C89B3FB1827080DEC2780076FBFFD8E39810CB0593CC68B5D9009F2D400418028B0BC6CC74067E7C9CC0C2690FBB084AA5254A12AF63543B35EB40D17B693F7E3464D5094C00AA9E04E0E0524F5C35C5EC6BA94B21AAF2440725E2A9FF94FE7A8F0E769EB83FDEB
310
039B631B18BF396F5C13CF89ACC02C387DA56DC3B1CD84B96CFAAA37B55FE723B611062258257D331F186AC93D8AD600B4FEF4AD777E4BF68F2168FF08C081A37AC13446C859964803961928476D78F68419390D830C1935B5C2A0A22A3AB17D3D6428BF12DC373B8D464E04C0A496BB3B3B75639DCC2500E0F0B15FB6F47B
310
5A7ED0183A87CAE8D535F2EDBD4B3B7FC762DFE65A07C30B2851DB890082ADC07131EEEFA3DB7DD5CD32C0860CA83CD4B7993A175F422A8149B1C1D94C1145059D9C78A8A572A90B7C8B1E3392FF77A80C50220880FF3669004E90F101740D2B808181455A044904674E7482CC3EC85C4BCE339404C0B0BF6A5611E4F9B815
310
7BAB6DE327EC9BFBA1B4557ECB609C1F45326499EFB90EE78F18227F09E563C9E63D847EDB3B68EB9C39E95AC4F7ADCF7D87F6752BB6912040281E4A0D8A8314E80D60470999B8A51FB1488A66A9F3F81FFA61C83F4FA6969E472288FADFD61B005E0EA4284822E018911828E868614DA0C36E11F3A051070BF2F0840E35F2
310
00E2C0C80A776CC9E7E6841C0503D0EDF15ED9AFE527E798D23BEE5F0604E58DFB7099D739BF0BA5D332EF29F1535995BDBD0DE681C4F71DFE6A7AC5A13554AE6910963E9ABC9A0DB5B202225545F5CFACC942B5B93C207352B6E5310BF349AF200175D7DFDF78F6D683B7C87E087FA9B35812C4F8F13452CED610A2207541
310
E6D659A739441F3833CD0C9C3C3DC2B0712F62333C4FA9327C9CA1124904B4FDE0FE21C119776CB0C212AAFBA5CAF80EB43772ADFE77CD9FA8A4144C54C2FB2304C65F62FC3678E4F6C68F30FEE1BE8383CE7DB86F58B1AE0C51F0F055E188D02F00911DDB0991832228B3172B3E623E513FF1734FF414A611A603163F401B
310
EA790FC9FF7FC3FD3DB02DC00184145B850D01D120424DC03C00FCEB7880EEEE939399F1F18DBD4AA54C939899304D913CC2D5CFBC55E50C7FBE4C0E14AEEF53D6843DFF56BE2D554637EA047D3C210E2C61077875FB5B40E19F43AB7470CAFE1C0D3ED3B3B4778D1DF6D4F837C08747180FE8394F2CA1E0A46B6DA62CE2B2
310
DABEDE0B1924098580FC16B369730E9E90541D3730D47FDE16EE1FFAD3419CDA05ED1F2715C607F2E81893AFC5936303F40EB776F1D808BDE393A3FA401E1C706E154C892860AD74A2949C409E28A8FB3349C764D13E4D1D3468952B7B1B35001BF41142CAD58D6011C8B78961EACAB66E9AFBC627673B61FFDA4167950A27
310
4145BF11EA17BA9AA60815C2C43AE1F648E3772E53C94E6364AF826019E723069A8AA353A3BF7FB5359281700061FF64C28C10B9AF0B70B0B0D30A31CD1CFD22F68C76DA1E44558869257892363C091D313EFA46B57C3BEB252E9C6BF5B4799EC58F1910F469E25AA17B343799DB3E33CF410061F96C6D63FA91B1000CEBB7
310
D2971BDD39A2A76361E000F5DBC1688D47CB812DD60F8001AF25B328D173A9E4BAC18CE9F1F628704330741B2649B92E9714447C68559C6CD2F681919367E4811100750058809D0230C087A89FF3C80C23C4C60882E481F48D531764BABD5CCECA308DE2F63D3BB50373D630796126803C2D1FBAC148F7592881B395ED7D26
310
B7DD38D7096AF98841CB37592561D9C6565317AFBE9FC4AF7371E060736C7635E0CBA1809FC80F544DBAA1F2F9393D970D44C0615A0C6930E758B9E63AE690F73045F0C8C0731DE9CD80F718E94652383458799E02C06D328010011C7090D8C5E5336A83D4059953877EA1E1D66FBE994F04608C4C991917230FB61F9AEE18
310
3A40AB9108D032449FD1A7283DD25ED15360EF7EA9303EDDC0043403531EDEAB10DFF87F5E2FD56DF0F1B701A9F614DB17FA0E0EDF6FD0B1622A81FA3D1DE5A33F551930335C353A87F9AB05C60455193448246944A232C5D07636D864CDD7A50D0B4440CDCC465D1C418321F50E1648D500294065D869559EF3C40C8FCC6C
310
323E989AD0F0C73142480B200842802C061008B480A9954AF282052B3AF67350FD0DD30D1F4075AC303A5D490250F5400ACF479656861E4C77AFF327F3EBECA4B57B6B6C8FF62602BF150744656A87DABD7BC6BED50527B2120C001A0B3718C74F0C65CD34F275164D7968148DDF259AB8AD6CA81CDA4E8819509B996A7F64
310
2D987A401A2B04018C01E6C169A8700F9DE3B489DB2BC49C9B7B858A4F50D22AE15428FCA4A1EDB20C83492690CFE361CC7F8C8066FFD0D77AEE797977F468A36E0B0DFC87F90EE6348BC748F7CB73B5B9DD5C6EE7AB19ADBF6DF359F1DC2A0F9E44F213F8041F64274C0859A2AB7C37440FEDDD2F95BE44065F22067E3EA0
310
CC3BD8C0D8194EAB291CCEE20B9CD8E02950AD806080047A279F19024C837C848816719AC4A34DF8F0706CED904E8185753A458A27E4C1E37B5F30A104932BE140E0BF4E400160F320B054A8705042FFC47B4940810173F9C9E97240C7FCC3F3813EA239B745DE9F1B1F3FC2F9330374DBD1A7B475923F9A2ED81716D18D1B
310
577DAAB9D1A0458655AD3CA7E211867AE7C702DCACCD291E0F798013DC01BC326087775C0833E04EA3778FBCB8DA4687A0255CA0AD210C15661E4E92001A4449031D1DD27D327334BE830B64DAD90CBF537A45FBD4E94A7A88888E715B7E74FCD040E818BDC1BF5AC609CCCC015DED23877080FCDC47BD8EF3A7B783A17D33
310
F3ADEB6D6BC7AD75EA7C7852C5B6FDADA6AFEFC2D181C03F8C40DD8A4AB5024F0B72E34B57BC1182472DC80946789AFB711DB7F1193C03C893B0345F420246114D3EA71D04FBA731C0DAB0D3CD311B218F0D5A15ECC105D02F3AC32F13600084731A83220040019B03180634B5923D438300B05BAC80881F061095FED5D572
310
A3323ABD83F1D37A2301A8C930AB3F66ADF7CBEFED30BAAD7D78A06DEB6A87F15491F5AB7E25842B6B34BEFC12C8A159F187C64B3CBD2356DE5FBAB98BBE9583F0E3280C0076DA15BF34C15238145742B07080B1EFB83382F9FEF2239D003541041083C5AF9EF3C8944DC2030BC3ADEDDD9D27475800693049E05413BFB3FE
310
B4308731512F13400D06F813368A0101D8D863EB3E75FCCADED124F532AD3F123F131AB46A93DF1ECE7F96CE9EB6C365C6D6A07EEC461FC919FE288AF7AE1A7D012D291EB073735FF26BBB1C99FB706E972192819B7A34BF22424BEA1CC7958AC2E04BFC8E02DB90A4A1DD04811ACDBC181037864672C78F6C0EC3073A40CC
310
49D5E813593B7002763BC6A909D31AC86F3F6E335C9E1C309BC58F16418642E2AF6B290A34FEDC0CFEE08FCA0F56700699CB73B9C99302AA17BD516D7F1FD755A2B32B3FBE7134D3BEC813195BD355020A7DBB541539CD2C06E45F46FC0EE08293E6C0E1972176D9B678340AA1A4823404EF79B1E2347E47C35D0A2260730E
310
0B513025DC0BD1C07E3366E9B9D17F767405FB531070700035618606F0B40C73C974CFD321B0C174A80C0F3AA54945FFEF348F5488895713E89B5C98DA501E06D8D24FF04FF0CD7ECD7BAA755A854EC6A180AD13BE094E8D5D63BFD6DFA5F5D3E4DB1BA18FD8473DC6E17FFC9832B71A2A94D96E808BB53F9192955D62C82E
310
282B05168AA0927D54AB20A20A74800B7CC9655C8B15F62377CA4C91641F9F4D0478F4FEFDCE273A002CC0A725EC165CE3A149F0333E8E9600B2C05A7D15FD831F0938DBE5D0FF13E3C0F0765965A0961C3FA86DEEB0E28304747BFBA5FCDEE44C23544F7BB7BF7A132DDE34F99E44EC3FEEAE92F667A10F7E90B0E8C6442D
310
F5A5318B0F816311DB2E6DC6F172C363FC800EE09186BB9EC82A24C0117700CD884AA42023B81EA6E0CF8B3056411110D78606EBC5AD5417B45BCC8E61EA01C4006AC233933E35D860BC1B6CB9C9CCCE7840D2E0C1C1FFC11CCE54D59300F2B47D66A10F09D8E24B71B9BDDF98FB62A3B897C53EC88D16D1FFE8C649B17BB8
310
E760EB20B784F52F992544753F2CBF642CD3C9C70D8722C197142C567E74FB431EE248A8F3FC00377F5142144A82FFC28AC2970A780C85A7EE9146FA4B2981F3C93BCB0F3FBCB6DD3DE69C72B6073B99140DE28B8E919D9D9E7C2F5FA99FC1FFD07E9AC0965CDAEA0A945FADE52C791EA989E8E7A21A355FB37E44405D171B
310
98A6E946DB26AE71DBD01FEF07FD378F5B4B518724481820890E7486E3FCE61A60E096D577701890EE07CA5D7F2B086040749FCEF3F81972E510A86359C9BB579883035887542090614E5C4461705D7CA1CF84DB564838606CF1597E8119790D021080C935A908324EDE9F60A04B7830A33F0670CB08605B8D01BF9A3D4356
310
93FAB4FD84EF6754930640C1F9D74B052A7ABBA9F502B39DA3BF6BC7514EA4BEC71D752BFDC198EDA8DFE8F32B3EF811E4576B0A2074B99B070A069F60173E7427BDF285024E35A4418B7A412914F2800F1965C4F1120A2D5D2C64400563D5942044807BE7C738EBF3034C4A6F4D70C04ED1F97673C039FABC4CFF18866E08
310
200BB66BDC9CCDCC3FFD1E43BEFC52C317F0F5E64900FBFCDA4DEE68768FFF46350E0EDADB7B34DBBEDE3776BC55599AF84E312229F931E700D04478D66A0D88D09B2276141AF0F8811C5F8067DC04C0F90929F7F1AC9CCD368488AFB965C97B855A3E2E93AE5B4866502E55991B82D4388614F2C36B8484A5FA06E3EFFA98
310
4A6AF17D5C2073299D9F12FD63826F67FC460E54030981684E9FBFC22009A3006962285FDF4FC84B699FB5BEF3736C6072F6844C15EDF25883037DE6BB7AFAD6AE164B367812FA8CFCA6FA25725D99AEC5C6EDEEC64ADDA2BE0056002032E1D7A20A54CF444E360D520A5B69816C0A953CE0434A8A898BF18E2B704588C01B
310
DB2133342F5404FEE698957C200EF54E31BE6DF4E888C9C67F5F3F1B41F922777E7FA6332677C20098C59F762F5DFE4A23F9801A3BB6F8A4F66E0D40EC867E92DEFCE84C714FC7CE8DD3DD3BDBF9C781B1C3B549FAD2C89D711808CAB100E09700BB85240374A7209212F320CA577222A7020E7824500179FC7096C714884B
310
DFD9499E027ABEB3CB0226CD293CAE6E0C41A6788F396606A073E28CBE5CC67D584D36CA39D37974FE1023253E3FFB007A26F657FFC901D851130DDC2BF54884F20D5D40A0B7E5C7BCC7CC87B84F2ED820192CCE1AABA1FF24ADBE1D03635B5B3B53D4A5F84120125FADC36A0E792D3AD7E255792CD5241A4C84171F110409
310
0017DA493D0A7790A7BDE6DF326180398E4B0DEADA5C2763825E43E05C388E184678C88CE6422606C017F030366981353DF03A753DBF6370879F79889DD0BF75408724DB53C5B0063AB6568D02DC47AE4627B58D7E367A6000267E7840C23A0940B992DB98ED1C4731B4FB4DCFB6D3EAFB6CAC7646F0335C5031888CD74E21
310
03380260AD47176D703960230370FBBF28813524C17FFFBD6288BB28E4F905ADB4A788B40B4A6201C1878BED224DE9906C4C79EF32EE679B9F5D3B5DFA137327320643909A823F62106CB8F9BFE4BFEAFF0FC7A6393EC7F64A698EFF8ACE31BA05ECE6DAB6DF124118D1D13F892F3D3530602E3F3ED3D59DFB821ECFA3D9AE
310
85B1ADAB9E328DE738BF55D5DFD039445AE76D0194180F57B15BEE5F09C07F952F9A10372BC894CF7DA12CF6507E2A8916E0DF430C519485C55D61EFE209912D8C32866214E121611E22A0B1238DB18E86636A3BFAFD5B4EE02FF1E505F902BDF424D0516907BFC95EF3A76B6B3872769D67E25B548F0DA46E2B93DFDFD5F2
310
B9E9EEE1EE1DCC7FBE6380DFBF38A165CAC73DF912AD76A4690D2B766A3EB4AFA2D05BE543EA20B095FB17AE3F1928D84482049B659E671A4763CFA567C08824913D37F2F92F841FC244085C1681225C04AD6DE1684831682CE0D6096B56101C0D4FB3A1BD3F11FC1105AECF5660BD3FEEDF162B0D9DEC6DB55AF27FC98050
310
BDDEDFF63ED14B01336053A19DE9AEF5F5D9E9D9F9E19ECDADCD497BCC57681922F327EB41FF681E17C1921B04FBAE371AC69E53F98183E91B84897A5DB164158BD1D12FF6F6BEF0E02847727BF2628F9FD48B6FB11DF6928C868B29590A0606F92140D0C08850DAA7DD8A5FE8A50389F61288AEB743E9C801BB67DBE0A7F6
310
4F63BC87770FDF57AA73FE1F5A84F8DD3AADDFC32087FBC0A7D645C327B97D65E7A8BBA76DFD9BCEE1B1CDE3F5F7CE4E6DF4013ECD7CB60BD1239E8A4E9A5722AD9C4FAC8F7FF17B214AF8801950430639A08E3ABD05A0D94E253BD5951C885B0CE750309070555FF21F2EF83FF53F4E15038B8D8A244740A5C9CBC120043D
310
A0B323FB1DA0A4EDA268C05A304619505000BE10415DE898809DB6B66896E60AE347ED3D6DC707CB7D5B5BC374A158EDC343D0EA61C217D4878CBBDC1D85686782C3CF4272E7DCFB5E9EF628F5A95AC1AC0C6848F5771329EF8DF2BB79EFEDEC8DBEC72EB7F245287FD4B31008AB38EA4D52F2BF57167159E3004CD8950E21
310
7DDD6F699FC763E9D1A0AECC701F7BD4430A3E030374066938F883C01DE40E7DAFD609345E33570F4CE6BE467FBD7F793B5AF2A9D331D86DBA7BF98067918F9FCDD609A0384B523F4413B574B818C6889FAEFC5E7B8F90CEFD62BC2C85B2478D54DD076635BE434FCADE68B3ECF1C8708E27863DBEC352D87BCC7A92A8E135
310
700CDE65BC114026DE5DB68275E656D2C0D4087293D43BB4C9C14EA83C0D806783B40DD7CD4F19EE9F33801F55A3F1FD600017A6CD5DE607783D5F74E34680E7DAB98D99F6E5B5ABC7F7DF19D8278322F6A97FDB2FADE1539BD945DDF868EE2B8B70D9EDAA45D1BB0A5801198CF1DA891540474745BF0317F8A3703E02510A
310
E94B084221F887FE950272D62D4232781054A87C58D015CD45EBF9B70E60820A2056E9D4D619E8494BBFA68B61EBDD8CF52CCBA124BACD4A4077E8420A7F36FCDAF661E577B792A7E1B7E337C7CF1FDEBB3B49F501F3C7366C1730E793F51FA20A9C3D2E9F18E63DC277449054CEADA36DA0807467D45F8A744E1BDED725A0
310
33868703F1392BBE221158220588F30574A0B0893D0515B0B7C404AD0E7F40C11D504C49BD7DA39A85A19CD7357DFC966E5D92272FF06D59CA5A6A1C8AE30E52F1247C1F1D78F81887F9F3E387075B170F9F5EEE4A7F5BFC69DF02FD8795FCFFAB472E7C88D563DA514861B85BD41594A75F5E866BE69471110A9F75C8609C
310
7E6BF6C7C727431EE3E9E3773D2378C25226E82C08104A57ED273FE0921D6990E02B006BD038263BA360355E8DC446A380F0BA35FA9945A80CF60DFD54054202F91897C241C147D59F8E0FC67CD0F2BF377A3463F8BBBABCFBD6833C57E214AC3F5AE9C2FDE88852968F20337972C7E04EE5658223008AE82D93BC37D8DDD9
310
00BD6B16EF221F0D4149045D740A8A215D4FC186C658E01994B8CCD317465828704BB630DA2243B3B4ADD3EA554A97408454148C04A1A0CAAC2E04033C04073851F54380E0BF2DFFA43FAD3D6B574F2E1E5EF6E5F4FEFBD1CA87C161FCBCF5C7AAE2F726F814027BAE10F79BC3D765D61D1803952210A9AA07F8C6BB2105B6
310
1145B324F96014EF223D4A9261080239F03FF6F4DD4975C183B887E081F7A467A25EAA0C94028FEB808637768B07400A8235D4EF33143253198900E079E3FACB0C59B00F827A5785A6FFE2FCF0C0E6F1714F11CDE5140D931D707950631F3DE877F300002000494441540ADFB08704E252AADE1BD4E8DF55796A32B9B6F177
310
37C67702E5C638682737286CB0E0A89B624D5BF28222432848C9AB8C07170C97B814FF492A61072407D638006F7C8400860444C01B1930A522788045633DFA9507267A3A42BA05925BAD705CDD3792FA23C1075C6EE768A673919EB6C3FCFE7629B7310AA794CC9C0D14A1FB88F95C845BF22543F57996E0B26C9E4C2ADF18
310
7F979F8A55F11B47BC26594C52588518D25E6C2B1CCED231EA1B748F093E5726A21A54C91EF95789041030C20FD5AD68613432E19A4D0DA2505B6BD843516E10BB00AF9AC315EE9FDB39CC1F9EA59CD88F9CD071D470C86C4647FDEDDBB1CDAB81DA94034747A779F4CED497CFF817348F69F52E55490840E48840BA72DB71
310
F3E84F6DA2F4717AA928F153DA6E4C7E8E00363CEC9A2E1C8E65F298FC4A52F087FCDEE5CBA38A80CBE11FF7BC2AFF249203FFAB77A128A001B1987BD334AD9B901890A8C2005B6B248196AD09C0025ED841325B31845032E327C531C839E66DBAB39566B631C2FF0A1DA5A3CC47E665AD8751B47CFE33899DF047C9F3C365
310
E3B11278D49DF939298E09002F6430F9958803309827A7C791048CA070061B7E9A64C557D235F83EE24822E5EAB805F9862F20FC58F483DC0EF02181F572930205107E00E523861895A2811309808F2B6C14B2AA579E893753C155D2F54302007E9FF36AC5FEDBCAD47E182D91A73920CFA5C18E01F8FFF4C3F1FF553BCAD0
310
E58DEF85DD63B91BE38ECE1A9FFC4AD4A1FBA30D462C328C5A0340DFD393D3D3D3C0659195C96990F391EFF4175213BC74C020922D4830FE215E76940962BC0713A3B82784C0CB6623DC40D6E1485BAD454F6892200B225096127FBD82D2B12006BAE2E329C771E25FEBC0DAB3B5395289D56D7A8A89081B34EE06F80F819E
310
FE75C67DEEE95D227E283FE98A7B9F1C97D2D05B4D07A469153C3DA3048EA68FA667A6D90E291C7D7E2D063E4D044964D055F2DBF3E31BB851AE9F78A0A7314F0AD24901F581D74A6929142039C65AF5830D1C809536CDC05E4BA51038F79D713DA930CF18BA3010E385351CF47F74D439BCBC793556A1F99814926AF12835
310
E251C59BEA3C083EC2B2760FEBDF4304C9EB87B35769E1EB24B648542CFA4EBA9EF93CD42F03C08F249A2C98897D8E2225E90077823F4A52171A61219998CED6FA050992B6B0A74A2220ED12123004FB977084208F8E2AFC80F456CB110BCA647A3A0F854085D84FE0052BE31FFE7F925610BAFEC06FC33F9931BF063F39DB
310
3D1BB20EE357F594045F4226131578582CB055A59A073AE0413989D215019B6EB8A21CF154D71164E0D8F4E730C2CD382D098DA5261456A425643686BC8301710F2C50665881399156AA2B4C3191BC555728384800CE10040F746A3D8A80A5F0E500A93456FEC52833BBB45203DACCA37FE1D3EE4B9BF0EC27ED47D89B8266
310
F11EA2DB8B5A8BB93EAEDF0C06B7AD0402B9EAC6E787365535AF19F15158308A9D9785C1BC1C01377F8C6B4D07B50DAD25649764A91DC9812C7B34CA98184084F7C01055466B48058CD44085AF26648520C85C41C67805462D8425680425559F4440F3ABBE1F3F81B1EC72708767DDC8FFB6465796C8FE310FEABE0C9B242A
310
74137EC3E0427091967023299BE5D6D4D0C6D15747DC2AEA4ECC57C72856E827D33CBD319D70FF854369EB841282F84B7CA4881447ACFCB257E252E00FBB3272120A75B99119840858486615636E0E0334031AAA8C08A62E080053A0AAA4158431EC727A084021D41CF5D630C94184F6FE7432E8F5F9A4FCDF3EA7CF136FC2
310
988093F98ED622E38E4976E1BF0CF49D2889E6DF3566719FE1F9B47A2D3BF89C69155DCF24F88C609EE551160F0415900B4C48FB013D8900A9192A700748002924771A3686A0A580FE4009E00ACC090253E280B90AC15048E047020483A038A60ED232831F2CC90498648690D960C48E439F18F4DDBEB0B6F5AC7B7B89F623
310
0243B4FA160A7B9327F3AD5D937C8BFFE5FF8B3A5E64283BEF8EAB9F71159514CFED62DBC880614AA1F7994CCFAE7D8C87057F451733699B8DF87056E1F0654B5021E38097E4E23221B810DE20559AD183A61C2C88A648DB096081E9801CA00BC1DA0124E08DAAC15FD2936905CA8DA1C40E42B13F1764E0C4015EAD7F8BFE
310
C99A310B1B7C0BCC7746D3C0702759C89EAD57122092122D1F857067684A578F1DAB7EAC400841F493A468113282FFE42316CC74C756B1C880FE78795C692813CF4644480EE9B02991BCA257A71861F00666D9410288487618D120D0E80D7773E2B7DD180E100EC98B221C94BFC4FF531A09B986230F1CD08378A8E4D0FDD7
310
D9B1BC75F5C12EAD7FF83F3ED19EB018620303C217A6A35D826E72ABF2D8E2BB1B783F6E48D2E3F360806E1D192085D022103473A10375B63853EC54F500B5B064DBC20945B88160DCF7E4F83A0200BF6FAEAC88E9F54D22D898E43F378D20B51B5D6B1457000922202800DD401A9266483029C0D6D57ED80D42A0E6E08835
310
F0F3AC73D7FAE6D56185F04FC44472B854EB7D9CBF7134DF3DDC35A9F6B38417DD6F508B37C1A718B0D054124176F7222F62DFB327F34D451799D56216880193254FF782D7DDE26C271BF38C6E422E271CE4AB8823C9510F021126A7A944E00DB4031D013C88EA0746C96D4574069BD5439C4110403B40020C30B07A604F1E
310
41D19C21A93FD9002DFC35F23B1E7B98E95E38387E3603FE7393680410D702FF9ED5A3C5E5CE68B5827D721FA78F3A9A0C08A79722D9C9B418F46C0057BB1640C70AA4A03D29CECF33987596D53CFB27B32C3BE304C540E14BF8464E080918268D254838C91A01F0FFB99154FD8A9C0495EAA6534A6C464440B4A71E16100E
310
7405088122A35F7A511DC003D002E6C8E7E15F6D1D2FD09014139EC11FDC89394621F77B9F88EB5A583C41E2FEDBC8F82334494C0BFA97FF3C3A34ADE60385B60E5A30CF036E5E75370BE3B83AE73B3B7DC0BB337DA0045299ED0C66681E4AE223D01B1BC3BD4C921E2005FEB5114739040758189BA8A320067B62A3995E47
310
20055065AC2B4A8006BF8CFCC907C0063EACE41813C5F017065AD46CFDC6FF1BFEE052932CA3478C8E5A6F25DC8503D40F61FC1B047E4DFFE8E84407C81F1AC7B5C79DA358551CD0D13785A9AEB38D6EB68A0A8087FC6543E7471082873CDCE5CBEA1EFC5CC0579469E225428E9A43D6A6000B4219DE52E8DF00A55F4BF503
310
5960661C2DB88AC1F67C2890A93FC420193C8326409E7B595FBBBA9AE1D1511B3F6D65B09AC10A71C2317201A603E88C56CC68C91279E83F5C147787EFE6C675F00941D23EF092920330982DF38C65EDFCA89DA98E8ADDECCD77CB86D85118F3DD9884820B1128010D02F1060F582871CC8FF42024C02239273A1CC3BF71E7
310
70DFB7E96081682803188118B50310BD620234F230B12711B063E0F0490FCDA9248B580D3D3DE944A30CFCF2A1E0F6E59E8FBEA289CCCC943785BB8880ADA9C2FD70F6A13F5418444E3A669273C006C4B4EEEC067827539FFBEA9CFF04D84E7F170480037005AAC8829084329899F90B5E013927F8E646514B4824B01D11F7
310
2C012CEACD163B6358A4454A4221D06E68A71062520649BF9E9127D0772D6E5EADED52FF216BC2FC513C7D3C5CC4C8AF009811826AE20203B076A2AA66D8D32E317DEE0EFC000FCE16D9E0BEB17C74AB009256C5D8AD1CBABBDA61402612C675FBD72D07E633B1A42F2421208CE01397560811204306617A5141706105C9F4
310
984C459F2D0F6C392FA05BED808512B0B9A8A9FC6CED89640EA347D31F0DF76D3D9E61E800FE9F7601BE4C9614A1C58E6C839F13A12D0EB426DE6386B82369A9E6A7F1F9146EB578A2EF4289AA109B4F6CEFEC0463E0072A05CC9DEDEDFE08407B173B8AA65399C80B2911252E6290C82CC1B8909140C11B7AE161B42B9390
310
5045D017E00CED6D27AAA15F2C2179F1E83D411A7020B9408D202381E7E5DEE5A9E7E5CDE3B186433F488AC81554BEC09BC579018ADD1DCB3D9D70F02B14BF9159A4DA376225FE43DA224FED327941705DA582B2FD1BB5DC0540667B650BECDD1D5DDFB0C7F36DEE2B94F6EE2EE4E426F20A1174C31DF153321A24114C4FFF
310
25E505475F6906D4149B21F1BD9D9DF7B059F8E0FD83323CB97991FE80EE131A9003B81C491B218B1D42C0C0D593D9D548003839DC29A740298B0C23F0CE14BB167BD61989AEF0B985C8FAC8F923A73F31953989F0F6C96CA6C4D0A9A88184BEDBBBDA3BBADE77CD8E2FFEDEEF46184A86671D7DDC51417477BE9F04804F30
310
5AC82C2D018A21EA903866A0F959FBD4139916D036635EE03DDB7408BCF0627A03027AD314C09B0A27F0A79490D53839D0DAF1416995CAB24101FA63F75029D57A4CBBA9FB4D120ADB17FB5A999FC9420DFE04FA670430B90FE7F589F7FE8D50A4B5F004CE5F07EB4EA007F8AEAE8E8EF7DB3BE2F81F42166C7246FA9E62D0
310
2C8209BA1024414C483498B50229FD923F2414040B2081390AAC353B5283EADA12A30B1080866D746B9ABF5BC107F33C2A015B275480759334B83AB02175EFD0DEC785DFC505E0064F4EBA5A97073A74C5C9FEC97BD25D819E28AEE661FD2732B8BBFB1BF13441B3C1F45E8AC1752BBF80C113DE960E0AC7D9D02C58C80505
310
A19BA0E84B14402601A590A4AE00A825E98C3212342302EE10FC5100681F86834A2804BC409D70270A2091DCE874B16BE0706C974EB3D26EFEDFFCA6C4579AA4DB781708469F055532A7046C6BEB0CF39F3ED2EC4FBCA3D00EA91CA68FD2B87B5C191E0EB2C300F00A1C9881F263571C6CFD83D079D09F176FAD839340CF03
310
0F70458F81F09AEE1329505150CA0A00576B56C06D58070B23086F685E44232D9D53DE3FC3731044F286D19F459351863F749F1104198D6E14BBC68E17CAE70D7AFD958E350BEBBC70C9C4DFBA075240DA27D40AD7DB063A097DD3F041EDB3E4B682A7A12A548F3393DB01945547175879989302521EEB1431B08759B632B1
310
74E0F700E774FCA1BB83F95029ED1A084288C8893520E49415E00DA080AE8027C34206D35491D050A4C6B080F6A20889A2FF82379AB6234F6710C05F9080ADF002B9C9F9C583AB220F45D618D7E7F7547FB27CED8A8B7A7D24EDA4988B0C1C2A1AFB53FDC61BF3DE50D63C560F0120B0372F0839DDDAF13E583B868717C1CB
310
8CC71D1D7F440CC82184803144196EFD58BBE00B7EE77DE8C015942357FB06FC906A5E2B8882CCF9FFE184B0035A5CF186A962A63F84B3AAEE3D5A2C830008807568B6A9F424086D2095A3E262DBF124350082C4B5DF4704A9D2C93553DE47BD6766B69349610716999FA25854F759CA9792599D3837ACF6247CE8597B0F96
310
0FA3EC45B61715050260C5844FCCFEC9666BC71F875B17E3BCB4CB151405D7D08F846B4CB952248B4603CC402B609E90F0044A007FA800EC46D07A51232B00E5683C55D5096E1374DA4FCBBDE2C25A5B8D26008227CA7758033D7D70DF12CAF7F247939F93F1CC63047D63ADA0B7CC8771B234D8095FCDB577B586D1834062
310
035670E204B245EC093FCBE15626C10D210CB38A13F50E10A0D5C0814B0C4B30AA9858516001669002229618F100767AA3D6D2528595FE7A398C2D2300ED0013A0AE60B91644A057327BD3C36BEBF48C91279B45F8BD145494674AFB211A91977CB838DF35DCB3D6D6AA2FB2784B591ED785DFD7DB77747DAC9D2F7674810E
310
FC2895F9ED8007EC7885101679C06F21E4B1C8A6120956F80518D1DAF1717BEBFB5803E20C6F2A11B2E48AFF4AD2810A70054623E341B3D1ACD92DA91150DE631EEB2C28882D092049C0DD38E262A7BD6F98549930C9D44B7C37028AEA9F8C5628A2BEF5704C0DCB2B428181B1BE766F43014498D2E57791E4C8DA6BD2ABF5
310
003F0C40202E2E32EDFB02852D16C30B7F646B98FDF86C7891690043128B0A0DE6B4EA27F08C30CA34C9D0AA0852A5997F8D11A6EE84E040B20472020256F4AFEBBB74E6705A12083B249089218E6452C8E5A69717E904A3F5EF3D5D08EC1F4D4E85086B238CFFC11AB9AE972CB775616C6D1DE04DDF073B4DE3747C41FBAE
310
6072901CAD0237100670C5A00C2C3CE063610ED824826C1F6650700E88C00B62468903A0D71D3A390255AD7040048348C56C4647413C2C2561216E0C469203EF06A5B101AD40D0E207F78B124747DB5B4BBB4E88B1C373C114E0470B345156EDDBCE1B4DBDF81DBC400746B0B54E05F693707B89A5E430982C2AC7D10DFF11
310
D5B102B9505034B35D07E8E5F585757F088B390F2D4C85CF7218E8418BB4F25B885053D07D5A908326809F31D6CC6B77CC948413B28664484439D118DBAC27DB5AC40C1AD166F25E6A2F0AE82100C0BF220405323E1FF80DFC518CACA8DE1003F3C9FAE9C7B2D60703A0004F8EAEAD2DE0F5485452D15B77B4B67F4C2403B8
310
D8F9C533558ADE058A9E177A1698F75DC0EB4C800F74C0270178C8579C1FACD025F0560844502D2BBC01E620030CB93636C1041636A693949CD80139FD15BE107F905590A292840F8860706D07E2970A2F15E5B13B87C3143CB2930374CC46A6F9B9D7A5CCCC14E11B9E879A49FBE27ADBD6DA82410FBB94FAA8487D61B51F
310
4BE0A03FD08743C31020D6628ED20305A22C2C2FAFA7ED1E7881C438AA5B9035F20759E243C51F34D0D5F02F11403B9E204CC1686C0B6C9000470561519CBE1B0E4FBEAB37A39EE4B84C05F023858779341991F36D9D9F351E7BB3B5ADF00148D9D05784F9AD8B037D48C01BFA83D4247F03BB768BEEF973A14E610090D4B9
310
6B1EEC5C5E66928F28EBEB6CF578B067DD83086081579848E60DFC7684044D8174993C39F886043481F6A2B743B18749E52447CD4D230513032D20D20206E536E15BCF7B7D211634F98FF9986287F33F9A94615A5A0A7CACF8DF5DCC1AC6EF9AF1945EB78E0A2FED1DA2ACC00EF983F9A012260BD722EF61C9DBCDD8719703
310
ECF839029010CA0B9F100B1D2842153E01A1A3837AB579516A31982FD2908A09100DAE591016CBCD4B011A2F4DE299E1338CE065DC4841BF9895D8C81714800CD08F5AD39601BC929B55D291F6CDCEF2AB40DD5D98F4E6F107C47AEE4A09A079C05316F479DAF4C2BAB83221BCC0CE23FE3D3D4C7BC9AB673D89A3677D6020
310
F6E182332028012FA0FBE0B2668FB85485902A8E7FA0BA2105C213E20BC2169211A4BABA7D693C3F1DA961F203694853137073AD5CD25F1C017DE0477626D7BA55B88F83B5EE513C41D814639FD1BF759171F4577D3CAB0C3DFF68B2D3B1F8478C18F67BEBB2598FA76A4545E9E961BACF657E0791D2373030E0EC9FAEDD17
310
BEA7703A738185D08236C407448A4CB504CBF01FF43859D3115488EA01B55078000DF085911805790DE1B41B6F8CB2889C3834FE02AFE07D85143C6C008438A944EA63E047023A7EF37E13B0903AFEA7BBAB9579330FAFDAACD540022980B65A75FBA17D388F1E6576405CCE7032D95BDA420E7DC0EFA320879E5F8B3B04C1
310
D2D9C1114210C19FCC49DC6A855E12010184DB8968109ED016E4683CD552A36B3AFA13BFC2114068935A7E774CD2C7225642B73325938052D8634ABC18DC9442BF9E0402E85B42F9F3273672DA8E8F1070405D1DC3248487574CD98092B8B956E6AFE1566530B78FAE05B4A0DE51FBAF85DD075C7E11939F80E015A58D1F87
310
E400CFFD2306C4D1D3C634380A201545A92BE01F445800BE12302AB477BD6F62600D211232EB061448A0D2B877BB940D63D059C37E0569A83DE93E214F4BD86209FF6F479C640AFF8AF6D1BFD987D029A94DB7C329B4184D4BB013BF912FB88FEEF913071A8D82B651BC10DB067A7EC52FE1B421883144C00F64FA23A11CF7
310
08BF16CA59F18D4C04B8085964B2D8DA4A855187000BE440BC816FFB13374640B0EB1D0998AF38A1AEF503F14302E2811081FC12EA6CD38A63B33035125F40F170C0B0AA45E9FCA38FC6D688D48563B5C4B4B7C359D3C7AE0EFB16ACD5E2FAA47EF8307044B4EBE1C71E84E742D81431FB06B90B600B9C239E277A57C94C42
310
7EE10E7826980C0136600D916A06058CBE8604DB4D314FBC014EDAACD0820F14BF75449B70339490FE5A0491221BF95F949DF1235380E969AABDBE2D32EB4403D3FDF17F42F9A0A7C28ED75BE86BDB7C7EC80C76F86B8800F77B305EB88F00A4352E0F8089EF811EA02A3DF08F7DA008F803BE4B4EF5F41E56087099E92070
310
8C3D720916444440FDFA013D4E1201414123A09290F5BD7AB729298209C4306D007BB0829FD4EC3A6D7E4F00B67DF38CA0764F832F0448E58439B952CB4F70DF964AFA74CCFDBABBDF273E2FF4F56D3DBFF2A78D42FFF2755DF307066497F44062AADFC0CC546F6DCCFECECFA232E14F408F05477D311B683A35BC245FCF8A
310
5CD2AF20022C21022266905A5BCC8B20235D6FF04019CC04058AC80023662E25F342063165956320BE50370F2A657BACC817DDA3DDD3EFE04028645780A768FE38DBA88BF2EF3ADADFC7FEACA952E5A77568ECF0C971DF32BF1D24F8486B22A649EC81B1B60315CBEFC026091CA45F858D7D04C1B437079431E63E38F88075
310
8842E780A9E03791C0FAAFE10012588C3C592FE35461A6047802BA18686887023A422A49599399893103942CF6DA53A8E387825FA0678B261F139F801E2B17C901D0F5217E07AC2401A87D0480F753FBED44FE949C93A1D042B879FCE499B3D861AEB23F9C1F372F0C24D0B7D6E70FE1AAF60F84BAE642D82F0A9F53E22783
310
915518494FDBC0AFAE7DA282E5050B703570E06319A015E00D693A6BEFFAE493941C3B08C13B96BD20D0115A9565701DC58568A3009DA13E965765C03091F0FF339F7309D44F6E61F837F1B1FF920450EB8FC48F9B40158BE89C81A597CFB0DAF5F5755D3886DC13D4479599B583758CBF35663AA234F133F91D3BCCFCE0A7
310
94367F385C59B19431780F1C099131384056616E15A1563B50021D369C593FB292685A68A8B2A50A0A2085CF05434617E05FC24A6B077B990014421A68401AC4D65788EE25F737EB780D08A6E38F060F2ABD889E1B889C44852C2FF368C1E3E710D73B6589EA83F7417B341ADA1F639A23D15298F087AD0326410E116C3A1B
310
325218433C71AE62C07C1480F1C045629724A076A4BB8D622D24690486727F56108D07046DAB065000678E04C4F8C342DE27F4AC102D854F2D08D59B4ED0E4F697B0FF62F113646BC5B7F3131D4EA8BF8B265EA3F2026E7061B96F6DF3D993276B2180B8E57067587428579460551049049B074CF8B1066C7E14C705F0B392
310
98C0997C17F701097023BAC31081390196801FB0C2A12380042927503D5A01CA127F9841B460310639C674BC8CDF1A320501448E0068905B07F6E5602F8C1F07786253438CEC51AE61FDB25FF71B09893AC026A9EAE3F30F369F5D5EAEA5801FBAD3C98B38C13EE017B054F81A56F05259DBDA64FE270B1FC4C77200FE276F
310
E814B916E222575ED717A62A92956504605268408CFE13FD61F84252228376060206802B9550F00B9D47E6AF1022538A752CF4FFF1F5931384A9FF8700EDD4FFA2B93FCBFABB3EA6C607FF714B0B8B04EBBE83B52B246092AB018C0D0002FC490849F1E214AE6FC42009D6D86616C835B65DB9862EFC4480C14137603C3089
310
D0A5588FA27E693DD184131BA4E88C35045ACEF1CDE1A82323C20B842F2419604821196EE8185BC834AD44F8E9B7549A32900196E9ECBBE20FFB4706861AACADBBFD9B56A23FFD3AB8BFACC18B1B5AC0ECD7B6AE2E2E9CCD2BE8AF1B1BC3A813B94107E82DE67A42E7CC7D4A6116700B5B2EE3C338A09B840F07C40A64800D
310
7C605AC42B72227C4C7020AB1F20056E26F542717F56534261DE3766AC10A6ED2D006DD03BA9DBA507AE0510A8B385C92363B9154167F1230C40D76AF6F3BE0CA08F8BA2FFBBCEFB09D0986550E0F0EAE2F2780CDF850CB0F88CFC2815FE87BD83909F474F45DD47F1C821DB2107A8817FD45384F57891B65F2543D0C1E20A
310
89B4A8DF806862AC27C60F6A054627FD344250718AC0FA21CDC4E28DBF2650D1B39D8B8A420C348A4F846E2BE824BF8C45E1DB8EEB52F576F47A75FF95F90FCE0FD3A7A08D48D5B9AFBE3EA658E1676FE3372FB57F0AD8D70ED4AEBA3D4C2BE0AAF1C3AD63A6004D12900CFC481A47430C9EACB390038642C8C41B13303166
310
614210592736B8603AD4FAB17189DBB32F3915F0C380795A089A15228460BDE8E52203527D41B5470901B088D84FF8B3FE2BA7F4FD30ACAB3DE0B7E2FF95807AB0010FFDE3A048F7360F9F3FB9380EE537F16F8673131325D3351A3F664022020811A0FE8C019CA17370725CBFF64132025DA1BE2555102212E80A907FB43E
310
D80A991A8AAC183932C19AE17524B06590B6AD286EB99BAD18FF4BD64BAB519202F992A963648ED30E7521F909F090C0213E367A77D8836BEB6F34D92EDA624183070248351F1A079E5D3E7A9EE81F2CE6678F92E299EE312B6C0572C0A7B5EEE07853612403813152C7125E2022A20C18F855DBAFA399817FC97FB6E1CDCA
310
31D348434ACD0012F0D32A5456B4007E6E92D72B1A4E9971223A42C1042819E4049C0C5801300C0013FA48F8944FBAE71DAFC27F1826FA2304ECDF3F6C10FF47D5C7E49748DDD687DE8E91C09394EE0682A4F84CFD6067EEDF43E67EA46CB2F4070160439245F00343D03BF25D7E2F26FC400A896DBF19FB8D4D0A66DA669C
310
3D608F9CD048A0533621B25690EE19D5D15248E390F042B12C682511B02BFE3E5700E4C9A9B2107A8F45248FA48234FD23005ED1F4EFE80D1320836F04003BF42856D478D1DCA3ABEEE3C68F9F30C3A16E5C238EA5DE3FF37DACC2F8B7980033F47FAC34421EF0418A045394802CE032D61C70023D788136788613887C0011
310
A4EA316E005718AE191F8D0D841B9C679CD2FC478442D005429166F5A24403B1E6ACF3298F388B6D0BA933D92339D48969A5C11F09B4FF017A9900A4F887010C474717E10F36468032FF33F4AD610517777104CD920C3CD15FC5F3B3A0C75BBCA3B00F2724863C10BCD4A0E00736C7981F2F72E4B001438B99714FCFAF713A
310
2603BC710376A1715FC602022202E06FDEBBC680A3DF1C4C095A12C50B554FE7623B50374FB2129DDEA4C392C9188077658C87F55FF92FFA507FF03FC8DFD3F31BDAB46DD51AEB03F7E1B38B8B87CFF47EA1479C3EBAD5C6B382C221C0F1B358B39D76D9D3142C4A20935F541E492E0EF081BA41B3620A8E172B584EA14856
310
32E22A8221CEDAC6110AFA4B6D43E2B76A18AB240BB24337721C9321D2C033B2D3E2641A55A400A28403C12D1DADE39AD23FC5FC08C47A64DC3FF6DFF76B5235124022D7E6D6D5F3CB870F9F31C96FE477FAFE54100068A3A87FA5908A2C08011CF31309C10025B089FEF9C510522B8DC07C30AA469841723A10C08E27F00F
310
7FBC181C083F2809EC3B2B328E294AEAD5A071B3A95C81D2DE3F930372D022C9C793535B92FDAD5426E90490C3C81D000017C6494441544698C416520C1C40C71FC204B22448FD9303782FBA67089A1A7D4CE38E89050FEF5F1E078A4DCCFADA058032C34C1CBC2E1202B1F8962B1A8024F0EB7A11F209E96FB369D4B64202
310
FE7BA230AD24C46413536EAE955B341B726C593B5D4630C0BE822480908522B0D85430230352618DCD4F7BA6D568BF4343801480006658EA3EDCBFFA9702B4FDE9022163C43F9B72B58001A23FCE6F0B3FF0E4E1DDFB9801A6FC42FD0132CC1F2224F89933107AD30B6C9131A53818AE944BE25A70810821C38F098411980E
310
46D108F483DC63F49B91B852351604091D60546702F58A3872A1716411B642C7629C267E64E77719F46B0548FD6BFFFC86A38DBFADFCDF700228C124C8664FAA02BFB1F92B09800876FCE4F2D1C3FB4FD0A44E0106A8DB8079751CBF0BD9340066C3D52BC64706467C05B5A54401BE4A1B0132A55EAC1CCCB10D378A3DFEB9
310
812022327745EF2102886A9142C812A1A2C9708027BB55B7006357459F9C2080E0BC34489FC629510F3017B62D5073E2A2C64048A0A42580E413BA9E08274091A398EA80B5BF31C87BF5ECF8F1C5DDFB4F22AAC181F070AAFDDAE5650C4000516440D8806786D874215149E69ABEC43FF0EFC820FEA112B0522003C84BE03F
310
B76623513B6D840820358B084119B0CEC8C00AE888826339A54091F5FCA513AFE147975BB1A86FC50618D9D74502F0C7C8815AA306602FEE3A5E79E0D7DED1B221001118B73182CD439A092FF801105D1AA14E1918EC282F6260869D55108065988BD67F68E5581720A708051F7C8070F582389C682BE53F2AFD85853F2A01
310
3D21564028E06E79B7A71E43212180A81541EBC88F451E02385100491AB0C4A3BC5309A95911E66D04C0B448366988ECD204C2FC930F8CEE8FA410EE4C25B58DD1B6EBAD83F6196670F7DE635282C0A56A851AB035831725F0471A10FE52097089C80495804100318405F0DFC2136004B4C40705EC9154315129205EC35793
310
0035688F61AC02188250CFA9A980233925F16A117A48CA54DAB6400221976B75D863330942E20EE3B00B08FBB71AA813B0E502FD2B023DF70114E0D7DF2E2EEEDE7B789504200112075478F2FBD6897835C91F0C20782401E801A2F9142700B74805703426023A81CC0BE88B537D0003E0C5181D29EB8D83050964DD258091
310
0A1E7A8138F76253DC01DC2F3824391AD748276C0B0CDF12366625D038603D0003E0266CB42704C8CE7FA7F11B4D59C0BF454A78F8FCF1E50513715D469607031272358F04E0003C90107223A581218F10008B10247CD20D860FF0BF48801040B361808148714764028EAC137E871501EFDD97C89B52107FF1235B0928C562
310
530082573CE137840EFEF82A0BDC602736C595912FBEC69E6A3A26903B3A300C5A098A9E3F1810CDFFBA019D97B4E7A7A075850F2E92569BD960CA7B8304995FD006FC4213BB1448A6F4BFBB3A9F9FC4962D0A1369129B10073771FEDA38B1737B663A71C088D8848027FC3008DAC4E4397A6F76271DFFFCF77D6BD7F1F67D
310
A51E0E08875A6BAFBD6BD7AE52CC04A0B4A2206F650EC412841A48258258E8662C3838FBE21E25172C2A15A4F78D82DCF68A005DCF07047C183E1CE47731BBCCB5469D9169E0D588945BEB637E87802A03D88FB82486210D28FB3B858D13DC7CE75F5E6F3B03C1744D30CC58C7C7A256146853A05243060B850072A7010CA4
310
7CFBF9A1E24F414037B8781E8E9F219A774B36481CB43E48A79819D638C8760D672FAC19FB9D3FC5EA9158DBD0159C27860409682E8FF2595652FE189D2CC2D7C023E944158355806FC320087CC74116030CC376C559C098B93A041C5DDA48AF33827D2327DC761D19C17CC62780D82A170E6CE7415A5E7FE825E053048F88
310
D2AC2A561CA4D4C60098DA28EF1A01382772484698F60C8DD24BF396EA76260542810A625978C03580A9CAB91D10249BE579B0377A3DD15749A45F24C4D81FF3D7D7996F6A1690288008C0FF6CC186DA9D5FC95BB09B1301004B016E707FDFED306A1BE8FA208828F00BF342186839839F1F6FA338DC5A0200FF383DE92614
310
C03A4508DA18F4D85F9354F7E867AA77A42FF49BBE6757A1A7454448D0BFC3C220714FE43A3D8F1547BE10F0BC5A05985AC3C28829A06FE24CD062700601F4AF12AF99099B08E7071DC4626A97C920C3FF96E190C9D1FD7CB6163E800D79E5F3F10A9306C02B799E80F1AB380E0571A584C0370A220C3125000B500900D96F
310
EA40409F980E2083E4EDF4D8D2480AE5667222E020BCDAD4EF19682120818FE18EC7FD6AAD67C03F7DF1955E697456F517AC4F24700C30171C67E9168B109A4F60AFA60F98BE30941BF776DBC7C70792A2FBE98AAA97224F8BEA39B47BFD14A8CD03320DA2B676E3AA397E652E30A42CE2987B7DA1EF7F75242413800A04C0
310
270C62A13372400B435ACD84B8B5009208F5AC73EB149FFF3508E21C2201E0338BE07E50EB47E7FF6D97724A601028C5519073E7978EC88834410450E074DD58AD13A4900103A6444A9CB99103229F0EF8C0C78161EBC68137240734CDCFC349807851E0EB46CE864D2E405ED341B71A390CF2DE20CF5193189E1901E866D0
310
230409684B193D17E2928534D04240937D3C84477494FC5E0FE0B448E35AFC19007926C1C6A6E622FDB8A12E30993C6710E070397C4B26304C0AE38218D19F01FFB15BAE1C0E7E74DF75F2406E373C414E848FF8E500EFAF3C1029C9C0ADAB2313A7426CA9B2C1B9E30032C84EF31A09A88A386F136E8C2F1D582EA0459207
310
015F10F1F001F0B1B7DF7222011EA2001F00BFD36BAEE0850928B08C077030FE3806C880EAA74BCE0863A952812E6008B3A89199C1EE918AF96AF583F1A073B0A355B9D861AF1460DCFB3BFC6B7EFDC834B09700CBED3510E48DC7129041C991F06BA5006CA6B5B34EE21501374E8DFC910042036111EC9C7CFA1C05D48A72
310
70F7F835BF04A4194DA4CF76CEC66718C84CD020D04C412AC848F03E3C61A1C8D50D0EA6838A00376054D3DF61A0E393E1F8B058A6C994093476D601A4A06F0CFD3C0A6BFA910E75CC10400A80FDA93AC9B5EA4303F6C0D188B559086091CC5910137772E14F2376D03181B5CFE74C0EA38440D0AC256D6C4D104CE05302FC
310
C00B60B9CD4D71E08BD40C144A025E60D4C1F45FE846A2105D717EEA84808A5DD90A168E133640311CF05DD870768683F5D2F1800F485AEBE5CABD8FFA3C0BEB33702493AEB551B1EB035EF5C8E5757FA7832141F88E8578A363802B560007AF93D7D470B478C4D00B412D634C9140C4F9275C00DCE8DFE3C7F8C0AFBC5B2C
310
E82E3C3BDF393D4375D50C43CD1C17E3777CD2C170725B7B42B41DF15BFC344DAD089C1E9118522B4A2C60B794E4E8F33081BB7C8CFCEEA0B2015E49D586429C6C78646180B7710E06018A3082243C275F077FBE412C17DE80D3E6B9462C5204C5D980D1DF84A864401C483CD01B143F4A4868087A0F780F37230200A4FBF6
310
AED325114C367C22512750A5C7C3E32D545CE20A0904183BA10015DCAD89864B3E1EE97EBAE8B204266A48E010511838E2FE413FB116E60880C2D8440AC3880DDA6DF6618C138CF1CB2A09637E18D00F80CB0DC05322E31EADB8081C29410903F06BFCDF5AB46024E4A75828056440503C707856EF0C037623DD4922A400E8
310
A6BD75E4D2800905F18450A00CEE88860C8964C7B3F90F56528BA18F71CFBBBCD2D05797E168FC37DB26DBE0DD2EAEF39686C18440820013C1444055402A541400DD362A0A402F1FE51246404E098249FEE30708C10CA0B54601053159480C00BAA9B1223A773234FE72FD5C3BD81804D8D196FE3D5315A0C981D88D04FA01
310
DFC185CA93F9120E1F480B08063364A0A318F08DF95056E4C91F1150D31B011200383502E079EE43CC18603AE2F88FD139C802A739F208E88D06DC78267C448C27C4113C19B0F51B0E9C1C021CF8F9167C6B1F2E10E461002910105D1042792D1CA303F469714C018C23D72179E165049C40E801CB96CF334562E5807291D1
310
E0C70FE6CAD91656715F0E5C5E70F8D7F83290549B1BAA6F781D25180EBCA93EC84E72A74081CE3020789B3790E1A9E478E658C099BECFF01E530E80EC5FE31204ACFF70AF8177A03059240CD074978A002A878BF883FEEC81DD684E406CA630ACFDE87292822A11953710F000885D6F68A67ED40CD772B0828359B753F7CE
310
23D9479AB9845771B389D6A77130F8C134EFC83947392029B10E4425440A84AF0E54825228FC1634D369874739C837A9DDC83C20D320C36042610ECDFA750303710224D01202488012CA847424F8D53F78AB6BECE9B3B35A7F32396AC6B7444566327DBB4DF06FD9616744F4D3A397EB3B0A3FBA8D763702883ED742FE5CD2
310
4146D8E353ACCF811C806AE09914D8446E93840FF4D6C963FF32BFB6AB015D1D3B0C9A0968776F021F21404B6260CF84A14F35180CE20B5E85BDA2EC91FD5A7DBA7E5705F4F0F97AF26CE18E3BA078138202400A62930FA6CC7882F911A92F33E547E64990B0F27323D73B6222863F86425153FA8009361C675554C25382CE
310
148420C8DCC47A20122806CA178A0918C14CBD33440289078A00EC6070184CA9907FD0A1270478E0B325B67C2193694EDB7DD0F3C238447C8A11485562FB4902134E6AC952FD5320A4F7C780882DA9684285CD81D278C0E8FF8DEC9F45D22DC3C2CA99C2728110888799575B6834BF22B0F01EDE72D7F21B672C40F0A97299
310
9E2200B7C91403F9BB3D09C01990819238CBAE5E7510D7D57450507E3DB04AAA0A3C280064E0775380C8C16EEA4834346A04BF0CE847B4B3AF760D06D24BBB267C32E2C9257DE5EB748AD101AF1FD33265E2B674EED8C01A0AC901392211011AC810560F77778E85B13BAFE3E25C95B70919A4862C15928BD8989664AD8638
310
101D009A80F00BDC41AF27602A4BDA0C077E550048E7F1011410F01405045E1C140B4D0E70E0F6E034171C3D6FD12004FCC1FA304312518910356628A4A326EC9ADF5DFFD1B2C0399503F14B4F8E3E0E4E39A06ABCB56A8014687E86E462BDDE5124615ECDB412B7314F62E6E0C76ADEC0F717B360E741960104CF1706CFA1
310
8E0605004B01AE007869B095ED92144A807841EFF2811C047889A04901C809062057192688C92346F97F279449F89B113500BAD282D1DA80A55C27EFFE02C8D4F395003F285B617BBF0831F49B055342DDDD414378E8888E92C16789F269A27C9A221FAA4A0DFDDB9F935B2ECC04DC51481558A69301E0460B02665AC4DD30
310
C03D480866C3409400051811876014C0F294C542821AB045011A3E3F09001FF304E3A0BED05CC11A811B865001769507FC01ADC611F400CF68C7B093606E30F3C7E0F00C1D10C31951C1E2D7252181DA00345842A19130715C736EC9ECE686A712FDB31E4D3E50AB336E5666D7B212C0113C4A4406029709B43D0228F3FBAF
310
49921B19CA0C82A2D5BC4A2079809240F37D3E10F9637607C3983F0458508A98B8B4EFC92AC13530180CF55359500080061DF59B98BB3FEACEE881DC8127F182A885A86FB12B43C590A4380504E32305E3148BBEEB2D2782029765428092545BA5C2C681FC5F8E869C0EE1034A822FF09A12C94084505AA868080303473F81
310
61F7AA0A6610745E280BE4427FB770106F8800EADABA19F453210435BDB2348471B13B65F2FCB554827632C4C44467333E4127095D22092ED492009930413251B5408345065065E415266E20279A40B3F520370BE2050C8360E6BB4601C1673B9BFE007EF5200B6483CD195400A783E6DEA0653515B0FCE8E86D1618FC1EFC
310
15C2E727F24F2A2DAB57326D8D0877D4E298894E7A0C3C7D9CE8A0E2D17AA2020FA1097D6372F2A9F955060FDD467AD0426368C24A8340FD0D6687A76316DEF5179ED9042005A2BF02A5DD810A4DEFA4A8F700EFC50FF4FB8C06410F0303C106ADF8852ACC6A2CA9046E9ED070739339857222CC009E206479886EA26227BF
310
7A341A15C351A8404A6C10080A2140FA4B4E8D9B9A11645899332363FD69887F436A660566964250FD752E787B64BCF8E6C8190DF8EA0C854C062D8A5A1346F810414313E606ECA0AC3A01D6928544029D5F42E202C0CB386F880F7842A31287061F32F3CBE09F2950783394F2F2B23D85386C6F51943E99DD10C8A0000BA9
310
569A14805693274BD0E4F4DC3F28E331EEA91C4F33ABE057889BFB92819187840A08E57A276A8BFCB75B0342668C70C565C8059996D209C2800941A21FB82B2F520BC2E6FE6F1A8827043DE17000DACC8193E78BBB8DF1467978C06F6AFE986123E3A95272CAC122046F4C65C4B88FED2F1CD1D918F7CDBF8903BF1A90057D
310
42F4DC133AF804ACBB58446A0DB78806FC053FA1E45D0AF1112613CC0DD976C5E70AD3282F42725C0D02AC8588DE451B1C01ABF063E7748A3882F0DD484BB78D037F9812240EB88B6034C0AD53E5116D4C6D920C6A89F084E6D0598AD7EB6930CC7B293E27A666E5CDFE9A3FA52FEB3C97976FDAAE9A60008FCA6B33099CF9
310
880D35D419FC687D424378E3099441E110C5B3C6DC311E6653514A67A530D863326C4D8430E0C28024803B5B069B0E60C10EDB6DF087034171DF01F1F3404B27B1056D8C0E56E7CA6056E7798147BE4C2F01CED5987E413AC6A724876DE3F599E0601CE7B9CEF3BEB3671E12DCE8AF9631B8031D3F360B6955DC2342B2A0E4
310
632A00264C0DA002220CFEC3E10D9BADC8904D88DC51928593AA16C91DF6FFF82B3234404C7214D0F8608E0052283EFB2B0563F1D072936C4017706010BCF1B16CDE0C1FA9C777E44E1F5259B0C9BBC8794A82A6C182A3AF56B16921405351FDDC91B5BAAA617860E8D76C97C377FE701A4EB4378FA97C2C8E3CC8950886C6
310
FD93AF70A1F5F676B7ED16CBC56AF5D09110EEB8607CC08A795882358280DDB98AFFE7087C6EB593D62F041CDB4018935238E73F1098100D0C8769818F777057F64C703C6530E142FDF5C837AE1CF66C94C4887D3A3726AB990DEA248F73B5D32C8E04F6714B1E67C53FC52040252E605B322407CBF8C7F05453462A295ABF
310
4D95592DDD76AC23512E9A2DF964715C80DD752CA8E263AC36F02C3C28A133EB22AC8D099BDEFDE28C3E8FFEE3815D5D00C17C00511058354D62443C1A546280E43572A9C661A34FA5891F8E7570608C8DF21DF51DF9D2A84D4501F41B8CD4F4C9DEB2F901E810C0E4CEB6EC08DFB06341C864CF8D0EEE779A606545E1E64A
310
AF30A4324C20FDD3BD558BD966BA994FA915CD162B1978642AD01694E533EC190368A68234657085B5F88E27A0805E04B8BB6A00A51646EE3C10A50FF007FF410F1963CA69BE2002F0F902E701AEC995FD41F83A3F0C3809A3288A083003A6CC2A20E6D703EE48E3777AC07ADD51EB6101603A9FCF17B3D5928F6D742EE7E4
310
CF38AE2B03C5FB39C81D7B2978FAFE85AF3D2710B0582C970F0FEB0E4D1103B8BE2B4D560CA10002FC8F334C891C07B44FE06B2E3ACE5E1E2D1FC32203110ABF9CA0E8381F68EC3C06701328E5A38278A5FCD944CEA5283DA933DF2A2448BD23F1C5D8BE04CC2DC3B43B3EEC29F8B5FF926D11D3E97EBF7FA1BD1E5E5F5FE6
310
D3D972F548547783146ECD84873F377C5820F7F9FCE5E07378D6CBCB7E036DF7F7104079A05B77C6942D1BA95D47424BFC3DB6411009A42E207871B7EE9B06614BBD20F22F7523FB985F3F7068E37600273A3ED0C1CCC380F6EC4AF01CC1CF95E4848B7BF950AD14C44F10460221E02D21D01DAE800F323704C00035DFE97C
310
B37F797D3D1C0E4FBF35EE1E5E9E0E879FBF3DF6F474780A01FB3DAF01FE0C0798218007C2090A3008BA7682A338F4A8804A06CBFE6A80CEC766F49853F15B2F45FCEA3F8250012841315016E75E797EFEEC4ACA6C79F515CF1738F7C36E2406071051043817C9E8C5888D49D0332E800062FF54FA562BF7446CC0BFDFBF86
310
03D1FEFCC9F7FFB5A7F000430755C2D3F72F2D02A022820897ABDD44594475BDCCA4A10AF34C06B08B4AB58BBFAE30999DC66C7CE903A83CF8EB006EEEAA063430F84B05F0ECF644825F5E95073870E72A0771AB89B080022A0C5A9FAF34C89286257FB7BEA000EC65B59750C68E0815B0D9834B15606328F80709DE09018A
310
C2A7817F83F96DB3D562C10A0A31300230CD4200B87F85808BAF64D04600254047F9C14DE93464009E7F5AABB4FDD6D55142A2C0BF1541FCE19C20C899BF4F76AB54B84CB97F88F48ECC029FD253F0C70DF4816B9AC94BCBD653B1A283C4001A0337955E4AFED3FB790B6B1F5EA0B5514074103A38D84280EE0F5F9BE974EA
310
B2D16AB1EA969684B6E4166CA28264B300474C7308D20013B204A65F82970718D05678B3315D442E1C0A327E2F56556040C005D2FAB1326A68A07507C9E46A3648555A7080F5F50219A00E6222E3E0862CE95B5680930530742F1D041805E69B788161F015944D041182B861A2C17F3AF01CF5BFDF6C343F9171F5B004BF59
310
C016719164B888EA206A02AD05E8464D06B48E4381A0E9345FD171625AC22198F57C003BEA5510F81FF78D31C9B033D0030000000049454E44AE426082504B0304140006080800C446625C51464CB48900000043010000360000006662782F34434442394433422D354339462D343331322D414330312D3437443433453645
310
453634382F6469726563746F72792E786D6C9D8F310EC2300C45AF127987122606C71DD918B841D4B851A43646695A717C52A85029031293A5A76FBF6FACEF7DA7264E43906840EF0FA03836E242F406C6DCEE4EA06AC22492573150D1F66C60C640E8938CB705396EEDD86DE9B5042FE27813D640EA63BB001C722AF6E55C
310
B61E4863F58284D5D3F53DD715CE1C3985E63FD7F1B7EBDD617E9F1E504B0304140006080800C446625CBBE76E6982070000571E0000340000006662782F34434442394433422D354339462D343331322D414330312D3437443433453645453634382F6F626A656374732E786D6CED59596FDB3810FE2B82F659B77C158E8B
310
C44E0AA39BB668368B7D13689976B8D1054ACAB1BF7E8714298BB26CCB6E0BECC32640E230D470E69B83DF8CA61FDFE2487BC134276972A53BA6AD6B3809D33549B6577A596C8CB1AE7D9C69539AA645639FAE2528C6573A5BD667D32D4DCB4C2CADF10695517BF5EEE62F2D0F7182752D8C509E5FE979F8846364A2B248D7
310
387F36D7A840E676F3663A66B55115BBA5287B6A1D95218A93025485F504A4080D1CF54F30C99A4D2DB641D9E6F6DBE61DD96671C355454992172809F7B46AC971FB69E539FEE2D61D4C8C81EF7B863F741DE3E6EE66613823CF9E0FE7F3C9F5ED44D766D3559A46B503329CACC18BEFFACC995AEC3FB5F902852EBDC33449
310
7028D0ECDAB0C6422EC1791B130558879BD67048656B63C1EB69FC816DBD40515452D096C6C9DFCDE84D577F0308799F28A53966519E17147C2DB0AFF2C19E5AD5AAE217926B312A302528D222B2A2888283606BE520450CCB16264A6398712F4A794D5D21B04FE75297969B328A58FEEA339E6901E4232E72AE19F907D39D
310
F6CDD34027B0B624493116C616EF1988984C2DBE58FDCF73C53F2B20B54D84B6102D6026DBE4B92DBCE6AC162C17FAECF3DDEAED81D587EEC3339A6698162CF278328BBC931E6C8416045F0F502A5C55DFED50F90ED07F01E46B5DB429788E9237FFCD97B65394E49B94C6E01DCDD60C1B7ED81AFBB8F7696AD50FCF344DA9
310
95873085B4FD49982A66286737209D4D5F20E853EA09E31E4214414CDF9384E539048A16A5B004F57EB37AD3674B28A6B0084FA108AC87EFA9C53E6AF0AB9203F5A6E5A1AEF2DBC3513261DA79B6F3D52788194AC2DA558A8D87F01DFC147CAF170F9F1F4ABA4121BE1789BDC01B9290022ED36E8514D095947F5C7EE119B9
310
678FB22B8473B6292B1C1D7E79107ED1B8634015760F57AEE12BF704D23D8A5082D33217EB5D852A4CA39406ABF7A0CAE1CEB3FE9441501D06F9CD22A0B398C1ED1E52923150F49930AFAE84E60E27560745006E2BA7062B143E337883102AD6257A40D422DA165AC65980E2B44C58F9DE0FEFB669A667F32FC799B8F6C41D
310
4F060311F0A03B3F40E68F2C0EB5FAECA41865078E992BFE127543025965920FF5B2CB86105853590469864252744743CB8C9E2AAFC96653E650D63B8169696C7ACEA0C246FE745DCD3E63B556EAB8B542A980C4688B830D627762A77E0AA0B570E9A44E24B7519AE724C139E7347BB5AE85A26D42E9A8225D4AED085B9207
310
312ED02511CB2FC956C052BC8902605F05E3BFA7E3552A28EEDB431219D74B9380DBFF1EE428CEA28AD79DC2C0715B2774E2CA946647BC407C06A808EC35E634FD94F4BA92487C7B499F5C2CFE003C14FD7278E41104C83ADCAAA73DEB980367C2BEC650868603C71B8E6A579C424B1E5630DE1295C0B4C2F7E01593ED53BF
310
22285D7EF49C1C479B8044511907D51D52E018681B2A4ADA2B6387504DDA0789CAD04A89C6491B1201A9EE5D66395F918C050EE384E550996D1C03469104FABA5E86EC59D119C4DC17BC8765ADDA69FF9F2FF5872B66B3B779C6EFAF295D776AAA520FC9DA24C9600553DC89B57BB9E4D9B4997E316F764EE3E04B21A2C255
310
9D8588108A5F081B66F0AEA9B3E7C85F511142297DE0BF8D1BC888355EEF7888224E8C46F4191C2AA5496EDBEC8EA0DCB10B44216B4B5652639850205669EFD987E83B0257035BCC2DC184AC6A7DC9AE361386313B3D8EC8FAFAE9A12505567A3FFD8D61845F5B12C4EA9C91BF23A21E973B8EDB92202C7A5C1E79BC782AE3
310
558208BB1B5958A075F6E123EF3FAF2C682E2C7FBEB8992CBC1B63309FDC19BEE7B8C6F5DC760C7FB4F0BDDBE1EDEDD01F5B14E76949439C5BAE6507926D65C9560646055D9F2E042611A7DB4519CF6D07FFDF857424AB5A0ACEEC429498EFDB38745F11E731D9A13B04723F1C3BAEEBF32BD6815EDEECBF5A93CDE317CA65
310
4CB65FE13F97C98E6C67301E79CEC41BF9F6D8F747EEA8CE1FD1D6FC20B7AD4161720E743217F344E99C11386930728683C1BEFE9DD72E9C28D9D019D4CBE3CC6B321A02688E0FB1D2C6EAD4599732AFFD8EA3F3A40655B9887BF58BB1266539935CEC1FF0CBC98572939F4D0CFE48291B93C8BB4411D6450B94DAC5669A1D
310
C5514E4DF8DD67BBFEC0998FE7C678723332FCF9C83626CEE8DAB0C7A3B1EFDD5DBB77EEB08E32C197FA728FFFC43D2B956D8C67E12D439E46045EF6E0B5B6C529F4C930CDEA7107D318E7BCFF059228A8DE5ABC69EAF1F44B35AB2FD02A924F874F085E784482B595210CDBA137BDD2C5BAF61B8CD7D9849B0F3DCD672027
310
A2B4EB5A49C9950E215010E020E60AC6A47C28CDA5B7C6E0E036946C59675D3D55FFBD7B8CA103B1B2B3ABDED307176199129D3072CAF8FB2728C092B45E6EBA544743057C5C95456DCC6E61678D0041BE68AA8C8369F2B380F70DCAEF71BB1C93EF5120E9F5C6E7681C54528D02D12D7F6DD3C0FB7AF1CD626F5C965FB52C
310
2AB7CC9DC738A122C9605C342AABE1E614024398992136AD997FB0A0657AC6D482F14D94BE5B724EACFD5EBD00B238F5156F8360DC996313ADF3675800CF51C246EA15828A7FEBEAD3F0AF049C410D8F29FB970B4DDC748D2EA6D9BD30EBF9AB200DF284BD026459D1DCD0985B43A88356D578BFFE2017A616857727B37F01
310
504B0304140006080800C446625CF977BB60E1000000550100003C0000006662782F34434442394433422D354339462D343331322D414330312D3437443433453645453634382F7265736F75726365732F322F636E782E786D6C4D90DD6A032110855F65117AB96A366D59826B5EA257BD09562756A2CEE24F69DEBE9A5AE8
310
D50CE77C0C678E387F073F7D41CA0EE3460E949309A246E3A2DD482DD77925D3598A8458FE61648A2AC046BA4CA4B009EB3E240357557D57BD8BB721F28B8508C9E9CB1E2D99B457396F24EB4F088AAA5AD040BE51A38AA2079A20634D1ADA89E2028C133A812A60885CF8F23AF3E3CC9737BE9E5E9E4F7C7D17AC93527C20
310
FAC1BB5820E1FEB4708D6D8D2D1117AC0352D4E406D5DF68C65F3CDAE209D66C297249AD838195FBDE30179405F6407E5D29587FB28D47036DF642E40F504B0304140006080800C446625CFF15A4A45D000000800000003A0000006662782F34434442394433422D354339462D343331322D414330312D3437443433453645
310
453634382F7265736F75726365732F636E782E786D6C4D8B3B0E80201005AF42B6F75B59F0390B113044D83508C6E30BC6C26AF226F3B8BA6360974DA7271430F523308B2B198F9B80925DB700539227A2FCCB80A18E5640D320F996A81C9F32D6E9129A0D1EF74FCE750E6D57BC7165FBCA07504B0304140006080800C446
310
625C217191474601000056050000300000006662782F34434442394433422D354339462D343331322D414330312D3437443433453645453634382F636E782E786D6CCD94CD4EC33010845F25B2C431B61B7E542AC79538F0041C1037C7D906D3C48EEC35A26F8F5DD216841048E4D09BB5F92CCD8C272BD66F435FBC820FC6
310
D99A2C28270558ED5A63BB9A44DC944B52ACA5F0CEE1278C14560D50933C265274DEC5711AB5B051B1CFD3DED8ED345488DE3411219042F72A849A04FD0C83A22AA26B216C69AB50D105F5105CF41AD27D34034CF7B50785D01259F1EAA6E49725AF1EF872757DB5E2CB27C1322945E35C3FF1C62278375E545CBB74B4490E
310
172C0352446F262A7B20F2A48D36C60A96BE4B11925EDB4D1CEEC6CC8D636FB4C21414731A01CB04811A04FB80A560D9F117DFF7778F270DE9D41A0F1A9DDFCD1EC3ED1F6358FC14C3511A4D8DF85B0A7BF037F3AE794996E77FF77F1B9E84CD66F7D0DC90AAFBBD09A94FCA76FD39FE004769F3F73F2D1634FA1C4D1F94CD
310
E499ED57607AF8BC11E53B504B0304140006080800C446625C7FBCB64D7F000000A30000000B0000006662782F636E782E786D6C4D8CD10E822018465F85FDF79404996E804BA0F77089CE85D0485A8F1F342FBAFAB6B3EF1CDE7D5687DE36BE96E005904305C8FA7B18173F0B48DB841B409DE43184EDEF06C80FAB155030
310
483EC7909E3B1AED342457A85BFC63874CE9BED5B4C767D5DE30A3E484AFAA22985D34A3A636A6664D368E45C9F3EBE52D79F905504B0304140006080800C446625CA6D797065F0000008200000007000000636E782E786D6C4DCB3B0E80201045D1AD90E9FD7516806B51190811670C8A61F982B1B0BAC9C97B72CA7B1037
310
C6D3332918DA1E04D2CAC69353902EDB8C20262D23F3F59B81A079470595414B17391D1F19B4730A5583A7ED43BBE4025D9592775E5ADFFA01504B0304140006080800C446625CECFD112DA800000026010000130000005B436F6E74656E745F54797065735D2E786D6C7D4F4B0EC22010BD0A61DF525D18634ABB506FE005
310
10A79458060253536F2FD89D5197F3FED3F68B9BD80362B21E25DFD40D6780DADF2C1AC9671AAA3D677DD75E9E0112CB5A4C928F44E12044D22338956A1F003333F8E814E5331A1194BE2B0362DB343BA13D122055543278D79E6050F344ECBC6478EDCD76CE8EABAE5449AE4298AC56946789C28AAFBEABC53F3EAF09A84A
310
1441B91F0101CD4780756578C173A578FFDDBD00504B0304140006080800C446625C3DEE336E64000000790000001B0000006175746F6465736B2D64657369676E2D7061636B6167652E786D6C35CBC10E83200C00D05F21DCA56CA76D41FC96062B120735B69A7DBE268BB7777961F8D5AF396893C2ADB70FE7ADA196782C
310
2DF776D7A97B5933C430F15651E5469C55D70F80A4992A3ADC954792C525AE70A1E4D6AD9816CC044FEFDF01FE3FDE907802504B0304140006080800C446625C28DA33BEF40000008E0100003D0000006662782F34434442394433422D354339462D343331322D414330312D3437443433453645453634382F7265736F7572
310
6365732F322F636F72652E786D6C8550CB6E833010FC15B477833129D0C8388234FD829E7AB36C875A0936F2A3EAE7D70E546A4F3DED6A76667677E8E96BB9179FCA796DCD007589A1504658A9CD3C400C57D4437162D4591B7ED1A0307C51036418189D9D8DEB0E096B8232193556AA1DE4DEAB0085B8A766002F3ED4C24B
310
1E4362F85BB97271E3B32AEB72E3311AA396BB54CBE4A6AF5A39601DBE8CE7A97F4597F199A0C34B47D054138CDAB1ED6A42CE53338EB4CA6246835E7EB60BA778501218C1A445B84198BCE1FEF87438E2FE9D5699C9A80F2EFDBC2FCDDF253AAD36F48F5B5CE5FF6E519BD090DD6D537860753AEE3160B4CAE9A4F2882ED5
310
9C24FB06504B0304140006080800C446625C99ABA37AF9000000960100003B0000006662782F34434442394433422D354339462D343331322D414330312D3437443433453645453634382F7265736F75726365732F636F72652E786D6C8550CB4EC33010FC9568EF4E1CB724A1725CA5A57C01276E96BD2D561BBBF203F1F9
310
D84D90E0C46957B333B3BBC3F75FF3ADFA441F8CB323B435850AAD72DAD8CB08299EC900D55E70EF5CFC4583CACA19472830087EF12EDD5748391BD116D43A8D2B2843C00895BAE56684A03E7096B54C3133C2B5BE4B759517ACDB7AE1099E92D1ABD4E8EC66CE063D889E9EA6E3617825A7E99991ED4BCFC8A165947453D7
310
B78C1D0F9B69E24D110B1ECDFCB35D7994113508465947E88650F64687DDD376478777DE14A6E021FAFCF3BAB47C07C26370C92B0CBC59A67F5CD35DFFEF9A8C8D1BB6BA2E8A00A2CD473E06823725A55C1E11E65A1215DF504B0304140006080800C446625C7E7AC6C9F3000000B1010000310000006662782F3443444239
310
4433422D354339462D343331322D414330312D3437443433453645453634382F636F72652E786D6C8D50CB6E833010FC15B47783018792C8386A807E414FBD59C6A156828DFCA8FAF9B50395DA5B4E6BCDCE7866879EBF977BF625AD53467750E61832A98599949E3B08FE8A5AC8CE8C5A63FC1F1A649A2FB2830403A3B335
310
61DD2161B4973AA1DA4C7207B973D24326EEF1D181139F72E1390F3E32DC2D5FB9B8F159E665BEF118F56AF9950A2BB99713B00A570DC235C2D53B6E4F0772C2ED072D1293D110D4B45BA929BAABAB921618E987CB71A82FE8D01FDF10A9CB0ABDF6B844E46520F5D88C63435A5A2431A3CEDB78F3FE49BAEE59F926FC9739
310
ACD3139995F675B51B6E0A07AC8C791E0B468B54601C8F76E34C65B31F504B0304140006080800C446625C153EFD3B54010000DD0200000C0000006662782F636F72652E786D6C8D525D6F832014FD2B86771469D7BA06696CD7FD823DED8D2275A40A06C1F4E70FFC88F361DD6282E4DC7BCFB9E704727C3475D40BD349AD
310
7290C6084442715D4A55E5C0D91BCC4074A4C4686D7FB48148B146E420C08092CA68D74E10D7CA0A1550A54B3181ACEB840511AFFD25071DFF120D8B99B3BEA3BBC72DE3775689388DC73E4A9C93E5342A4BCF266F521840F7E8529C4FD93BBC14AF186EDFF6189E528CE0AED8ED538CCFA74D5190240C53626533AB732398
310
1525A018E11D441B88F007CA0E2FDB03CA3E49123A29E9ACF19E27D1E00ED0DBF54192115FF1B9B6FC9BCF49653778E21B273A4053BFDE50A02409F9F8DF10DE3A432FECF3B3EC5ACF16EE1EEA05B7DA6C7DA5D46E29F5AC76C253A368F84832563DF340F01B0F7EC2F39CC307C554E55763D65FAFCE06F5F54EAD30B0B78F
310
4869D3B07A596E5C713917A195A5799CEB5A9BFF4CCF56E73093F030E937504B0304140006080800C446625C581651E808010000B201000008000000636F72652E786D6C8D50C172832014FC15E6DD51C4546D06C9689A7E414FBD5121868982039869FFBE90D899F6D6D36376F7BD5D961D3EE709DD94F3DA9A168A8C0052
310
66B0529BB185359C7103E8C099B336FC92013262562D2418381B9D5D970D1AAC09CA24D458A9365078AF02A0618A8F16FC7051B3C8C41AA2C25FB3450C5731AAACC81E3ACE829E7F5607A74450123825B4C2A4C484BE9166FFB4DB93E69DE549C9D9BA6AB9596919DDF5592B07BC26A7EED837AFF8D43D53BC7BA929EE0B4A
310
70D5557541E9B12FBB8EE56999331F5CFCF37624E60CC88B5BF265F983E2ECC3DA6913C4501259337D01272C4FC49FD0EB22FF115A9B50D2EDE063C3032F62A03B118D538371DCEB8D33B5CDBF01504B01021400140006080800C446625C000000000000000000000000370000000000000000000000000000000000666278
310
2F34434442394433422D354339462D343331322D414330312D3437443433453645453634382F617474726962757465732E62696E504B01021400140006080800C446625C0000000000000000000000003500000000000000000000000000550000006662782F34434442394433422D354339462D343331322D414330312D34
310
37443433453645453634382F76657274696365732E62696E504B01021400140006080800C446625CF270F13306000000040000003600000000000000000000000000A80000006662782F34434442394433422D354339462D343331322D414330312D3437443433453645453634382F747269616E676C65732E62696E504B01
310
021400140006080800C446625CB5A795FFE3790000DE7900004200000000000000000000000000020100006662782F34434442394433422D354339462D343331322D414330312D3437443433453645453634382F7265736F75726365732F322F305F67656E657269632E706E67504B01021400140006080800C446625C5146
310
4CB489000000430100003600000000000000000000000000457B00006662782F34434442394433422D354339462D343331322D414330312D3437443433453645453634382F6469726563746F72792E786D6C504B01021400140006080800C446625CBBE76E6982070000571E00003400000000000000000000000000227C00
310
006662782F34434442394433422D354339462D343331322D414330312D3437443433453645453634382F6F626A656374732E786D6C504B01021400140006080800C446625CF977BB60E1000000550100003C00000000000000000000000000F68300006662782F34434442394433422D354339462D343331322D414330312D
310
3437443433453645453634382F7265736F75726365732F322F636E782E786D6C504B01021400140006080800C446625CFF15A4A45D000000800000003A00000000000000000000000000318500006662782F34434442394433422D354339462D343331322D414330312D3437443433453645453634382F7265736F75726365
310
732F636E782E786D6C504B01021400140006080800C446625C2171914746010000560500003000000000000000000000000000E68500006662782F34434442394433422D354339462D343331322D414330312D3437443433453645453634382F636E782E786D6C504B01021400140006080800C446625C7FBCB64D7F000000
310
A30000000B000000000000000000000000007A8700006662782F636E782E786D6C504B01021400140006080800C446625CA6D797065F00000082000000070000000000000000000000000022880000636E782E786D6C504B01021400140006080800C446625CECFD112DA80000002601000013000000000000000000000000
310
00A68800005B436F6E74656E745F54797065735D2E786D6C504B01021400140006080800C446625C3DEE336E64000000790000001B000000000000000000000000007F8900006175746F6465736B2D64657369676E2D7061636B6167652E786D6C504B01021400140006080800C446625C28DA33BEF40000008E0100003D00
310
0000000000000000000000001C8A00006662782F34434442394433422D354339462D343331322D414330312D3437443433453645453634382F7265736F75726365732F322F636F72652E786D6C504B01021400140006080800C446625C99ABA37AF9000000960100003B000000000000000000000000006B8B00006662782F
310
34434442394433422D354339462D343331322D414330312D3437443433453645453634382F7265736F75726365732F636F72652E786D6C504B01021400140006080800C446625C7E7AC6C9F3000000B10100003100000000000000000000000000BD8C00006662782F34434442394433422D354339462D343331322D414330
310
312D3437443433453645453634382F636F72652E786D6C504B01021400140006080800C446625C153EFD3B54010000DD0200000C00000000000000000000000000FF8D00006662782F636F72652E786D6C504B01021400140006080800C446625C581651E808010000B201000008000000000000000000000000007D8F0000
310
636F72652E786D6C504B050600000000120012002D060000AB9000000000
  0
XRECORD
  5
7F
102
{ACAD_REACTORS
330
7B
102
}
330
7B
100
AcDbXrecord
280
     1
270
     1
271
     1
  0
XRECORD
  5
81
102
{ACAD_REACTORS
330
7B
102
}
330
7B
100
AcDbXrecord
280
     1
270
     1
271
     1
  0
XRECORD
  5
82
102
{ACAD_REACTORS
330
7B
102
}
330
7B
100
AcDbXrecord
280
     1
270
     1
271
     1
  0
XRECORD
  5
80
102
{ACAD_REACTORS
330
7B
102
}
330
7B
100
AcDbXrecord
280
     1
270
     1
271
     1
  0
XRECORD
  5
F5
102
{ACAD_REACTORS
330
F4
102
}
330
F4
100
AcDbXrecord
280
     1
102
DISPLAYNAME
  1
Imperial24
102
FLAGS
 90
        0
  0
CELLSTYLEMAP
  5
F2
102
{ACAD_REACTORS
330
F1
102
}
330
F1
100
AcDbCellStyleMap
 90
        3
300
CELLSTYLE
  1
TABLEFORMAT_BEGIN
 90
        5
170
     1
 91
        0
 92
    32768
 62
   257
 93
        1
300
CONTENTFORMAT
  1
CONTENTFORMAT_BEGIN
 90
        0
 91
        0
 92
      512
 93
        0
300

 40
0.0
140
1.0
 94
        5
 62
     0
340
55
144
0.25
309
CONTENTFORMAT_END
171
     0
 94
        0
309
TABLEFORMAT_END
  1
CELLSTYLE_BEGIN
 90
        1
 91
        1
300
_TITLE
309
CELLSTYLE_END
300
CELLSTYLE
  1
TABLEFORMAT_BEGIN
 90
        5
170
     1
 91
        0
 92
        0
 62
   257
 93
        1
300
CONTENTFORMAT
  1
CONTENTFORMAT_BEGIN
 90
        0
 91
        0
 92
      512
 93
        0
300

 40
0.0
140
1.0
 94
        5
 62
     0
340
55
144
0.18
309
CONTENTFORMAT_END
171
     0
 94
        0
309
TABLEFORMAT_END
  1
CELLSTYLE_BEGIN
 90
        2
 91
        1
300
_HEADER
309
CELLSTYLE_END
300
CELLSTYLE
  1
TABLEFORMAT_BEGIN
 90
        5
170
     1
 91
        0
 92
        0
 62
   257
 93
        1
300
CONTENTFORMAT
  1
CONTENTFORMAT_BEGIN
 90
        0
 91
        0
 92
      512
 93
        0
300

 40
0.0
140
1.0
 94
        2
 62
     0
340
55
144
0.18
309
CONTENTFORMAT_END
171
     0
 94
        0
309
TABLEFORMAT_END
  1
CELLSTYLE_BEGIN
 90
        3
 91
        2
300
_DATA
309
CELLSTYLE_END
  0
ENDSEC
  0
SECTION
  2
ACDSDATA
 70
     2
 71
     8
  0
ACDSSCHEMA
 90
        0
  1
AcDb3DSolid_ASM_Data
  2
AcDbDs::ID
280
    10
 91
        8
  2
ASM_Data
280
    15
 91
        0
101
ACDSRECORD
 95
        0
 90
        1
  2
AcDbDs::TreatedAsObjectData
280
     1
291
     1
101
ACDSRECORD
 95
        0
 90
        2
  2
AcDbDs::Legacy
280
     1
291
     1
101
ACDSRECORD
  1
AcDbDs::ID
 90
        3
  2
AcDs:Indexable
280
     1
291
     1
101
ACDSRECORD
  1
AcDbDs::ID
 90
        4
  2
AcDbDs::HandleAttribute
280
     7
282
     1
  0
ACDSSCHEMA
 90
        1
  1
AcDbDs::TreatedAsObjectDataSchema
  2
AcDbDs::TreatedAsObjectData
280
     1
 91
        0
  0
ACDSSCHEMA
 90
        2
  1
AcDbDs::LegacySchema
  2
AcDbDs::Legacy
280
     1
 91
        0
  0
ACDSSCHEMA
 90
        3
  1
AcDbDs::IndexedPropertySchema
  2
AcDs:Indexable
280
     1
 91
        0
  0
ACDSSCHEMA
 90
        4
  1
AcDbDs::HandleAttributeSchema
  2
AcDbDs::HandleAttribute
280
     7
 91
        1
284
     1
  0
ACDSRECORD
 90
        0
  2
AcDbDs::ID
280
    10
320
8E
  2
ASM_Data
280
    15
 94
    51273
310
414349532042696E61727946696C652855000000000000020000000C00000007104175746F6465736B204175746F434144071441534D203233312E362E302E3635353335204E5407184D6F6E204D61722020322030383A35343A30392032303236066666666666663940068DEDB5A0F7C6B03E06BBBDD7D9DF7CDB3D0D0961
310
736D6865616465720CFFFFFFFF04FFFFFFFF070D3233312E362E302E3635353335110D04626F64790C0200000004FFFFFFFF0CFFFFFFFF0C030000000CFFFFFFFF0C04000000110E0D4154545249425F435553544F4D0D066174747269620CFFFFFFFF04FFFFFFFF0C050000000CFFFFFFFF0C01000000071454696D657374
310
616D705F6174747269625F646566040100000006484FADC1A22F1943110D046C756D700CFFFFFFFF04FFFFFFFF0CFFFFFFFF0CFFFFFFFF0C060000000C01000000110D097472616E73666F726D0CFFFFFFFF04FFFFFFFF14000000000000F03F00000000000000000000000000000000140000000000000000000000000000
310
F03F00000000000000001400000000000000000000000000000000000000000000F03F1400000000000000000000000000000000000000000000000006000000000000F03F0B0B0B110E0D4154545249425F435553544F4D0D066174747269620CFFFFFFFF04FFFFFFFF0CFFFFFFFF0C020000000C01000000071667656E65
310
7269635F7461675F6174747269625F6465660403000000040300000004FFFFFFFF071767656E657269635F7461675F6174747269625F64656620040100000004030000000703333031044800000004000000000400000000110D057368656C6C0CFFFFFFFF04FFFFFFFF0CFFFFFFFF0CFFFFFFFF0CFFFFFFFF0C070000000C
310
FFFFFFFF0C03000000110D04666163650C0800000004FFFFFFFF0CFFFFFFFF0C090000000C0A0000000C060000000CFFFFFFFF0C0B0000000B0B110E0D4154545249425F435553544F4D0D066174747269620CFFFFFFFF04FFFFFFFF0CFFFFFFFF0CFFFFFFFF0C07000000071667656E657269635F7461675F617474726962
310
5F6465660403000000040300000004FFFFFFFF071767656E657269635F7461675F6174747269625F64656620040100000004020000000702333204000000000401000000042D0100000400000000110D04666163650C0C00000004FFFFFFFF0CFFFFFFFF0C0D0000000C0E0000000C060000000CFFFFFFFF0C0F0000000B0B
310
110D046C6F6F700CFFFFFFFF04FFFFFFFF0CFFFFFFFF0C100000000C110000000C07000000110E04636F6E650D07737572666163650CFFFFFFFF04FFFFFFFF0CFFFFFFFF130000800700003E40000000000080514000000000000000001400000000000000000000000000000000000000000000F03F14E8FFFFFFFFFFF73F
310
0000000000000000000000000000000006000000000000F03F0B0B06000000000000000006000000000000F0BF06E8FFFFFFFFFFF73F0B0B0B0B0B110E0D4154545249425F435553544F4D0D066174747269620CFFFFFFFF04FFFFFFFF0CFFFFFFFF0CFFFFFFFF0C09000000071667656E657269635F7461675F6174747269
310
625F6465660403000000040300000004FFFFFFFF071767656E657269635F7461675F6174747269625F64656620040100000004020000000702333104000000000401000000042D0100000400000000110D04666163650C1200000004FFFFFFFF0CFFFFFFFF0C130000000C140000000C060000000CFFFFFFFF0C150000000B
310
0B110D046C6F6F700CFFFFFFFF04FFFFFFFF0CFFFFFFFF0C160000000C170000000C09000000110E04636F6E650D07737572666163650CFFFFFFFF04FFFFFFFF0CFFFFFFFF13020040010000024000000076FFFF014000000000000000001400000000000000000000000000000000000000000000F03F14000000000000F4
310
3F0000000000000000000000000000000006000000000000F03F0B0B06000000000000000006000000000000F0BF06000000000000F43F0B0B0B0B0B110D046C6F6F700CFFFFFFFF04FFFFFFFF0CFFFFFFFF0CFFFFFFFF0C180000000C07000000110D06636F656467650CFFFFFFFF04FFFFFFFF0CFFFFFFFF0C110000000C
310
110000000C190000000C1A0000000A0C0A00000004000000000CFFFFFFFF110E0D4154545249425F435553544F4D0D066174747269620CFFFFFFFF04FFFFFFFF0CFFFFFFFF0CFFFFFFFF0C0D000000071667656E657269635F7461675F6174747269625F6465660403000000040300000004FFFFFFFF071767656E65726963
310
5F7461675F6174747269625F64656620040100000004020000000702333004000000000401000000042D0100000400000000110D04666163650C1B00000004FFFFFFFF0CFFFFFFFF0C1C0000000C1D0000000C060000000CFFFFFFFF0C1E0000000B0B110D046C6F6F700CFFFFFFFF04FFFFFFFF0CFFFFFFFF0C1F0000000C
310
200000000C0D000000110E04636F6E650D07737572666163650CFFFFFFFF04FFFFFFFF0CFFFFFFFF135070E9986BD116C0080000000000294000000000000000001400000000000000000000000000000000000000000000F03F14F9FFFFFFFFFFEF3F0000000000000000000000000000000006000000000000F03F0B0B06
310
000000000000000006000000000000F0BF06F9FFFFFFFFFFEF3F0B0B0B0B0B110D046C6F6F700CFFFFFFFF04FFFFFFFF0CFFFFFFFF0CFFFFFFFF0C210000000C09000000110D06636F656467650CFFFFFFFF04FFFFFFFF0CFFFFFFFF0C170000000C170000000C220000000C230000000A0C0E00000004000000000CFFFFFF
310
FF110D06636F656467650C2400000004FFFFFFFF0CFFFFFFFF0C180000000C180000000C250000000C260000000B0C1000000004000000000CFFFFFFFF110D06636F656467650CFFFFFFFF04FFFFFFFF0CFFFFFFFF0C190000000C190000000C110000000C1A0000000B0C2700000004000000000CFFFFFFFF110D04656467
310
650CFFFFFFFF04FFFFFFFF0CFFFFFFFF0C2800000006182D4454FB2109C00C2800000006182D4454FB2109400C110000000C290000000B0707756E6B6E6F776E110E0D4154545249425F435553544F4D0D066174747269620CFFFFFFFF04FFFFFFFF0CFFFFFFFF0CFFFFFFFF0C13000000071667656E657269635F7461675F
310
6174747269625F6465660403000000040300000004FFFFFFFF071767656E657269635F7461675F6174747269625F64656620040100000004020000000702323904000000000401000000042D0100000400000000110D04666163650C2A00000004FFFFFFFF0CFFFFFFFF0C2B0000000C2C0000000C060000000CFFFFFFFF0C
310
2D0000000B0B110D046C6F6F700CFFFFFFFF04FFFFFFFF0CFFFFFFFF0C2E0000000C2F0000000C13000000110E04636F6E650D07737572666163650CFFFFFFFF04FFFFFFFF0CFFFFFFFF130000000000003E400000000000004E4000000000000000001400000000000000000000000000000000000000000000F03F14FCFF
310
FFFFFFFFF73F0000000000000000000000000000000006000000000000F03F0B0B06000000000000000006000000000000F0BF06FCFFFFFFFFFFF73F0B0B0B0B0B110D046C6F6F700CFFFFFFFF04FFFFFFFF0CFFFFFFFF0CFFFFFFFF0C300000000C0D000000110D06636F656467650CFFFFFFFF04FFFFFFFF0CFFFFFFFF0C
310
200000000C200000000C310000000C320000000A0C1400000004000000000CFFFFFFFF110D06636F656467650C3300000004FFFFFFFF0CFFFFFFFF0C210000000C210000000C340000000C350000000B0C1600000004000000000CFFFFFFFF110D06636F656467650CFFFFFFFF04FFFFFFFF0CFFFFFFFF0C220000000C2200
310
00000C170000000C230000000B0C3600000004000000000CFFFFFFFF110D04656467650CFFFFFFFF04FFFFFFFF0CFFFFFFFF0C3700000006182D4454FB2109C00C3700000006182D4454FB2109400C170000000C380000000B0707756E6B6E6F776E110E0D4154545249425F435553544F4D0D066174747269620CFFFFFFFF
310
04FFFFFFFF0CFFFFFFFF0CFFFFFFFF0C180000000711736B657463685F6174747269625F646566040100000004010000000403000000071632323920302034323934393637323935203020312031110D06636F656467650C3900000004FFFFFFFF0CFFFFFFFF0C250000000C250000000C180000000C260000000A0C3A0000
310
0004000000000CFFFFFFFF110D04656467650CFFFFFFFF04FFFFFFFF0CFFFFFFFF0C3B00000006182D4454FB2109C00C3B00000006182D4454FB2109400C180000000C3C0000000B0707756E6B6E6F776E110D046C6F6F700CFFFFFFFF04FFFFFFFF0CFFFFFFFF0C3D0000000C190000000C3E000000110D06766572746578
310
0CFFFFFFFF04FFFFFFFF0CFFFFFFFF0C1A00000004000000000C3F000000110E07656C6C697073650D0563757276650CFFFFFFFF04FFFFFFFF0CFFFFFFFF130000800700003E40000000000080514000000000000010401400000000000000800000000000000080000000000000F0BF14E8FFFFFFFFFFF73F000000000000
310
0000000000000000000006000000000000F03F0B0B110E0D4154545249425F435553544F4D0D066174747269620CFFFFFFFF04FFFFFFFF0CFFFFFFFF0CFFFFFFFF0C1C000000071667656E657269635F7461675F6174747269625F6465660403000000040300000004FFFFFFFF071767656E657269635F7461675F61747472
310
69625F64656620040100000004020000000702323804000000000401000000042D0100000400000000110D04666163650C4000000004FFFFFFFF0CFFFFFFFF0C410000000C420000000C060000000CFFFFFFFF0C430000000B0B110D046C6F6F700CFFFFFFFF04FFFFFFFF0CFFFFFFFF0C440000000C450000000C1C000000
310
110E04636F6E650D07737572666163650CFFFFFFFF04FFFFFFFF0CFFFFFFFF135866C930706F5A40E857A2A6387F3E4000000000000000001400000000000000000000000000000000000000000000F03F14400000000000F03F0000000000000000000000000000000006000000000000F03F0B0B06000000000000000006
310
000000000000F0BF06400000000000F03F0B0B0B0B0B110D046C6F6F700CFFFFFFFF04FFFFFFFF0CFFFFFFFF0CFFFFFFFF0C460000000C13000000110D06636F656467650CFFFFFFFF04FFFFFFFF0CFFFFFFFF0C2F0000000C2F0000000C470000000C480000000A0C1D00000004000000000CFFFFFFFF110D06636F656467
310
650C4900000004FFFFFFFF0CFFFFFFFF0C300000000C300000000C4A0000000C4B0000000B0C1F00000004000000000CFFFFFFFF110D06636F656467650CFFFFFFFF04FFFFFFFF0CFFFFFFFF0C310000000C310000000C200000000C320000000B0C4C00000004000000000CFFFFFFFF110D04656467650CFFFFFFFF04FFFF
310
FFFF0CFFFFFFFF0C4D00000006182D4454FB2109C00C4D00000006182D4454FB2109400C200000000C4E0000000B0707756E6B6E6F776E110E0D4154545249425F435553544F4D0D066174747269620CFFFFFFFF04FFFFFFFF0CFFFFFFFF0CFFFFFFFF0C210000000711736B657463685F6174747269625F64656604010000
310
0004010000000403000000071632383220302034323934393637323935203020312031110D06636F656467650C4F00000004FFFFFFFF0CFFFFFFFF0C340000000C340000000C210000000C350000000A0C5000000004000000000CFFFFFFFF110D04656467650CFFFFFFFF04FFFFFFFF0CFFFFFFFF0C5100000006182D4454
310
FB2109C00C5100000006182D4454FB2109400C210000000C520000000B0707756E6B6E6F776E110D046C6F6F700CFFFFFFFF04FFFFFFFF0CFFFFFFFF0C270000000C220000000C3E000000110D067665727465780CFFFFFFFF04FFFFFFFF0CFFFFFFFF0C2300000004000000000C53000000110E07656C6C697073650D0563
310
757276650CFFFFFFFF04FFFFFFFF0CFFFFFFFF13020040010000024000000076FFFF014000000000000010401400000000000000800000000000000080000000000000F0BF14000000000000F43F0000000000000000000000000000000006000000000000F03F0B0B110E0D4154545249425F435553544F4D0D0661747472
310
69620CFFFFFFFF04FFFFFFFF0CFFFFFFFF0CFFFFFFFF0C250000000711736B657463685F6174747269625F646566040100000004010000000403000000071632323920302034323934393637323935203020312031110D046C6F6F700CFFFFFFFF04FFFFFFFF0CFFFFFFFF0C540000000C250000000C55000000110D067665
310
727465780CFFFFFFFF04FFFFFFFF0CFFFFFFFF0C2600000004000000000C56000000110E07656C6C697073650D0563757276650CFFFFFFFF04FFFFFFFF0CFFFFFFFF130000800700003E40000000000080514000000000000000001400000000000000800000000000000080000000000000F0BF14E8FFFFFFFFFFF73F0000
310
000000000000000000000000000006000000000000F03F0B0B110D046C6F6F700CFFFFFFFF04FFFFFFFF0CFFFFFFFF0CFFFFFFFF0C570000000C3E000000110D04666163650C5800000004FFFFFFFF0CFFFFFFFF0C550000000C590000000C060000000CFFFFFFFF0C5A0000000B0B110D05706F696E740CFFFFFFFF04FFFF
310
FFFF0CFFFFFFFF130200800700803C4000000000008051400000000000001040110E0D4154545249425F435553544F4D0D066174747269620CFFFFFFFF04FFFFFFFF0CFFFFFFFF0CFFFFFFFF0C2B000000071667656E657269635F7461675F6174747269625F6465660403000000040300000004FFFFFFFF071767656E6572
310
69635F7461675F6174747269625F64656620040100000004020000000702323704000000000401000000042D0100000400000000110D04666163650C5B00000004FFFFFFFF0CFFFFFFFF0C5C0000000C5D0000000C060000000CFFFFFFFF0C5E0000000B0B110D046C6F6F700CFFFFFFFF04FFFFFFFF0CFFFFFFFF0C5F0000
310
000C600000000C2B000000110E04636F6E650D07737572666163650CFFFFFFFF04FFFFFFFF0CFFFFFFFF1300004001000002400000500400F0504000000000000000001400000000000000000000000000000000000000000000F03F14FFFFFFFFFFFFF33F0000000000000000000000000000000006000000000000F03F0B
310
0B06000000000000000006000000000000F0BF06FFFFFFFFFFFFF33F0B0B0B0B0B110D046C6F6F700CFFFFFFFF04FFFFFFFF0CFFFFFFFF0CFFFFFFFF0C610000000C1C000000110D06636F656467650CFFFFFFFF04FFFFFFFF0CFFFFFFFF0C450000000C450000000C620000000C630000000A0C2C00000004000000000CFF
310
FFFFFF110D06636F656467650C6400000004FFFFFFFF0CFFFFFFFF0C460000000C460000000C650000000C660000000B0C2E00000004000000000CFFFFFFFF110D06636F656467650CFFFFFFFF04FFFFFFFF0CFFFFFFFF0C470000000C470000000C2F0000000C480000000B0C6700000004000000000CFFFFFFFF110D0465
310
6467650CFFFFFFFF04FFFFFFFF0CFFFFFFFF0C6800000006182D4454FB2109C00C6800000006182D4454FB2109400C2F0000000C690000000B0707756E6B6E6F776E110E0D4154545249425F435553544F4D0D066174747269620CFFFFFFFF04FFFFFFFF0CFFFFFFFF0CFFFFFFFF0C300000000711736B657463685F617474
310
7269625F646566040100000004010000000403000000071632353320302034323934393637323935203020312031110D06636F656467650C6A00000004FFFFFFFF0CFFFFFFFF0C4A0000000C4A0000000C300000000C4B0000000A0C6B00000004000000000CFFFFFFFF110D04656467650CFFFFFFFF04FFFFFFFF0CFFFFFF
310
FF0C6C00000006182D4454FB2109C00C6C00000006182D4454FB2109400C300000000C6D0000000B0707756E6B6E6F776E110D046C6F6F700CFFFFFFFF04FFFFFFFF0CFFFFFFFF0C360000000C310000000C3E000000110D067665727465780CFFFFFFFF04FFFFFFFF0CFFFFFFFF0C3200000004000000000C6E000000110E
310
07656C6C697073650D0563757276650CFFFFFFFF04FFFFFFFF0CFFFFFFFF135070E9986BD116C0080000000000294000000000000010401400000000000000800000000000000080000000000000F0BF14F9FFFFFFFFFFEF3F0000000000000000000000000000000006000000000000F03F0B0B110E0D4154545249425F43
310
5553544F4D0D066174747269620CFFFFFFFF04FFFFFFFF0CFFFFFFFF0CFFFFFFFF0C340000000711736B657463685F6174747269625F646566040100000004010000000403000000071632383220302034323934393637323935203020312031110D046C6F6F700CFFFFFFFF04FFFFFFFF0CFFFFFFFF0C3A0000000C340000
310
000C55000000110D067665727465780CFFFFFFFF04FFFFFFFF0CFFFFFFFF0C3500000004000000000C6F000000110E07656C6C697073650D0563757276650CFFFFFFFF04FFFFFFFF0CFFFFFFFF13020040010000024000000076FFFF014000000000000000001400000000000000800000000000000080000000000000F0BF
310
14000000000000F43F0000000000000000000000000000000006000000000000F03F0B0B110D05706F696E740CFFFFFFFF04FFFFFFFF0CFFFFFFFF13180080020000F03F00000076FFFF01400000000000001040110D046C6F6F700CFFFFFFFF04FFFFFFFF0CFFFFFFFF0CFFFFFFFF0C700000000C55000000110D04666163
310
650C7100000004FFFFFFFF0CFFFFFFFF0CFFFFFFFF0C720000000C060000000CFFFFFFFF0C730000000A0B110D05706F696E740CFFFFFFFF04FFFFFFFF0CFFFFFFFF130200800700803C4000000000008051400000000000000000110D06636F656467650CFFFFFFFF04FFFFFFFF0CFFFFFFFF0C740000000C750000000C76
310
0000000C770000000B0C3D00000004000000000CFFFFFFFF110E086D6174657269616C0E05616465736B0D066174747269620CFFFFFFFF04FFFFFFFF0C780000000CFFFFFFFF0C3E00000004840000000400000000110D046C6F6F700CFFFFFFFF04FFFFFFFF0CFFFFFFFF0C790000000C7A0000000C3E000000110E05706C
310
616E650D07737572666163650CFFFFFFFF04FFFFFFFF0CFFFFFFFF130000000000004940FFFFFFFFFF7F434000000000000010401400000000000000000000000000000000000000000000F03F140000000000002440000000000000000000000000000000000B0B0B0B0B110E0D4154545249425F435553544F4D0D066174
310
747269620CFFFFFFFF04FFFFFFFF0CFFFFFFFF0CFFFFFFFF0C41000000071667656E657269635F7461675F6174747269625F6465660403000000040300000004FFFFFFFF071767656E657269635F7461675F6174747269625F64656620040100000004020000000702323604000000000401000000042D0100000400000000
310
110D04666163650C7B00000004FFFFFFFF0CFFFFFFFF0C7C0000000C7D0000000C060000000CFFFFFFFF0C7E0000000B0B110D046C6F6F700CFFFFFFFF04FFFFFFFF0CFFFFFFFF0C7F0000000C800000000C41000000110E04636F6E650D07737572666163650CFFFFFFFF04FFFFFFFF0CFFFFFFFF13000000000080514000
310
0000000000494000000000000000001400000000000000000000000000000000000000000000F03F14100000000000F83F0000000000000000000000000000000006000000000000F03F0B0B06000000000000000006000000000000F0BF06100000000000F83F0B0B0B0B0B110D046C6F6F700CFFFFFFFF04FFFFFFFF0CFF
310
FFFFFF0CFFFFFFFF0C810000000C2B000000110D06636F656467650CFFFFFFFF04FFFFFFFF0CFFFFFFFF0C600000000C600000000C820000000C830000000A0C4200000004000000000CFFFFFFFF110D06636F656467650C8400000004FFFFFFFF0CFFFFFFFF0C610000000C610000000C850000000C860000000B0C440000
310
0004000000000CFFFFFFFF110D06636F656467650CFFFFFFFF04FFFFFFFF0CFFFFFFFF0C620000000C620000000C450000000C630000000B0C8700000004000000000CFFFFFFFF110D04656467650CFFFFFFFF04FFFFFFFF0CFFFFFFFF0C8800000006182D4454FB2109C00C8800000006182D4454FB2109400C450000000C
310
890000000B0707756E6B6E6F776E110E0D4154545249425F435553544F4D0D066174747269620CFFFFFFFF04FFFFFFFF0CFFFFFFFF0CFFFFFFFF0C460000000711736B657463685F6174747269625F646566040100000004010000000403000000071632393920302034323934393637323935203020312031110D06636F65
310
6467650C8A00000004FFFFFFFF0CFFFFFFFF0C650000000C650000000C460000000C660000000A0C8B00000004000000000CFFFFFFFF110D04656467650CFFFFFFFF04FFFFFFFF0CFFFFFFFF0C8C00000006182D4454FB2109C00C8C00000006182D4454FB2109400C460000000C8D0000000B0707756E6B6E6F776E110D04
310
6C6F6F700CFFFFFFFF04FFFFFFFF0CFFFFFFFF0C4C0000000C470000000C3E000000110D067665727465780CFFFFFFFF04FFFFFFFF0CFFFFFFFF0C4800000004000000000C8E000000110E07656C6C697073650D0563757276650CFFFFFFFF04FFFFFFFF0CFFFFFFFF130000000000003E400000000000004E400000000000
310
0010401400000000000000800000000000000080000000000000F0BF14FCFFFFFFFFFFF73F0000000000000000000000000000000006000000000000F03F0B0B110E0D4154545249425F435553544F4D0D066174747269620CFFFFFFFF04FFFFFFFF0CFFFFFFFF0CFFFFFFFF0C4A0000000711736B657463685F6174747269
310
625F646566040100000004010000000403000000071632353320302034323934393637323935203020312031110D046C6F6F700CFFFFFFFF04FFFFFFFF0CFFFFFFFF0C500000000C4A0000000C55000000110D067665727465780CFFFFFFFF04FFFFFFFF0CFFFFFFFF0C4B00000004000000000C8F000000110E07656C6C69
310
7073650D0563757276650CFFFFFFFF04FFFFFFFF0CFFFFFFFF135070E9986BD116C0080000000000294000000000000000001400000000000000800000000000000080000000000000F0BF14F9FFFFFFFFFFEF3F0000000000000000000000000000000006000000000000F03F0B0B110D05706F696E740CFFFFFFFF04FFFF
310
FFFF0CFFFFFFFF134C70E9986BD11AC00A000000000029400000000000001040110D05706F696E740CFFFFFFFF04FFFFFFFF0CFFFFFFFF13040080020000F03FFFFFFF75FFFF01400000000000000000110D06636F656467650C9000000004FFFFFFFF0CFFFFFFFF0C910000000C920000000C930000000C940000000A0C54
310
00000004000000000CFFFFFFFF110E0D4154545249425F435553544F4D0D066174747269620CFFFFFFFF04FFFFFFFF0CFFFFFFFF0CFFFFFFFF0C55000000071667656E657269635F7461675F6174747269625F6465660403000000040300000004FFFFFFFF071767656E657269635F7461675F6174747269625F6465662004
310
01000000040100000007013104000000000401000000042D0100000400000000110D046C6F6F700CFFFFFFFF04FFFFFFFF0CFFFFFFFF0C950000000C960000000C55000000110E05706C616E650D07737572666163650CFFFFFFFF04FFFFFFFF0CFFFFFFFF130000000000004940FFFFFFFFFF7F4340000000000000000014
310
00000000000000000000000000000000000000000000F03F140000000000002440000000000000000000000000000000000B0B0B0B0B110D06636F656467650CFFFFFFFF04FFFFFFFF0CFFFFFFFF0C970000000C570000000C980000000C990000000B0C3D00000004000000000CFFFFFFFF110D06636F656467650CFFFFFF
310
FF04FFFFFFFF0CFFFFFFFF0C570000000C9A0000000C9B0000000C9C0000000B0C3D00000004000000000CFFFFFFFF110D06636F656467650CFFFFFFFF04FFFFFFFF0CFFFFFFFF0C9D0000000C9E0000000C570000000C770000000A0C9F00000004000000000CFFFFFFFF110D04656467650CFFFFFFFF04FFFFFFFF0CFFFF
310
FFFF0CA00000000600000000000000000CA100000006F725F7F84144E93F0C760000000CA20000000B0707756E6B6E6F776E110E0D4154545249425F435553544F4D0D066174747269620CFFFFFFFF04FFFFFFFF0CA30000000C580000000C3E000000071B4E455554524F4E5F4D6174657269616C5F6174747269625F6465
310
660401000000072431383133656236362D646139392D343733322D623634392D633566653535666362396335110D046C6F6F700CFFFFFFFF04FFFFFFFF0CFFFFFFFF0CA40000000CA50000000C3E000000110D06636F656467650CFFFFFFFF04FFFFFFFF0CFFFFFFFF0C7A0000000C7A0000000CA60000000CA70000000B0C
310
5900000004000000000CFFFFFFFF110E0D4154545249425F435553544F4D0D066174747269620CFFFFFFFF04FFFFFFFF0CFFFFFFFF0CFFFFFFFF0C5C000000071667656E657269635F7461675F6174747269625F6465660403000000040300000004FFFFFFFF071767656E657269635F7461675F6174747269625F64656620
310
040100000004020000000702323504000000000401000000042D0100000400000000110D04666163650CA800000004FFFFFFFF0CFFFFFFFF0CA90000000CAA0000000C060000000CFFFFFFFF0CAB0000000B0B110D046C6F6F700CFFFFFFFF04FFFFFFFF0CFFFFFFFF0CAC0000000CAD0000000C5C000000110E04636F6E65
310
0D07737572666163650CFFFFFFFF04FFFFFFFF0CFFFFFFFF1305978EB9166D5A400A0000000000294000000000000000001400000000000000000000000000000000000000000000F03F14E0FFFFFFFFFFEF3F0000000000000000000000000000000006000000000000F03F0B0B06000000000000000006000000000000F0
310
BF06E0FFFFFFFFFFEF3F0B0B0B0B0B110D046C6F6F700CFFFFFFFF04FFFFFFFF0CFFFFFFFF0CFFFFFFFF0CAE0000000C41000000110D06636F656467650CFFFFFFFF04FFFFFFFF0CFFFFFFFF0C800000000C800000000CAF0000000CB00000000A0C5D00000004000000000CFFFFFFFF110D06636F656467650CB100000004
310
FFFFFFFF0CFFFFFFFF0C810000000C810000000CB20000000CB30000000B0C5F00000004000000000CFFFFFFFF110D06636F656467650CFFFFFFFF04FFFFFFFF0CFFFFFFFF0C820000000C820000000C600000000C830000000B0CB400000004000000000CFFFFFFFF110D04656467650CFFFFFFFF04FFFFFFFF0CFFFFFFFF
310
0CB500000006182D4454FB2109C00CB500000006182D4454FB2109400C600000000CB60000000B0707756E6B6E6F776E110E0D4154545249425F435553544F4D0D066174747269620CFFFFFFFF04FFFFFFFF0CFFFFFFFF0CFFFFFFFF0C610000000711736B657463685F6174747269625F6465660401000000040100000004
310
03000000071632373020302034323934393637323935203020312031110D06636F656467650CB700000004FFFFFFFF0CFFFFFFFF0C850000000C850000000C610000000C860000000A0CB800000004000000000CFFFFFFFF110D04656467650CFFFFFFFF04FFFFFFFF0CFFFFFFFF0CB900000006182D4454FB2109C00CB900
310
000006182D4454FB2109400C610000000CBA0000000B0707756E6B6E6F776E110D046C6F6F700CFFFFFFFF04FFFFFFFF0CFFFFFFFF0C670000000C620000000C3E000000110D067665727465780CFFFFFFFF04FFFFFFFF0CFFFFFFFF0C6300000004000000000CBB000000110E07656C6C697073650D0563757276650CFFFF
310
FFFF04FFFFFFFF0CFFFFFFFF135866C930706F5A40E857A2A6387F3E4000000000000010401400000000000000800000000000000080000000000000F0BF14400000000000F03F0000000000000000000000000000000006000000000000F03F0B0B110E0D4154545249425F435553544F4D0D066174747269620CFFFFFFFF
310
04FFFFFFFF0CFFFFFFFF0CFFFFFFFF0C650000000711736B657463685F6174747269625F646566040100000004010000000403000000071632393920302034323934393637323935203020312031110D046C6F6F700CFFFFFFFF04FFFFFFFF0CFFFFFFFF0C6B0000000C650000000C55000000110D067665727465780CFFFF
310
FFFF04FFFFFFFF0CFFFFFFFF0C6600000004000000000CBC000000110E07656C6C697073650D0563757276650CFFFFFFFF04FFFFFFFF0CFFFFFFFF130000000000003E400000000000004E4000000000000000001400000000000000800000000000000080000000000000F0BF14FCFFFFFFFFFFF73F000000000000000000
310
0000000000000006000000000000F03F0B0B110D05706F696E740CFFFFFFFF04FFFFFFFF0CFFFFFFFF130200000000803C400000000000004E400000000000001040110D05706F696E740CFFFFFFFF04FFFFFFFF0CFFFFFFFF134E70E9986BD11AC008000000000029400000000000000000110E0D4154545249425F435553
310
544F4D0D066174747269620CFFFFFFFF04FFFFFFFF0CBD0000000CFFFFFFFF0C700000000711736B657463685F6174747269625F646566040100000004010000000403000000070D32323020302030203020312031110D06636F656467650CBE00000004FFFFFFFF0CFFFFFFFF0CBF0000000C700000000CC00000000CC100
310
00000B0C5400000004000000000CFFFFFFFF110D06636F656467650CC200000004FFFFFFFF0CFFFFFFFF0C700000000CC30000000CC40000000CC50000000B0C5400000004000000000CFFFFFFFF110D06636F656467650CC600000004FFFFFFFF0CFFFFFFFF0C9E0000000C9D0000000C700000000C940000000B0C9F0000
310
0004000000000CFFFFFFFF110D04656467650CFFFFFFFF04FFFFFFFF0CFFFFFFFF0CC70000000600000000000000000CC800000006F725F7F84144E93F0C930000000CC90000000B0707756E6B6E6F776E110D046C6F6F700CFFFFFFFF04FFFFFFFF0CFFFFFFFF0CCA0000000CCB0000000C55000000110D06636F65646765
310
0CCC00000004FFFFFFFF0CFFFFFFFF0C960000000C960000000CCD0000000CCE0000000A0C7200000004000000000CFFFFFFFF110D06636F656467650CFFFFFFFF04FFFFFFFF0CFFFFFFFF0CCF0000000C740000000CD00000000CD10000000B0C3D00000004000000000CFFFFFFFF110D06636F656467650CFFFFFFFF04FF
310
FFFFFF0CFFFFFFFF0CD20000000CD30000000C740000000C990000000A0CD400000004000000000CFFFFFFFF110D04656467650CFFFFFFFF04FFFFFFFF0CFFFFFFFF0CA100000006C13AD2D2CC8EF4BF0CD500000006FB8627F762FF95BF0C980000000CD60000000B0707756E6B6E6F776E110D06636F656467650CFFFFFF
310
FF04FFFFFFFF0CFFFFFFFF0C750000000CD70000000CD80000000CD90000000B0C3D00000004000000000CFFFFFFFF110D06636F656467650CFFFFFFFF04FFFFFFFF0CFFFFFFFF0CDA0000000CDB0000000C750000000C9C0000000A0CDC00000004000000000CFFFFFFFF110D04656467650CFFFFFFFF04FFFFFFFF0CFFFF
310
FFFF0CDD00000006F29BF546CF36F4BF0CA00000000600000000000000800C9B0000000CDE0000000B0707756E6B6E6F776E110D06636F656467650CFFFFFFFF04FFFFFFFF0CFFFFFFFF0C930000000C760000000CDB0000000CDF0000000A0C9F00000004000000000CFFFFFFFF110D06636F656467650CFFFFFFFF04FFFF
310
FFFF0CFFFFFFFF0C760000000C930000000CD20000000CE00000000B0C9F00000004000000000CFFFFFFFF110D046C6F6F700CFFFFFFFF04FFFFFFFF0CFFFFFFFF0CFFFFFFFF0C930000000CE1000000110D067665727465780CFFFFFFFF04FFFFFFFF0CFFFFFFFF0CDF00000004010000000CE2000000110D067665727465
310
780CFFFFFFFF04FFFFFFFF0CFFFFFFFF0C9900000004000000000CE3000000110E07656C6C697073650D0563757276650CFFFFFFFF04FFFFFFFF0CFFFFFFFF13000000000000494034000000000049C000000000000010401400000000000000000000000000000000000000000000F03F1400000000000049401A00000000
310
005E40000000000000000006000000000000F03F0B0B110E0D4154545249425F435553544F4D0D066174747269620CFFFFFFFF04FFFFFFFF0CFFFFFFFF0C780000000C3E000000071667656E657269635F7461675F6174747269625F6465660403000000040300000004FFFFFFFF071767656E657269635F7461675F617474
310
7269625F646566200401000000040100000007013204000000000401000000042D0100000400000000110D046C6F6F700CFFFFFFFF04FFFFFFFF0CFFFFFFFF0CE40000000CE50000000C3E000000110D06636F656467650CFFFFFFFF04FFFFFFFF0CFFFFFFFF0CA50000000CA50000000CE60000000CE70000000B0C790000
310
0004000000000CFFFFFFFF110D06636F656467650CFFFFFFFF04FFFFFFFF0CFFFFFFFF0CA60000000CA60000000C7A0000000CA70000000A0CE800000004000000000CFFFFFFFF110D04656467650CFFFFFFFF04FFFFFFFF0CFFFFFFFF0CE900000006182D4454FB2109C00CE900000006182D4454FB2109400CA60000000C
310
EA0000000B0707756E6B6E6F776E110E0D4154545249425F435553544F4D0D066174747269620CFFFFFFFF04FFFFFFFF0CFFFFFFFF0CFFFFFFFF0C7C000000071667656E657269635F7461675F6174747269625F6465660403000000040300000004FFFFFFFF071767656E657269635F7461675F6174747269625F64656620
310
040100000004020000000702323404000000000401000000042D0100000400000000110D04666163650CEB00000004FFFFFFFF0CFFFFFFFF0CEC0000000CED0000000C060000000CFFFFFFFF0CEE0000000B0B110D046C6F6F700CFFFFFFFF04FFFFFFFF0CFFFFFFFF0CEF0000000CF00000000C7C000000110E04636F6E65
310
0D07737572666163650CFFFFFFFF04FFFFFFFF0CFFFFFFFF130000F6FFFF6F58400000500400F0504000000000000000001400000000000000000000000000000000000000000000F03F14000000000000F43F0000000000000000000000000000000006000000000000F03F0B0B06000000000000000006000000000000F0
310
BF06000000000000F43F0B0B0B0B0B110D046C6F6F700CFFFFFFFF04FFFFFFFF0CFFFFFFFF0CFFFFFFFF0CF10000000C5C000000110D06636F656467650CFFFFFFFF04FFFFFFFF0CFFFFFFFF0CAD0000000CAD0000000CF20000000CF30000000A0C7D00000004000000000CFFFFFFFF110D06636F656467650CF400000004
310
FFFFFFFF0CFFFFFFFF0CAE0000000CAE0000000CF50000000CF60000000B0C7F00000004000000000CFFFFFFFF110D06636F656467650CFFFFFFFF04FFFFFFFF0CFFFFFFFF0CAF0000000CAF0000000C800000000CB00000000B0CF700000004000000000CFFFFFFFF110D04656467650CFFFFFFFF04FFFFFFFF0CFFFFFFFF
310
0CF800000006182D4454FB2109C00CF800000006182D4454FB2109400C800000000CF90000000B0707756E6B6E6F776E110E0D4154545249425F435553544F4D0D066174747269620CFFFFFFFF04FFFFFFFF0CFFFFFFFF0CFFFFFFFF0C810000000711736B657463685F6174747269625F6465660401000000040100000004
310
03000000071632323820302034323934393637323935203020312031110D06636F656467650CFA00000004FFFFFFFF0CFFFFFFFF0CB20000000CB20000000C810000000CB30000000A0CFB00000004000000000CFFFFFFFF110D04656467650CFFFFFFFF04FFFFFFFF0CFFFFFFFF0CFC00000006182D4454FB2109C00CFC00
310
000006182D4454FB2109400C810000000CFD0000000B0707756E6B6E6F776E110D046C6F6F700CFFFFFFFF04FFFFFFFF0CFFFFFFFF0C870000000C820000000C3E000000110D067665727465780CFFFFFFFF04FFFFFFFF0CFFFFFFFF0C8300000004000000000CFE000000110E07656C6C697073650D0563757276650CFFFF
310
FFFF04FFFFFFFF0CFFFFFFFF1300004001000002400000500400F0504000000000000010401400000000000000800000000000000080000000000000F0BF14FFFFFFFFFFFFF33F0000000000000000000000000000000006000000000000F03F0B0B110E0D4154545249425F435553544F4D0D066174747269620CFFFFFFFF
310
04FFFFFFFF0CFFFFFFFF0CFFFFFFFF0C850000000711736B657463685F6174747269625F646566040100000004010000000403000000071632373020302034323934393637323935203020312031110D046C6F6F700CFFFFFFFF04FFFFFFFF0CFFFFFFFF0C8B0000000C850000000C55000000110D067665727465780CFFFF
310
FFFF04FFFFFFFF0CFFFFFFFF0C8600000004000000000CFF000000110E07656C6C697073650D0563757276650CFFFFFFFF04FFFFFFFF0CFFFFFFFF135866C930706F5A40E857A2A6387F3E4000000000000000001400000000000000800000000000000080000000000000F0BF14400000000000F03F000000000000000000
310
0000000000000006000000000000F03F0B0B110D05706F696E740CFFFFFFFF04FFFFFFFF0CFFFFFFFF135666C930702F5A40E857A2A6387F3E400000000000001040110D05706F696E740CFFFFFFFF04FFFFFFFF0CFFFFFFFF130000000000803C400000000000004E400000000000000000110E0D4154545249425F435553
310
544F4D0D066174747269620CFFFFFFFF04FFFFFFFF0CFFFFFFFF0C900000000C700000000711736B657463685F6174747269625F646566040100000004010000000403000000070D32313820302030203020312031110E0D4154545249425F435553544F4D0D066174747269620CFFFFFFFF04FFFFFFFF0CFFFFFFFF0CFFFF
310
FFFF0C910000000711736B657463685F6174747269625F646566040100000004010000000403000000070D32353820302031203020312034110D06636F656467650C0001000004FFFFFFFF0CFFFFFFFF0C010100000C910000000C020100000C030100000A0C5400000004000000000CFFFFFFFF110D06636F656467650C04
310
01000004FFFFFFFF0CFFFFFFFF0CDB0000000CDA0000000C910000000CC10000000A0CDC00000004000000000CFFFFFFFF110D04656467650CFFFFFFFF04FFFFFFFF0CFFFFFFFF0CC70000000600000000000000000C0501000006F29BF546CF36F43F0CC00000000C060100000B0707756E6B6E6F776E110E0D4154545249
310
425F435553544F4D0D066174747269620CFFFFFFFF04FFFFFFFF0CFFFFFFFF0CFFFFFFFF0C920000000711736B657463685F6174747269625F646566040100000004010000000403000000070D32333920302031203020342034110D06636F656467650C0701000004FFFFFFFF0CFFFFFFFF0C920000000C080100000C0901
310
00000C0A0100000B0C5400000004000000000CFFFFFFFF110D06636F656467650C0B01000004FFFFFFFF0CFFFFFFFF0CD30000000CD20000000C920000000CC50000000A0CD400000004000000000CFFFFFFFF110D04656467650CFFFFFFFF04FFFFFFFF0CFFFFFFFF0C0C01000006FB8627F762FF953F0CC800000006C13A
310
D2D2CC8EF43F0CC40000000C0D0100000B0707756E6B6E6F776E110E0D4154545249425F435553544F4D0D066174747269620CFFFFFFFF04FFFFFFFF0C0E0100000CFFFFFFFF0C930000000711736B657463685F6174747269625F646566040100000004010000000403000000070D32313820302030203020312031110D06
310
7665727465780CFFFFFFFF04FFFFFFFF0CFFFFFFFF0CC100000004000000000C0F010000110D067665727465780CFFFFFFFF04FFFFFFFF0CFFFFFFFF0CC500000004010000000C10010000110E07656C6C697073650D0563757276650CFFFFFFFF04FFFFFFFF0CFFFFFFFF13000000000000494034000000000049C0000000
310
00000000001400000000000000000000000000000000000000000000F03F1400000000000049401A00000000005E40000000000000000006000000000000F03F0A0600000000000000000A06F725F7F84144E93F110D046C6F6F700CFFFFFFFF04FFFFFFFF0CFFFFFFFF0C110100000C120100000C55000000110D06636F65
310
6467650C1301000004FFFFFFFF0CFFFFFFFF0CCB0000000CCB0000000C140100000C150100000A0C9500000004000000000CFFFFFFFF110E0D4154545249425F435553544F4D0D066174747269620CFFFFFFFF04FFFFFFFF0CFFFFFFFF0CFFFFFFFF0C960000000711736B657463685F6174747269625F6465660401000000
310
04010000000403000000071632343720302034323934393637323935203020312031110D06636F656467650C1601000004FFFFFFFF0CFFFFFFFF0CCD0000000CCD0000000C960000000CCE0000000B0C1701000004000000000CFFFFFFFF110D04656467650CFFFFFFFF04FFFFFFFF0CFFFFFFFF0C1801000006182D4454FB
310
2109C00C1801000006182D4454FB2109400CCD0000000C190100000B0707756E6B6E6F776E110D06636F656467650CFFFFFFFF04FFFFFFFF0CFFFFFFFF0C1A0100000C970000000C1B0100000C1C0100000B0C3D00000004000000000CFFFFFFFF110D06636F656467650CFFFFFFFF04FFFFFFFF0CFFFFFFFF0C1D0100000C
310
1E0100000C970000000CD10000000A0C1F01000004000000000CFFFFFFFF110D04656467650CFFFFFFFF04FFFFFFFF0CFFFFFFFF0CD50000000600DA94E9334772BF0C200100000600000000000000800CD00000000C210100000B0707756E6B6E6F776E110D06636F656467650CFFFFFFFF04FFFFFFFF0CFFFFFFFF0CC400
310
00000C980000000C9E0000000CE00000000A0CD400000004000000000CFFFFFFFF110D06636F656467650CFFFFFFFF04FFFFFFFF0CFFFFFFFF0C980000000CC40000000C1D0100000C220100000B0CD400000004000000000CFFFFFFFF110D046C6F6F700CFFFFFFFF04FFFFFFFF0CFFFFFFFF0CFFFFFFFF0CC40000000C23
310
010000110D067665727465780CFFFFFFFF04FFFFFFFF0CFFFFFFFF0CD100000004000000000C24010000110E07656C6C697073650D0563757276650CFFFFFFFF04FFFFFFFF0CFFFFFFFF1381FE3840B64534C0E245E0449E0C534000000000000010401400000000000000800000000000000080000000000000F0BF1460BF
310
80E3DF24CDBF8C178113793235C0000000000000000006000000000000F03F0B0B110D06636F656467650CFFFFFFFF04FFFFFFFF0CFFFFFFFF0C9A0000000C250100000C260100000C270100000B0C3D00000004000000000CFFFFFFFF110D06636F656467650CFFFFFFFF04FFFFFFFF0CFFFFFFFF0C280100000C29010000
310
0C9A0000000CD90000000A0C2A01000004000000000CFFFFFFFF110D04656467650CFFFFFFFF04FFFFFFFF0CFFFFFFFF0C2B0100000600000000000000000CDD00000006006093E93347723F0CD80000000C2C0100000B0707756E6B6E6F776E110D06636F656467650CFFFFFFFF04FFFFFFFF0CFFFFFFFF0CC00000000C9B
310
0000000C290100000C2D0100000A0CDC00000004000000000CFFFFFFFF110D06636F656467650CFFFFFFFF04FFFFFFFF0CFFFFFFFF0C9B0000000CC00000000C9D0000000CDF0000000B0CDC00000004000000000CFFFFFFFF110D046C6F6F700CFFFFFFFF04FFFFFFFF0CFFFFFFFF0CFFFFFFFF0CC00000000C2E01000011
310
0D067665727465780CFFFFFFFF04FFFFFFFF0CFFFFFFFF0C9C00000004000000000C2F010000110E07656C6C697073650D0563757276650CFFFFFFFF04FFFFFFFF0CFFFFFFFF13A03F0E906D115E40E245E0449E0C534000000000000010401400000000000000800000000000000080000000000000F0BF1482FE3840B645
310
34C0245E044EE4C918C0000000000000000006000000000000F03F0B0B110D04656467650CFFFFFFFF04FFFFFFFF0CFFFFFFFF0CC70000000600000000000000000CA0000000069A9999999999D93F0C9D0000000C300100000B0707756E6B6E6F776E110D04656467650CFFFFFFFF04FFFFFFFF0CFFFFFFFF0CC800000006
310
00000000000000000CA1000000069A9999999999D93F0C9E0000000C310100000B0707756E6B6E6F776E110D04666163650C3201000004FFFFFFFF0CFFFFFFFF0C3E0000000C9F0000000C060000000CFFFFFFFF0C330100000B0B110D05706F696E740CFFFFFFFF04FFFFFFFF0CFFFFFFFF13000000000000594000000000
310
008051400000000000001040110D05706F696E740CFFFFFFFF04FFFFFFFF0CFFFFFFFF13000000000000000000000000008051400000000000001040110D046C6F6F700CFFFFFFFF04FFFFFFFF0CFFFFFFFF0C340100000C350100000C3E000000110D06636F656467650CFFFFFFFF04FFFFFFFF0CFFFFFFFF0CE50000000C
310
E50000000C360100000C370100000B0CA400000004000000000CFFFFFFFF110D06636F656467650CFFFFFFFF04FFFFFFFF0CFFFFFFFF0CE60000000CE60000000CA50000000CE70000000A0C3801000004000000000CFFFFFFFF110D04656467650CFFFFFFFF04FFFFFFFF0CFFFFFFFF0C3901000006182D4454FB2109C00C
310
3901000006182D4454FB2109400CE60000000C3A0100000B0707756E6B6E6F776E110D046C6F6F700CFFFFFFFF04FFFFFFFF0CFFFFFFFF0C170100000CA60000000C3B010000110D067665727465780CFFFFFFFF04FFFFFFFF0CFFFFFFFF0CA700000004000000000C3C010000110E07656C6C697073650D0563757276650C
310
FFFFFFFF04FFFFFFFF0CFFFFFFFF1300000000008051400000000000004E4000000000000010401400000000000000800000000000000080000000000000F0BF14E8FFFFFFFFFFF73F0000000000000000000000000000000006000000000000F03F0B0B110E0D4154545249425F435553544F4D0D066174747269620CFFFF
310
FFFF04FFFFFFFF0CFFFFFFFF0CFFFFFFFF0CA9000000071667656E657269635F7461675F6174747269625F6465660403000000040300000004FFFFFFFF071767656E657269635F7461675F6174747269625F64656620040100000004020000000702323304000000000401000000042D0100000400000000110D0466616365
310
0C3D01000004FFFFFFFF0CFFFFFFFF0C3E0100000C3F0100000C060000000CFFFFFFFF0C400100000B0B110D046C6F6F700CFFFFFFFF04FFFFFFFF0CFFFFFFFF0C410100000C420100000CA9000000110E04636F6E650D07737572666163650CFFFFFFFF04FFFFFFFF0CFFFFFFFF13000020FEFF7F51400000000000805140
310
00000000000000001400000000000000000000000000000000000000000000F03F14E8FFFFFFFFFFF73F0000000000000000000000000000000006000000000000F03F0B0B06000000000000000006000000000000F0BF06E8FFFFFFFFFFF73F0B0B0B0B0B110D046C6F6F700CFFFFFFFF04FFFFFFFF0CFFFFFFFF0CFFFFFF
310
FF0C430100000C7C000000110D06636F656467650CFFFFFFFF04FFFFFFFF0CFFFFFFFF0CF00000000CF00000000C440100000C450100000A0CAA00000004000000000CFFFFFFFF110D06636F656467650C4601000004FFFFFFFF0CFFFFFFFF0CF10000000CF10000000C470100000C480100000B0CAC00000004000000000C
310
FFFFFFFF110D06636F656467650CFFFFFFFF04FFFFFFFF0CFFFFFFFF0CF20000000CF20000000CAD0000000CF30000000B0C4901000004000000000CFFFFFFFF110D04656467650CFFFFFFFF04FFFFFFFF0CFFFFFFFF0C4A01000006182D4454FB2109C00C4A01000006182D4454FB2109400CAD0000000C4B0100000B0707
310
756E6B6E6F776E110E0D4154545249425F435553544F4D0D066174747269620CFFFFFFFF04FFFFFFFF0CFFFFFFFF0CFFFFFFFF0CAE0000000711736B657463685F6174747269625F646566040100000004010000000403000000071632353520302034323934393637323935203020312031110D06636F656467650C4C0100
310
0004FFFFFFFF0CFFFFFFFF0CF50000000CF50000000CAE0000000CF60000000A0C4D01000004000000000CFFFFFFFF110D04656467650CFFFFFFFF04FFFFFFFF0CFFFFFFFF0C4E01000006182D4454FB2109C00C4E01000006182D4454FB2109400CAE0000000C4F0100000B0707756E6B6E6F776E110D046C6F6F700CFFFF
310
FFFF04FFFFFFFF0CFFFFFFFF0CB40000000CAF0000000C3E000000110D067665727465780CFFFFFFFF04FFFFFFFF0CFFFFFFFF0CB000000004000000000C50010000110E07656C6C697073650D0563757276650CFFFFFFFF04FFFFFFFF0CFFFFFFFF1300000000008051400000000000004940000000000000104014000000
310
00000000800000000000000080000000000000F0BF14100000000000F83F0000000000000000000000000000000006000000000000F03F0B0B110E0D4154545249425F435553544F4D0D066174747269620CFFFFFFFF04FFFFFFFF0CFFFFFFFF0CFFFFFFFF0CB20000000711736B657463685F6174747269625F6465660401
310
00000004010000000403000000071632323820302034323934393637323935203020312031110D046C6F6F700CFFFFFFFF04FFFFFFFF0CFFFFFFFF0CB80000000CB20000000C55000000110D067665727465780CFFFFFFFF04FFFFFFFF0CFFFFFFFF0CB300000004000000000C51010000110E07656C6C697073650D056375
310
7276650CFFFFFFFF04FFFFFFFF0CFFFFFFFF1300004001000002400000500400F0504000000000000000001400000000000000800000000000000080000000000000F0BF14FFFFFFFFFFFFF33F0000000000000000000000000000000006000000000000F03F0B0B110D05706F696E740CFFFFFFFF04FFFFFFFF0CFFFFFFFF
310
13F0FF7F020000F03F0000500400F050400000000000001040110D05706F696E740CFFFFFFFF04FFFFFFFF0CFFFFFFFF135666C930702F5A40E857A2A6387F3E400000000000000000110E0D4154545249425F435553544F4D0D066174747269620CFFFFFFFF04FFFFFFFF0CFFFFFFFF0CFFFFFFFF0CBF0000000711736B65
310
7463685F6174747269625F646566040100000004010000000403000000070D32373720302030203020312032110D06636F656467650C5201000004FFFFFFFF0CFFFFFFFF0C530100000CBF0000000C540100000C550100000A0C5400000004000000000CFFFFFFFF110D06636F656467650C5601000004FFFFFFFF0CFFFFFF
310
FF0C290100000C280100000CBF0000000C030100000B0C2A01000004000000000CFFFFFFFF110D04656467650CFFFFFFFF04FFFFFFFF0CFFFFFFFF0C570100000600000000000000000C0501000006006093E93347723F0C020100000C580100000B0707756E6B6E6F776E110E0D4154545249425F435553544F4D0D066174
310
747269620CFFFFFFFF04FFFFFFFF0CFFFFFFFF0CFFFFFFFF0CC00000000711736B657463685F6174747269625F646566040100000004010000000403000000070D32353820302031203020312034110D067665727465780CFFFFFFFF04FFFFFFFF0CFFFFFFFF0CC100000004010000000C59010000110E07656C6C69707365
310
0D0563757276650CFFFFFFFF04FFFFFFFF0CFFFFFFFF13A03F0E906D115E40E245E0449E0C534000000000000000001400000000000000000000000000000000000000000000F03F1482FE3840B64534C0245E044EE4C918C0000000000000000006000000000000F03F0A0600000000000000000A06F49BF546CF36F43F11
310
0E0D4154545249425F435553544F4D0D066174747269620CFFFFFFFF04FFFFFFFF0CFFFFFFFF0CFFFFFFFF0CC30000000711736B657463685F6174747269625F646566040100000004010000000403000000070D32343020302031203020312032110D06636F656467650C5A01000004FFFFFFFF0CFFFFFFFF0CC30000000C
310
5B0100000C5C0100000C5D0100000A0C5400000004000000000CFFFFFFFF110D06636F656467650C5E01000004FFFFFFFF0CFFFFFFFF0C1E0100000C1D0100000CC30000000C0A0100000A0C1F01000004000000000CFFFFFFFF110D04656467650CFFFFFFFF04FFFFFFFF0CFFFFFFFF0C5F0100000600000000000000000C
310
0C0100000600DA94E93347723F0C090100000C600100000B0707756E6B6E6F776E110E0D4154545249425F435553544F4D0D066174747269620CFFFFFFFF04FFFFFFFF0CFFFFFFFF0CFFFFFFFF0CC40000000711736B657463685F6174747269625F646566040100000004010000000403000000070D323339203020312030
310
20342034110D067665727465780CFFFFFFFF04FFFFFFFF0CFFFFFFFF0C0A01000004010000000C61010000110E07656C6C697073650D0563757276650CFFFFFFFF04FFFFFFFF0CFFFFFFFF1381FE3840B64534C0E245E0449E0C534000000000000000001400000000000000000000000000000000000000000000F03F1460
310
BF80E3DF24CDBF8C178113793235C0000000000000000006000000000000F03F0A06FB8627F762FF953F0A06C13AD2D2CC8EF43F110E0D4154545249425F435553544F4D0D066174747269620CFFFFFFFF04FFFFFFFF0CFFFFFFFF0CC60000000C930000000711736B657463685F6174747269625F64656604010000000401
310
0000000403000000070D32323020302030203020312031110D05706F696E740CFFFFFFFF04FFFFFFFF0CFFFFFFFF13000000000000594000000000008051400000000000000000110D05706F696E740CFFFFFFFF04FFFFFFFF0CFFFFFFFF13000000000000000000000000008051400000000000000000110D046C6F6F700C
310
FFFFFFFF04FFFFFFFF0CFFFFFFFF0C620100000C630100000C55000000110D06636F656467650C6401000004FFFFFFFF0CFFFFFFFF0C120100000C120100000C650100000C660100000A0CCA00000004000000000CFFFFFFFF110E0D4154545249425F435553544F4D0D066174747269620CFFFFFFFF04FFFFFFFF0CFFFFFF
310
FF0CFFFFFFFF0CCB0000000711736B657463685F6174747269625F646566040100000004010000000403000000071632313620302034323934393637323935203020312031110D06636F656467650C6701000004FFFFFFFF0CFFFFFFFF0C140100000C140100000CCB0000000C150100000B0C6801000004000000000CFFFF
310
FFFF110D04656467650CFFFFFFFF04FFFFFFFF0CFFFFFFFF0C6901000006182D4454FB2109C00C6901000006182D4454FB2109400C140100000C6A0100000B0707756E6B6E6F776E110E0D4154545249425F435553544F4D0D066174747269620CFFFFFFFF04FFFFFFFF0CFFFFFFFF0CFFFFFFFF0CCD0000000711736B6574
310
63685F6174747269625F646566040100000004010000000403000000071632343720302034323934393637323935203020312031110D046C6F6F700CFFFFFFFF04FFFFFFFF0CFFFFFFFF0CFFFFFFFF0CCD0000000C3B010000110D067665727465780CFFFFFFFF04FFFFFFFF0CFFFFFFFF0CCE00000004000000000C6B0100
310
00110E07656C6C697073650D0563757276650CFFFFFFFF04FFFFFFFF0CFFFFFFFF1300000000008051400000000000004E4000000000000000001400000000000000800000000000000080000000000000F0BF14E8FFFFFFFFFFF73F0000000000000000000000000000000006000000000000F03F0B0B110D06636F656467
310
650CFFFFFFFF04FFFFFFFF0CFFFFFFFF0C6C0100000CCF0000000C6D0100000C6E0100000B0C3D00000004000000000CFFFFFFFF110D06636F656467650CFFFFFFFF04FFFFFFFF0CFFFFFFFF0C6F0100000C700100000CCF0000000C1C0100000A0C7101000004000000000CFFFFFFFF110D04656467650CFFFFFFFF04FFFF
310
FFFF0CFFFFFFFF0C200100000600000000000000000C720100000658C91265A5E67A3F0C1B0100000C730100000B0707756E6B6E6F776E110D06636F656467650CFFFFFFFF04FFFFFFFF0CFFFFFFFF0C090100000CD00000000CD30000000C220100000A0C1F01000004000000000CFFFFFFFF110D06636F656467650CFFFF
310
FFFF04FFFFFFFF0CFFFFFFFF0CD00000000C090100000C6F0100000C740100000B0C1F01000004000000000CFFFFFFFF110D046C6F6F700CFFFFFFFF04FFFFFFFF0CFFFFFFFF0CFFFFFFFF0C090100000C75010000110D067665727465780CFFFFFFFF04FFFFFFFF0CFFFFFFFF0C1C01000004000000000C76010000110E08
310
73747261696768740D0563757276650CFFFFFFFF04FFFFFFFF0CFFFFFFFF1300000000000034C0FFFFFFFFFF7F4B400000000000001040140000000000002440000000000000000000000000000000000B0B110D04656467650CFFFFFFFF04FFFFFFFF0CFFFFFFFF0C0C0100000600000000000000000CD5000000069A9999
310
999999D93F0CD30000000C770100000B07056B6E696665110D04666163650C7801000004FFFFFFFF0CFFFFFFFF0CE10000000CD40000000C060000000CFFFFFFFF0C790100000B0B110D05706F696E740CFFFFFFFF04FFFFFFFF0CFFFFFFFF130AFD71806C0B34C0FFFFFFFFFF7F4B400000000000001040110D06636F6564
310
67650CFFFFFFFF04FFFFFFFF0CFFFFFFFF0CD70000000C7A0100000C7B0100000C7C0100000B0C3D00000004000000000CFFFFFFFF110D06636F656467650CFFFFFFFF04FFFFFFFF0CFFFFFFFF0C7D0100000C7E0100000CD70000000C270100000A0C7F01000004000000000CFFFFFFFF110D04656467650CFFFFFFFF04FF
310
FFFFFF0CFFFFFFFF0C8001000006091EDFAE1407F93F0C2B01000006182D4454FB21F93F0C260100000C810100000B0707756E6B6E6F776E110D06636F656467650CFFFFFFFF04FFFFFFFF0CFFFFFFFF0C020100000CD80000000C7E0100000C820100000A0C2A01000004000000000CFFFFFFFF110D06636F656467650CFF
310
FFFFFF04FFFFFFFF0CFFFFFFFF0CD80000000C020100000CDA0000000C2D0100000B0C2A01000004000000000CFFFFFFFF110D046C6F6F700CFFFFFFFF04FFFFFFFF0CFFFFFFFF0CFFFFFFFF0C020100000C83010000110D067665727465780CFFFFFFFF04FFFFFFFF0CFFFFFFFF0CD900000004000000000C84010000110E
310
0873747261696768740D0563757276650CFFFFFFFF04FFFFFFFF0CFFFFFFFF130000000000005E40FFFFFFFFFF7F4B400000000000001040140000000000002440000000000000000000000000000000000B0B110D04656467650CFFFFFFFF04FFFFFFFF0CFFFFFFFF0C050100000600000000000000000CDD000000069A99
310
99999999D93F0C290100000C850100000B07056B6E696665110D04666163650C8601000004FFFFFFFF0CFFFFFFFF0C830100000CDC0000000C060000000CFFFFFFFF0C870100000B0B110D05706F696E740CFFFFFFFF04FFFFFFFF0CFFFFFFFF13077F1C20DB025E40FFFFFFFFFF7F4B400000000000001040110E08737472
310
61696768740D0563757276650CFFFFFFFF04FFFFFFFF0CFFFFFFFF13000000000000594000000000008051400000000000000000140000000000000000000000000000000000000000000024400B0B110E0873747261696768740D0563757276650CFFFFFFFF04FFFFFFFF0CFFFFFFFF130000000000000000000000000080
310
51400000000000000000140000000000000000000000000000000000000000000024400B0B110E0D4154545249425F435553544F4D0D066174747269620CFFFFFFFF04FFFFFFFF0CFFFFFFFF0CFFFFFFFF0CE1000000071667656E657269635F7461675F6174747269625F6465660403000000040300000004FFFFFFFF0717
310
67656E657269635F7461675F6174747269625F646566200401000000040100000007013304000000000401000000042D0100000400000000110E04636F6E650D07737572666163650CFFFFFFFF04FFFFFFFF0CFFFFFFFF13000000000000494034000000000049C00000000000000000140000000000000000000000000000
310
0000000000000000F03F1400000000000049401A00000000005E40000000000000000006000000000000F03F0B0B06000000000000000006000000000000F03F060C000000004060400B0B0B0B0B110D046C6F6F700CFFFFFFFF04FFFFFFFF0CFFFFFFFF0C880100000C890100000C3E000000110D06636F656467650CFFFF
310
FFFF04FFFFFFFF0CFFFFFFFF0C350100000C350100000C8A0100000C8B0100000B0CE400000004000000000CFFFFFFFF110D06636F656467650CFFFFFFFF04FFFFFFFF0CFFFFFFFF0C360100000C360100000CE50000000C370100000A0C8C01000004000000000CFFFFFFFF110D04656467650CFFFFFFFF04FFFFFFFF0CFF
310
FFFFFF0C8D01000006182D4454FB2109C00C8D01000006182D4454FB2109400C360100000C8E0100000B0707756E6B6E6F776E110D046C6F6F700CFFFFFFFF04FFFFFFFF0CFFFFFFFF0C680100000CE60000000C8F010000110D067665727465780CFFFFFFFF04FFFFFFFF0CFFFFFFFF0CE700000004000000000C90010000
310
110E07656C6C697073650D0563757276650CFFFFFFFF04FFFFFFFF0CFFFFFFFF130000000000003E40000000000000494000000000000010401400000000000000800000000000000080000000000000F0BF14FCFFFFFFFFFFF73F0000000000000000000000000000000006000000000000F03F0B0B110D04666163650C91
310
01000004FFFFFFFF0CFFFFFFFF0C2E0100000CE80000000C060000000CFFFFFFFF0C920100000B0B110D05706F696E740CFFFFFFFF04FFFFFFFF0CFFFFFFFF1300000000002051400000000000004E400000000000001040110E0D4154545249425F435553544F4D0D066174747269620CFFFFFFFF04FFFFFFFF0CFFFFFFFF
310
0CFFFFFFFF0CEC000000071667656E657269635F7461675F6174747269625F6465660403000000040300000004FFFFFFFF071767656E657269635F7461675F6174747269625F64656620040100000004020000000702323204000000000401000000042D0100000400000000110D04666163650C9301000004FFFFFFFF0CFF
310
FFFFFF0C8F0100000C8C0100000C060000000CFFFFFFFF0C940100000B0B110D046C6F6F700CFFFFFFFF04FFFFFFFF0CFFFFFFFF0C950100000C8A0100000CEC000000110E04636F6E650D07737572666163650CFFFFFFFF04FFFFFFFF0CFFFFFFFF137865960C03F716C0E757A2A6387F3E40000000000000000014000000
310
00000000000000000000000000000000000000F03F14200000000000F03F0000000000000000000000000000000006000000000000F03F0B0B06000000000000000006000000000000F0BF06200000000000F03F0B0B0B0B0B110D046C6F6F700CFFFFFFFF04FFFFFFFF0CFFFFFFFF0CFFFFFFFF0C960100000CA900000011
310
0D06636F656467650CFFFFFFFF04FFFFFFFF0CFFFFFFFF0C420100000C420100000C890100000C970100000A0CED00000004000000000CFFFFFFFF110D06636F656467650C9801000004FFFFFFFF0CFFFFFFFF0C430100000C430100000C990100000C9A0100000B0CEF00000004000000000CFFFFFFFF110D06636F656467
310
650CFFFFFFFF04FFFFFFFF0CFFFFFFFF0C440100000C440100000CF00000000C450100000B0C8801000004000000000CFFFFFFFF110D04656467650CFFFFFFFF04FFFFFFFF0CFFFFFFFF0C9B01000006182D4454FB2109C00C9B01000006182D4454FB2109400CF00000000C9C0100000B0707756E6B6E6F776E110E0D4154
310
545249425F435553544F4D0D066174747269620CFFFFFFFF04FFFFFFFF0CFFFFFFFF0CFFFFFFFF0CF10000000711736B657463685F6174747269625F646566040100000004010000000403000000071632343420302034323934393637323935203020312031110D06636F656467650C9D01000004FFFFFFFF0CFFFFFFFF0C
310
470100000C470100000CF10000000C480100000A0C9E01000004000000000CFFFFFFFF110D04656467650CFFFFFFFF04FFFFFFFF0CFFFFFFFF0C9F01000006182D4454FB2109C00C9F01000006182D4454FB2109400CF10000000CA00100000B0707756E6B6E6F776E110D046C6F6F700CFFFFFFFF04FFFFFFFF0CFFFFFFFF
310
0CF70000000CF20000000C3E000000110D067665727465780CFFFFFFFF04FFFFFFFF0CFFFFFFFF0CF300000004000000000CA1010000110E07656C6C697073650D0563757276650CFFFFFFFF04FFFFFFFF0CFFFFFFFF1305978EB9166D5A400A00000000002940000000000000104014000000000000008000000000000000
310
80000000000000F0BF14E0FFFFFFFFFFEF3F0000000000000000000000000000000006000000000000F03F0B0B110E0D4154545249425F435553544F4D0D066174747269620CFFFFFFFF04FFFFFFFF0CFFFFFFFF0CFFFFFFFF0CF50000000711736B657463685F6174747269625F6465660401000000040100000004030000
310
00071632353520302034323934393637323935203020312031110D046C6F6F700CFFFFFFFF04FFFFFFFF0CFFFFFFFF0CFB0000000CF50000000C55000000110D067665727465780CFFFFFFFF04FFFFFFFF0CFFFFFFFF0CF600000004000000000CA2010000110E07656C6C697073650D0563757276650CFFFFFFFF04FFFFFF
310
FF0CFFFFFFFF130000000000805140000000000000494000000000000000001400000000000000800000000000000080000000000000F0BF14100000000000F83F0000000000000000000000000000000006000000000000F03F0B0B110D05706F696E740CFFFFFFFF04FFFFFFFF0CFFFFFFFF130000000000205140000000
310
00000049400000000000001040110D05706F696E740CFFFFFFFF04FFFFFFFF0CFFFFFFFF13020080020000F03F0000500400F050400000000000000000110E0D4154545249425F435553544F4D0D066174747269620CFFFFFFFF04FFFFFFFF0CFFFFFFFF0CFFFFFFFF0C010100000711736B657463685F6174747269625F64
310
6566040100000004010000000403000000070D32373620302030203020332033110D06636F656467650CA301000004FFFFFFFF0CFFFFFFFF0CA40100000C010100000CA50100000CA60100000B0C5400000004000000000CFFFFFFFF110D06636F656467650CA701000004FFFFFFFF0CFFFFFFFF0C7E0100000C7D0100000C
310
010100000C550100000B0C7F01000004000000000CFFFFFFFF110D04656467650CFFFFFFFF04FFFFFFFF0CFFFFFFFF0CA801000006091EDFAE1407F93F0C5701000006182D4454FB21F93F0C540100000CA90100000B0707756E6B6E6F776E110E0D4154545249425F435553544F4D0D066174747269620CFFFFFFFF04FFFF
310
FFFF0CFFFFFFFF0CFFFFFFFF0C020100000711736B657463685F6174747269625F646566040100000004010000000403000000070D32373720302030203020312032110D067665727465780CFFFFFFFF04FFFFFFFF0CFFFFFFFF0C0301000004000000000CAA010000110E0873747261696768740D0563757276650CFFFFFF
310
FF04FFFFFFFF0CFFFFFFFF130000000000005E40FFFFFFFFFF7F4B400000000000000000140000000000002440000000000000000000000000000000000A0600000000000000000A06006093E93347723F110D05706F696E740CFFFFFFFF04FFFFFFFF0CFFFFFFFF13077F1C20DB025E40FFFFFFFFFF7F4B40000000000000
310
0000110E0D4154545249425F435553544F4D0D066174747269620CFFFFFFFF04FFFFFFFF0CFFFFFFFF0CFFFFFFFF0C080100000711736B657463685F6174747269625F646566040100000004010000000403000000070D33303120302030203020312033110D06636F656467650CAB01000004FFFFFFFF0CFFFFFFFF0C0801
310
00000CAC0100000CAD0100000CAE0100000B0C5400000004000000000CFFFFFFFF110D06636F656467650CAF01000004FFFFFFFF0CFFFFFFFF0C700100000C6F0100000C080100000C5D0100000B0C7101000004000000000CFFFFFFFF110D04656467650CFFFFFFFF04FFFFFFFF0CFFFFFFFF0C5F01000006000000000000
310
00000CB00100000658C91265A5E67A3F0C5C0100000CB10100000B0707756E6B6E6F776E110E0D4154545249425F435553544F4D0D066174747269620CFFFFFFFF04FFFFFFFF0CFFFFFFFF0CFFFFFFFF0C090100000711736B657463685F6174747269625F646566040100000004010000000403000000070D323430203020
310
31203020312032110D067665727465780CFFFFFFFF04FFFFFFFF0CFFFFFFFF0C5D01000004000000000CB2010000110E0873747261696768740D0563757276650CFFFFFFFF04FFFFFFFF0CFFFFFFFF1300000000000034C0FFFFFFFFFF7F4B4000000000000000001400000000000024C00000000000000000000000000000
310
00000A0600000000000000000A0600DA94E93347723F110D05706F696E740CFFFFFFFF04FFFFFFFF0CFFFFFFFF1308FD71806C0B34C0FFFFFFFFFF7F4B400000000000000000110D046C6F6F700CFFFFFFFF04FFFFFFFF0CFFFFFFFF0CB30100000CB40100000C55000000110D06636F656467650CB501000004FFFFFFFF0C
310
FFFFFFFF0C630100000C630100000CB60100000CB70100000A0C1101000004000000000CFFFFFFFF110E0D4154545249425F435553544F4D0D066174747269620CFFFFFFFF04FFFFFFFF0CFFFFFFFF0CFFFFFFFF0C120100000711736B657463685F6174747269625F64656604010000000401000000040300000007163236
310
3920302034323934393637323935203020312031110D06636F656467650CB801000004FFFFFFFF0CFFFFFFFF0C650100000C650100000C120100000C660100000B0CB901000004000000000CFFFFFFFF110D04656467650CFFFFFFFF04FFFFFFFF0CFFFFFFFF0CBA01000006182D4454FB2109C00CBA01000006182D4454FB
310
2109400C650100000CBB0100000B0707756E6B6E6F776E110E0D4154545249425F435553544F4D0D066174747269620CFFFFFFFF04FFFFFFFF0CFFFFFFFF0CFFFFFFFF0C140100000711736B657463685F6174747269625F646566040100000004010000000403000000071632313620302034323934393637323935203020
310
312031110D046C6F6F700CFFFFFFFF04FFFFFFFF0CFFFFFFFF0CFFFFFFFF0C140100000C8F010000110D067665727465780CFFFFFFFF04FFFFFFFF0CFFFFFFFF0C1501000004000000000CBC010000110E07656C6C697073650D0563757276650CFFFFFFFF04FFFFFFFF0CFFFFFFFF130000000000003E4000000000000049
310
4000000000000000001400000000000000800000000000000080000000000000F0BF14FCFFFFFFFFFFF73F0000000000000000000000000000000006000000000000F03F0B0B110D05706F696E740CFFFFFFFF04FFFFFFFF0CFFFFFFFF1300000000002051400000000000004E400000000000000000110D06636F65646765
310
0CFFFFFFFF04FFFFFFFF0CFFFFFFFF0CBD0100000C1A0100000CBE0100000CBF0100000B0C3D00000004000000000CFFFFFFFF110D06636F656467650CFFFFFFFF04FFFFFFFF0CFFFFFFFF0CC00100000CC10100000C1A0100000C6E0100000A0CC201000004000000000CFFFFFFFF110D04656467650CFFFFFFFF04FFFFFF
310
FF0CFFFFFFFF0C7201000006F5E42B140CFB94BF0CC30100000684CA9FFC99E492BF0C6D0100000CC40100000B0707756E6B6E6F776E110D06636F656467650CFFFFFFFF04FFFFFFFF0CFFFFFFFF0C5C0100000C1B0100000C1E0100000C740100000A0C7101000004000000000CFFFFFFFF110D06636F656467650CFFFFFF
310
FF04FFFFFFFF0CFFFFFFFF0C1B0100000C5C0100000CC00100000CC50100000B0C7101000004000000000CFFFFFFFF110D046C6F6F700CFFFFFFFF04FFFFFFFF0CFFFFFFFF0CFFFFFFFF0C5C0100000CC6010000110D067665727465780CFFFFFFFF04FFFFFFFF0CFFFFFFFF0C6E01000004000000000CC7010000110E0765
310
6C6C697073650D0563757276650CFFFFFFFF04FFFFFFFF0CFFFFFFFF1302000000000034C0000000000080464000000000000010401400000000000000000000000000000000000000000000F03F14000000000000043DFBFFFFFFFFFF2340000000000000000006000000000000F03F0B0B110D04656467650CFFFFFFFF04
310
FFFFFFFF0CFFFFFFFF0C5F0100000600000000000000000C20010000069A9999999999D93F0C1E0100000CC80100000B07056B6E696665110D04666163650CC901000004FFFFFFFF0CFFFFFFFF0C230100000C1F0100000C060000000CFFFFFFFF0CCA0100000B0B110D05706F696E740CFFFFFFFF04FFFFFFFF0CFFFFFFFF
310
1302000000000034C0FFFFFFFFFF7F4B400000000000001040110E0873747261696768740D0563757276650CFFFFFFFF04FFFFFFFF0CFFFFFFFF1308FD71806C0B34C0FFFFFFFFFF7F4B400000000000000000140000000000000000000000000000000000000000000024400B0B110E0D4154545249425F435553544F4D0D
310
066174747269620CFFFFFFFF04FFFFFFFF0CFFFFFFFF0CFFFFFFFF0C23010000071667656E657269635F7461675F6174747269625F6465660403000000040300000004FFFFFFFF071767656E657269635F7461675F6174747269625F646566200401000000040100000007013404000000000401000000042D010000040000
310
0000110E04636F6E650D07737572666163650CFFFFFFFF04FFFFFFFF0CFFFFFFFF1381FE3840B64534C0E245E0449E0C534000000000000000001400000000000000000000000000000000000000000000F03F1460BF80E3DF24CDBF8C178113793235C0000000000000000006000000000000F03F0B0B0600000000000000
310
0006000000000000F0BF067433DF36C93235400B0B0B0B0B110D06636F656467650CFFFFFFFF04FFFFFFFF0CFFFFFFFF0C250100000CCB0100000CCC0100000CCD0100000B0C3D00000004000000000CFFFFFFFF110D06636F656467650CFFFFFFFF04FFFFFFFF0CFFFFFFFF0CCE0100000CCF0100000C250100000C7C0100
310
000A0CD001000004000000000CFFFFFFFF110D04656467650CFFFFFFFF04FFFFFFFF0CFFFFFFFF0CD10100000634D2DE6A3A43F4BF0C80010000066C8981A2E03AF4BF0C7B0100000CD20100000B0707756E6B6E6F776E110D06636F656467650CFFFFFFFF04FFFFFFFF0CFFFFFFFF0C540100000C260100000CCF0100000C
310
D30100000A0C7F01000004000000000CFFFFFFFF110D06636F656467650CFFFFFFFF04FFFFFFFF0CFFFFFFFF0C260100000C540100000C280100000C820100000B0C7F01000004000000000CFFFFFFFF110D046C6F6F700CFFFFFFFF04FFFFFFFF0CFFFFFFFF0CFFFFFFFF0C540100000CD4010000110D067665727465780C
310
FFFFFFFF04FFFFFFFF0CFFFFFFFF0C2701000004000000000CD5010000110E07656C6C697073650D0563757276650CFFFFFFFF04FFFFFFFF0CFFFFFFFF130000000000005E40000000000080464000000000000010401400000000000000000000000000000000000000000000F03F14000000000000244000000000000000
310
00000000000000000006000000000000F03F0B0B110D04656467650CFFFFFFFF04FFFFFFFF0CFFFFFFFF0C570100000600000000000000000C2B010000069A9999999999D93F0C7E0100000CD60100000B07056B6E696665110D04666163650CD701000004FFFFFFFF0CFFFFFFFF0CD40100000C2A0100000C060000000CFF
310
FFFFFF0CD80100000B0B110D05706F696E740CFFFFFFFF04FFFFFFFF0CFFFFFFFF130000000000005E40FFFFFFFFFF7F4B400000000000001040110E0873747261696768740D0563757276650CFFFFFFFF04FFFFFFFF0CFFFFFFFF13077F1C20DB025E40FFFFFFFFFF7F4B4000000000000000001400000000000000000000
310
00000000000000000000000024400B0B110E0D4154545249425F435553544F4D0D066174747269620CFFFFFFFF04FFFFFFFF0CFFFFFFFF0CFFFFFFFF0C2E010000071667656E657269635F7461675F6174747269625F6465660403000000040300000004FFFFFFFF071767656E657269635F7461675F6174747269625F6465
310
6620040100000004020000000702313804000000000401000000042D0100000400000000110E04636F6E650D07737572666163650CFFFFFFFF04FFFFFFFF0CFFFFFFFF13A03F0E906D115E40E245E0449E0C534000000000000000001400000000000000000000000000000000000000000000F03F1482FE3840B64534C024
310
5E044EE4C918C0000000000000000006000000000000F03F0B0B06000000000000000006000000000000F0BF067733DF36C93235400B0B0B0B0B110D046C6F6F700CFFFFFFFF04FFFFFFFF0CFFFFFFFF0C490100000C440100000C3E000000110D06636F656467650CFFFFFFFF04FFFFFFFF0CFFFFFFFF0C890100000C8901
310
00000C420100000C970100000B0C3401000004000000000CFFFFFFFF110D06636F656467650CFFFFFFFF04FFFFFFFF0CFFFFFFFF0C8A0100000C8A0100000C350100000C8B0100000A0C3F01000004000000000CFFFFFFFF110D04656467650CFFFFFFFF04FFFFFFFF0CFFFFFFFF0CD901000006182D4454FB2109C00CD901
310
000006182D4454FB2109400C8A0100000CDA0100000B0707756E6B6E6F776E110D046C6F6F700CFFFFFFFF04FFFFFFFF0CFFFFFFFF0CB90100000C360100000C3E010000110D067665727465780CFFFFFFFF04FFFFFFFF0CFFFFFFFF0C3701000004000000000CDB010000110E07656C6C697073650D0563757276650CFFFF
310
FFFF04FFFFFFFF0CFFFFFFFF130000F6FFFF6F584000000076FFFF014000000000000010401400000000000000800000000000000080000000000000F0BF14000000000000F43F0000000000000000000000000000000006000000000000F03F0B0B110D04666163650CDC01000004FFFFFFFF0CFFFFFFFF0C3B0100000C38
310
0100000C060000000CFFFFFFFF0CDD0100000B0B110D05706F696E740CFFFFFFFF04FFFFFFFF0CFFFFFFFF130200000000803C4000000000000049400000000000001040110E0D4154545249425F435553544F4D0D066174747269620CFFFFFFFF04FFFFFFFF0CFFFFFFFF0CFFFFFFFF0C3B010000071667656E657269635F
310
7461675F6174747269625F6465660403000000040300000004FFFFFFFF071767656E657269635F7461675F6174747269625F64656620040100000004020000000702313904000000000401000000042D0100000400000000110E04636F6E650D07737572666163650CFFFFFFFF04FFFFFFFF0CFFFFFFFF1300000000008051
310
400000000000004E4000000000000000001400000000000000000000000000000000000000000000F03F14E8FFFFFFFFFFF73F0000000000000000000000000000000006000000000000F03F0B0B06000000000000000006000000000000F0BF06E8FFFFFFFFFFF73F0B0B0B0B0B110E0D4154545249425F435553544F4D0D
310
066174747269620CFFFFFFFF04FFFFFFFF0CFFFFFFFF0CFFFFFFFF0C3E010000071667656E657269635F7461675F6174747269625F6465660403000000040300000004FFFFFFFF071767656E657269635F7461675F6174747269625F64656620040100000004020000000702323104000000000401000000042D0100000400
310
000000110E04636F6E650D07737572666163650CFFFFFFFF04FFFFFFFF0CFFFFFFFF130000F6FFFF6F584000000076FFFF014000000000000000001400000000000000000000000000000000000000000000F03F14000000000000F43F0000000000000000000000000000000006000000000000F03F0B0B06000000000000
310
000006000000000000F0BF06000000000000F43F0B0B0B0B0B110D046C6F6F700CFFFFFFFF04FFFFFFFF0CFFFFFFFF0CFFFFFFFF0CB60100000CEC000000110D06636F656467650CDE01000004FFFFFFFF0CFFFFFFFF0C960100000C960100000CB40100000CDF0100000B0C4101000004000000000CFFFFFFFF110D046564
310
67650CFFFFFFFF04FFFFFFFF0CFFFFFFFF0CE001000006182D4454FB2109C00CE001000006182D4454FB2109400C420100000CE10100000B0707756E6B6E6F776E110E0D4154545249425F435553544F4D0D066174747269620CFFFFFFFF04FFFFFFFF0CFFFFFFFF0CFFFFFFFF0C430100000711736B657463685F61747472
310
69625F646566040100000004010000000403000000071632373420302034323934393637323935203020312031110D06636F656467650CE201000004FFFFFFFF0CFFFFFFFF0C990100000C990100000C430100000C9A0100000A0CB301000004000000000CFFFFFFFF110D04656467650CFFFFFFFF04FFFFFFFF0CFFFFFFFF
310
0CE301000006182D4454FB2109C00CE301000006182D4454FB2109400C430100000CE40100000B0707756E6B6E6F776E110D067665727465780CFFFFFFFF04FFFFFFFF0CFFFFFFFF0C4501000004000000000CE5010000110E07656C6C697073650D0563757276650CFFFFFFFF04FFFFFFFF0CFFFFFFFF130000F6FFFF6F58
310
400000500400F0504000000000000010401400000000000000800000000000000080000000000000F0BF14000000000000F43F0000000000000000000000000000000006000000000000F03F0B0B110E0D4154545249425F435553544F4D0D066174747269620CFFFFFFFF04FFFFFFFF0CFFFFFFFF0CFFFFFFFF0C47010000
310
0711736B657463685F6174747269625F646566040100000004010000000403000000071632343420302034323934393637323935203020312031110D046C6F6F700CFFFFFFFF04FFFFFFFF0CFFFFFFFF0C4D0100000C470100000C55000000110D067665727465780CFFFFFFFF04FFFFFFFF0CFFFFFFFF0C48010000040000
310
00000CE6010000110E07656C6C697073650D0563757276650CFFFFFFFF04FFFFFFFF0CFFFFFFFF1305978EB9166D5A400A0000000000294000000000000000001400000000000000800000000000000080000000000000F0BF14E0FFFFFFFFFFEF3F0000000000000000000000000000000006000000000000F03F0B0B110D
310
05706F696E740CFFFFFFFF04FFFFFFFF0CFFFFFFFF1305978EB9162D5A400A000000000029400000000000001040110D05706F696E740CFFFFFFFF04FFFFFFFF0CFFFFFFFF13000000000020514000000000000049400000000000000000110E0D4154545249425F435553544F4D0D066174747269620CFFFFFFFF04FFFFFF
310
FF0CFFFFFFFF0CFFFFFFFF0C530100000711736B657463685F6174747269625F646566040100000004010000000403000000070D32353820302031203020332034110D06636F656467650CE701000004FFFFFFFF0CFFFFFFFF0CE80100000C530100000CE90100000CEA0100000A0C5400000004000000000CFFFFFFFF110D
310
06636F656467650CEB01000004FFFFFFFF0CFFFFFFFF0CCF0100000CCE0100000C530100000CA60100000A0CD001000004000000000CFFFFFFFF110D04656467650CFFFFFFFF04FFFFFFFF0CFFFFFFFF0CA8010000066C8981A2E03AF43F0CEC0100000634D2DE6A3A43F43F0CA50100000CED0100000B0707756E6B6E6F77
310
6E110E0D4154545249425F435553544F4D0D066174747269620CFFFFFFFF04FFFFFFFF0CFFFFFFFF0CFFFFFFFF0C540100000711736B657463685F6174747269625F646566040100000004010000000403000000070D32373620302030203020332033110D067665727465780CFFFFFFFF04FFFFFFFF0CFFFFFFFF0C550100
310
0004000000000CEE010000110E07656C6C697073650D0563757276650CFFFFFFFF04FFFFFFFF0CFFFFFFFF130000000000005E40000000000080464000000000000000001400000000000000000000000000000000000000000000F03F1400000000000024400000000000000000000000000000000006000000000000F03F
310
0A06081EDFAE1407F93F0A06182D4454FB21F93F110D05706F696E740CFFFFFFFF04FFFFFFFF0CFFFFFFFF130000000000005E40FFFFFFFFFF7F4B400000000000000000110E0D4154545249425F435553544F4D0D066174747269620CFFFFFFFF04FFFFFFFF0CFFFFFFFF0CFFFFFFFF0C5B0100000711736B657463685F61
310
74747269625F646566040100000004010000000403000000070D32333920302031203020322034110D06636F656467650CEF01000004FFFFFFFF0CFFFFFFFF0C5B0100000CF00100000CF10100000CF20100000A0C5400000004000000000CFFFFFFFF110D06636F656467650CF301000004FFFFFFFF0CFFFFFFFF0CC10100
310
000CC00100000C5B0100000CAE0100000A0CC201000004000000000CFFFFFFFF110D04656467650CFFFFFFFF04FFFFFFFF0CFFFFFFFF0CF40100000684CA9FFC99E4923F0CB001000006F5E42B140CFB943F0CAD0100000CF50100000B0707756E6B6E6F776E110E0D4154545249425F435553544F4D0D066174747269620C
310
FFFFFFFF04FFFFFFFF0CFFFFFFFF0CFFFFFFFF0C5C0100000711736B657463685F6174747269625F646566040100000004010000000403000000070D33303120302030203020312033110D067665727465780CFFFFFFFF04FFFFFFFF0CFFFFFFFF0CAE01000004010000000CF6010000110E07656C6C697073650D05637572
310
76650CFFFFFFFF04FFFFFFFF0CFFFFFFFF1302000000000034C0000000000080464000000000000000001400000000000000000000000000000000000000000000F03F14000000000000043DFBFFFFFFFFFF2340000000000000000006000000000000F03F0A0600000000000000000A0638CA1265A5E67A3F110D05706F69
310
6E740CFFFFFFFF04FFFFFFFF0CFFFFFFFF1300000000000034C0FFFFFFFFFF7F4B400000000000000000110D046C6F6F700CFFFFFFFF04FFFFFFFF0CFFFFFFFF0C9E0100000C990100000C55000000110D06636F656467650CF701000004FFFFFFFF0CFFFFFFFF0CB40100000CB40100000C960100000CDF0100000A0C6201
310
000004000000000CFFFFFFFF110E0D4154545249425F435553544F4D0D066174747269620CFFFFFFFF04FFFFFFFF0CFFFFFFFF0CFFFFFFFF0C630100000711736B657463685F6174747269625F646566040100000004010000000403000000071632333820302034323934393637323935203020312031110D06636F656467
310
650CF801000004FFFFFFFF0CFFFFFFFF0CB60100000CB60100000C630100000CB70100000B0C9501000004000000000CFFFFFFFF110D04656467650CFFFFFFFF04FFFFFFFF0CFFFFFFFF0CF901000006182D4454FB2109C00CF901000006182D4454FB2109400CB60100000CFA0100000B0707756E6B6E6F776E110E0D4154
310
545249425F435553544F4D0D066174747269620CFFFFFFFF04FFFFFFFF0CFFFFFFFF0CFFFFFFFF0C650100000711736B657463685F6174747269625F646566040100000004010000000403000000071632363920302034323934393637323935203020312031110D046C6F6F700CFFFFFFFF04FFFFFFFF0CFFFFFFFF0CFFFF
310
FFFF0C650100000C3E010000110D067665727465780CFFFFFFFF04FFFFFFFF0CFFFFFFFF0C6601000004000000000CFB010000110E07656C6C697073650D0563757276650CFFFFFFFF04FFFFFFFF0CFFFFFFFF130000F6FFFF6F584000000076FFFF0140000000000000000014000000000000008000000000000000800000
310
00000000F0BF14000000000000F43F0000000000000000000000000000000006000000000000F03F0B0B110D05706F696E740CFFFFFFFF04FFFFFFFF0CFFFFFFFF130000000000803C4000000000000049400000000000000000110D06636F656467650CFFFFFFFF04FFFFFFFF0CFFFFFFFF0CFC0100000C6C0100000CFD01
310
00000CFE0100000B0C3D00000004000000000CFFFFFFFF110D06636F656467650CFFFFFFFF04FFFFFFFF0CFFFFFFFF0CFF0100000C000200000C6C0100000CBF0100000A0C0102000004000000000CFFFFFFFF110D04656467650CFFFFFFFF04FFFFFFFF0CFFFFFFFF0CC30100000628BD6E81334D863F0C02020000061C2D
310
4454FB21F93F0CBE0100000C030200000B0707756E6B6E6F776E110D06636F656467650CFFFFFFFF04FFFFFFFF0CFFFFFFFF0CAD0100000C6D0100000C700100000CC50100000A0CC201000004000000000CFFFFFFFF110D06636F656467650CFFFFFFFF04FFFFFFFF0CFFFFFFFF0C6D0100000CAD0100000CFF0100000C04
310
0200000B0CC201000004000000000CFFFFFFFF110D046C6F6F700CFFFFFFFF04FFFFFFFF0CFFFFFFFF0CFFFFFFFF0CAD0100000C05020000110D067665727465780CFFFFFFFF04FFFFFFFF0CFFFFFFFF0CBF01000004000000000C06020000110E07656C6C697073650D0563757276650CFFFFFFFF04FFFFFFFF0CFFFFFFFF
310
1381FE3840B64534C0E245E0449E0C534000000000000010401400000000000000800000000000000080000000000000F0BF1460BF80E3DF24CDBF8C178113793235C0000000000000000006000000000000F03F0B0B110D04656467650CFFFFFFFF04FFFFFFFF0CFFFFFFFF0CB00100000600000000000000000C72010000
310
069A9999999999D93F0C700100000C070200000B070774616E67656E74110D04666163650C0802000004FFFFFFFF0CFFFFFFFF0C750100000C710100000C060000000CFFFFFFFF0C090200000B0B110D05706F696E740CFFFFFFFF04FFFFFFFF0CFFFFFFFF13A657731FD01034C0D12ADAEEF87F4B40000000000000104011
310
0E0873747261696768740D0563757276650CFFFFFFFF04FFFFFFFF0CFFFFFFFF1300000000000034C0FFFFFFFFFF7F4B400000000000000000140000000000000000000000000000000000000000000024400B0B110E0D4154545249425F435553544F4D0D066174747269620CFFFFFFFF04FFFFFFFF0CFFFFFFFF0CFFFFFF
310
FF0C75010000071667656E657269635F7461675F6174747269625F6465660403000000040300000004FFFFFFFF071767656E657269635F7461675F6174747269625F646566200401000000040100000007013504000000000401000000042D0100000400000000110E05706C616E650D07737572666163650CFFFFFFFF04FF
310
FFFFFF0CFFFFFFFF1308FD71806C0B34C0FFFFFFFFFF7F4B400000000000000000140000000000000000000000000000F0BF0000000000000000140000000000002440000000000000000000000000000000000B0B0B0B0B110D06636F656467650CFFFFFFFF04FFFFFFFF0CFFFFFFFF0C7A0100000C0A0200000C0B020000
310
0C0C0200000B0C3D00000004000000000CFFFFFFFF110D06636F656467650CFFFFFFFF04FFFFFFFF0CFFFFFFFF0C0D0200000C0E0200000C7A0100000CCD0100000A0C0F02000004000000000CFFFFFFFF110D04656467650CFFFFFFFF04FFFFFFFF0CFFFFFFFF0C100200000600000000000000000CD101000006593E43ED
310
60F5F83F0CCC0100000C110200000B0707756E6B6E6F776E110D06636F656467650CFFFFFFFF04FFFFFFFF0CFFFFFFFF0CA50100000C7B0100000C0E0200000C120200000A0CD001000004000000000CFFFFFFFF110D06636F656467650CFFFFFFFF04FFFFFFFF0CFFFFFFFF0C7B0100000CA50100000C7D0100000CD30100
310
000B0CD001000004000000000CFFFFFFFF110D046C6F6F700CFFFFFFFF04FFFFFFFF0CFFFFFFFF0CFFFFFFFF0CA50100000C13020000110D067665727465780CFFFFFFFF04FFFFFFFF0CFFFFFFFF0C7C01000004000000000C14020000110E07656C6C697073650D0563757276650CFFFFFFFF04FFFFFFFF0CFFFFFFFF13A0
310
3F0E906D115E40E245E0449E0C534000000000000010401400000000000000800000000000000080000000000000F0BF1482FE3840B64534C0245E044EE4C918C0000000000000000006000000000000F03F0B0B110D04656467650CFFFFFFFF04FFFFFFFF0CFFFFFFFF0CA80100000600000000000000000C80010000069A
310
9999999999D93F0CCF0100000C150200000B070774616E67656E74110D04666163650C1602000004FFFFFFFF0CFFFFFFFF0C130200000C7F0100000C060000000CFFFFFFFF0C170200000B0B110D05706F696E740CFFFFFFFF04FFFFFFFF0CFFFFFFFF1354D5DC0734045E40D42ADAEEF87F4B400000000000001040110E08
310
73747261696768740D0563757276650CFFFFFFFF04FFFFFFFF0CFFFFFFFF130000000000005E40FFFFFFFFFF7F4B400000000000000000140000000000000000000000000000000000000000000024400B0B110E0D4154545249425F435553544F4D0D066174747269620CFFFFFFFF04FFFFFFFF0CFFFFFFFF0CFFFFFFFF0C
310
83010000071667656E657269635F7461675F6174747269625F6465660403000000040300000004FFFFFFFF071767656E657269635F7461675F6174747269625F64656620040100000004020000000702313704000000000401000000042D0100000400000000110E05706C616E650D07737572666163650CFFFFFFFF04FFFF
310
FFFF0CFFFFFFFF130000000000005E40FFFFFFFFFF7F4B400000000000000000140000000000000000000000000000F0BF0000000000000000140000000000002440000000000000000000000000000000000B0B0B0B0B110D067665727465780CFFFFFFFF04FFFFFFFF0CFFFFFFFF0C8B01000004000000000C1802000011
310
0E07656C6C697073650D0563757276650CFFFFFFFF04FFFFFFFF0CFFFFFFFF137865960C03F716C0E757A2A6387F3E4000000000000010401400000000000000800000000000000080000000000000F0BF14200000000000F03F0000000000000000000000000000000006000000000000F03F0B0B110D05706F696E740CFF
310
FFFFFF04FFFFFFFF0CFFFFFFFF130000F6FFFF1F584000000076FFFF01400000000000001040110E0D4154545249425F435553544F4D0D066174747269620CFFFFFFFF04FFFFFFFF0CFFFFFFFF0CFFFFFFFF0C8F010000071667656E657269635F7461675F6174747269625F6465660403000000040300000004FFFFFFFF07
310
1767656E657269635F7461675F6174747269625F64656620040100000004020000000702323004000000000401000000042D0100000400000000110E04636F6E650D07737572666163650CFFFFFFFF04FFFFFFFF0CFFFFFFFF130000000000003E400000000000004940000000000000000014000000000000000000000000
310
00000000000000000000F03F14FCFFFFFFFFFFF73F0000000000000000000000000000000006000000000000F03F0B0B06000000000000000006000000000000F0BF06FCFFFFFFFFFFF73F0B0B0B0B0B110E0D4154545249425F435553544F4D0D066174747269620CFFFFFFFF04FFFFFFFF0CFFFFFFFF0CFFFFFFFF0C9601
310
00000711736B657463685F6174747269625F646566040100000004010000000403000000071632363220302034323934393637323935203020312031110D04656467650CFFFFFFFF04FFFFFFFF0CFFFFFFFF0C1902000006182D4454FB2109C00C1902000006182D4454FB2109400C960100000C1A0200000B0707756E6B6E
310
6F776E110D067665727465780CFFFFFFFF04FFFFFFFF0CFFFFFFFF0C9701000004000000000C1B020000110E07656C6C697073650D0563757276650CFFFFFFFF04FFFFFFFF0CFFFFFFFF13000020FEFF7F5140000000000080514000000000000010401400000000000000800000000000000080000000000000F0BF14E8FF
310
FFFFFFFFF73F0000000000000000000000000000000006000000000000F03F0B0B110E0D4154545249425F435553544F4D0D066174747269620CFFFFFFFF04FFFFFFFF0CFFFFFFFF0CFFFFFFFF0C990100000711736B657463685F6174747269625F6465660401000000040100000004030000000716323734203020343239
310
34393637323935203020312031110D067665727465780CFFFFFFFF04FFFFFFFF0CFFFFFFFF0C9A01000004000000000C1C020000110E07656C6C697073650D0563757276650CFFFFFFFF04FFFFFFFF0CFFFFFFFF130000F6FFFF6F58400000500400F050400000000000000000140000000000000080000000000000008000
310
0000000000F0BF14000000000000F43F0000000000000000000000000000000006000000000000F03F0B0B110D05706F696E740CFFFFFFFF04FFFFFFFF0CFFFFFFFF130000F6FFFF1F58400000500400F050400000000000001040110D05706F696E740CFFFFFFFF04FFFFFFFF0CFFFFFFFF1305978EB9162D5A400A000000
310
000029400000000000000000110E0D4154545249425F435553544F4D0D066174747269620CFFFFFFFF04FFFFFFFF0CFFFFFFFF0CFFFFFFFF0CA40100000711736B657463685F6174747269625F646566040100000004010000000403000000070D32373620302030203020312033110D06636F656467650C1D02000004FFFF
310
FFFF0CFFFFFFFF0C1E0200000CA40100000C1F0200000C200200000B0C5400000004000000000CFFFFFFFF110D06636F656467650C2102000004FFFFFFFF0CFFFFFFFF0C0E0200000C0D0200000CA40100000CEA0100000B0C0F02000004000000000CFFFFFFFF110D04656467650CFFFFFFFF04FFFFFFFF0CFFFFFFFF0C22
310
0200000600000000000000000CEC01000006593E43ED60F5F83F0CE90100000C230200000B0707756E6B6E6F776E110E0D4154545249425F435553544F4D0D066174747269620CFFFFFFFF04FFFFFFFF0CFFFFFFFF0CFFFFFFFF0CA50100000711736B657463685F6174747269625F64656604010000000401000000040300
310
0000070D32353820302031203020332034110D067665727465780CFFFFFFFF04FFFFFFFF0CFFFFFFFF0CA601000004010000000C24020000110E07656C6C697073650D0563757276650CFFFFFFFF04FFFFFFFF0CFFFFFFFF13A03F0E906D115E40E245E0449E0C534000000000000000001400000000000000000000000000
310
000000000000000000F03F1482FE3840B64534C0245E044EE4C918C0000000000000000006000000000000F03F0A066C8981A2E03AF43F0A0637D2DE6A3A43F43F110D05706F696E740CFFFFFFFF04FFFFFFFF0CFFFFFFFF1354D5DC0734045E40D42ADAEEF87F4B400000000000000000110E0D4154545249425F43555354
310
4F4D0D066174747269620CFFFFFFFF04FFFFFFFF0CFFFFFFFF0CFFFFFFFF0CAC0100000711736B657463685F6174747269625F646566040100000004010000000403000000070D33303120302030203020332033110D06636F656467650C2502000004FFFFFFFF0CFFFFFFFF0CAC0100000C260200000C270200000C280200
310
000A0C5400000004000000000CFFFFFFFF110D06636F656467650C2902000004FFFFFFFF0CFFFFFFFF0C000200000CFF0100000CAC0100000CF20100000B0C0102000004000000000CFFFFFFFF110D04656467650CFFFFFFFF04FFFFFFFF0CFFFFFFFF0CF40100000628BD6E81334D863F0C2A020000061C2D4454FB21F93F
310
0CF10100000C2B0200000B0707756E6B6E6F776E110E0D4154545249425F435553544F4D0D066174747269620CFFFFFFFF04FFFFFFFF0CFFFFFFFF0CFFFFFFFF0CAD0100000711736B657463685F6174747269625F646566040100000004010000000403000000070D32333920302031203020322034110D06766572746578
310
0CFFFFFFFF04FFFFFFFF0CFFFFFFFF0CF201000004000000000C2C020000110E07656C6C697073650D0563757276650CFFFFFFFF04FFFFFFFF0CFFFFFFFF1381FE3840B64534C0E245E0449E0C534000000000000000001400000000000000000000000000000000000000000000F03F1460BF80E3DF24CDBF8C1781137932
310
35C0000000000000000006000000000000F03F0A0684CA9FFC99E4923F0A06F5E42B140CFB943F110D05706F696E740CFFFFFFFF04FFFFFFFF0CFFFFFFFF13A457731FD01034C0D12ADAEEF87F4B400000000000000000110E0D4154545249425F435553544F4D0D066174747269620CFFFFFFFF04FFFFFFFF0CFFFFFFFF0C
310
FFFFFFFF0CB40100000711736B657463685F6174747269625F646566040100000004010000000403000000071632363220302034323934393637323935203020312031110E0D4154545249425F435553544F4D0D066174747269620CFFFFFFFF04FFFFFFFF0CFFFFFFFF0CFFFFFFFF0CB60100000711736B657463685F6174
310
747269625F646566040100000004010000000403000000071632333820302034323934393637323935203020312031110D067665727465780CFFFFFFFF04FFFFFFFF0CFFFFFFFF0CB701000004000000000C2D020000110E07656C6C697073650D0563757276650CFFFFFFFF04FFFFFFFF0CFFFFFFFF137865960C03F716C0
310
E757A2A6387F3E4000000000000000001400000000000000800000000000000080000000000000F0BF14200000000000F03F0000000000000000000000000000000006000000000000F03F0B0B110D05706F696E740CFFFFFFFF04FFFFFFFF0CFFFFFFFF130000F6FFFF1F5840FFFFFF75FFFF01400000000000000000110D
310
06636F656467650CFFFFFFFF04FFFFFFFF0CFFFFFFFF0C2E0200000CBD0100000C2F0200000C300200000B0C3D00000004000000000CFFFFFFFF110D06636F656467650CFFFFFFFF04FFFFFFFF0CFFFFFFFF0C310200000C320200000CBD0100000CFE0100000A0C3302000004000000000CFFFFFFFF110D04656467650CFF
310
FFFFFF04FFFFFFFF0CFFFFFFFF0C020200000600000000000000000C340200000600000000000000400CFD0100000C350200000B0707756E6B6E6F776E110D06636F656467650CFFFFFFFF04FFFFFFFF0CFFFFFFFF0CF10100000CBE0100000CC10100000C040200000A0C0102000004000000000CFFFFFFFF110D06636F65
310
6467650CFFFFFFFF04FFFFFFFF0CFFFFFFFF0CBE0100000CF10100000C310200000C360200000B0C0102000004000000000CFFFFFFFF110D046C6F6F700CFFFFFFFF04FFFFFFFF0CFFFFFFFF0CFFFFFFFF0CF10100000C37020000110D067665727465780CFFFFFFFF04FFFFFFFF0CFFFFFFFF0CFE01000004000000000C38
310
020000110E07656C6C697073650D0563757276650CFFFFFFFF04FFFFFFFF0CFFFFFFFF1302000000000034C0000000000080464000000000000010401400000000000000000000000000000000000000000000F03F14000000000000043DFBFFFFFFFFFF2340000000000000000006000000000000F03F0B0B110D04656467
310
650CFFFFFFFF04FFFFFFFF0CFFFFFFFF0CF40100000600000000000000000CC3010000069A9999999999D93F0CC10100000C390200000B070774616E67656E74110D04666163650C3A02000004FFFFFFFF0CFFFFFFFF0CC60100000CC20100000C060000000CFFFFFFFF0C3B0200000B0B110D05706F696E740CFFFFFFFF04
310
FFFFFFFF0CFFFFFFFF135897465CE01B34C0333E7392EC7F4B400000000000001040110E0873747261696768740D0563757276650CFFFFFFFF04FFFFFFFF0CFFFFFFFF13A457731FD01034C0D12ADAEEF87F4B400000000000000000140000000000000000000000000000000000000000000024400B0B110E0D4154545249
310
425F435553544F4D0D066174747269620CFFFFFFFF04FFFFFFFF0CFFFFFFFF0CFFFFFFFF0CC6010000071667656E657269635F7461675F6174747269625F6465660403000000040300000004FFFFFFFF071767656E657269635F7461675F6174747269625F6465662004010000000401000000070136040000000004010000
310
00042D0100000400000000110E04636F6E650D07737572666163650CFFFFFFFF04FFFFFFFF0CFFFFFFFF1302000000000034C0000000000080464000000000000000001400000000000000000000000000000000000000000000F03F14000000000000043DFBFFFFFFFFFF2340000000000000000006000000000000F03F0B
310
0B06000000000000000006000000000000F03F06FBFFFFFFFFFF23400B0B0B0B0B110D06636F656467650CFFFFFFFF04FFFFFFFF0CFFFFFFFF0CCB0100000C2E0200000C3C0200000C3D0200000B0C3D00000004000000000CFFFFFFFF110D06636F656467650CFFFFFFFF04FFFFFFFF0CFFFFFFFF0C3E0200000C3F020000
310
0CCB0100000C0C0200000A0C4002000004000000000CFFFFFFFF110D04656467650CFFFFFFFF04FFFFFFFF0CFFFFFFFF0C410200000600000000000000C00C100200000600000000000000800C0B0200000C420200000B0707756E6B6E6F776E110D06636F656467650CFFFFFFFF04FFFFFFFF0CFFFFFFFF0CE90100000CCC
310
0100000C3F0200000C430200000A0C0F02000004000000000CFFFFFFFF110D06636F656467650CFFFFFFFF04FFFFFFFF0CFFFFFFFF0CCC0100000CE90100000CCE0100000C120200000B0C0F02000004000000000CFFFFFFFF110D046C6F6F700CFFFFFFFF04FFFFFFFF0CFFFFFFFF0CFFFFFFFF0CE90100000C4402000011
310
0D067665727465780CFFFFFFFF04FFFFFFFF0CFFFFFFFF0CCD01000004000000000C45020000110E07656C6C697073650D0563757276650CFFFFFFFF04FFFFFFFF0CFFFFFFFF130000000000005E40000000000080464000000000000010401400000000000000000000000000000000000000000000F03F14000000000000
310
24400000000000000000000000000000000006000000000000F03F0B0B110D04656467650CFFFFFFFF04FFFFFFFF0CFFFFFFFF0CEC0100000600000000000000000CD1010000069A9999999999D93F0C0E0200000C460200000B070774616E67656E74110D04666163650C4702000004FFFFFFFF0CFFFFFFFF0C440200000C
310
D00100000C060000000CFFFFFFFF0C480200000B0B110D05706F696E740CFFFFFFFF04FFFFFFFF0CFFFFFFFF138A581117F8065E40E33F7392EC7F4B400000000000001040110E0873747261696768740D0563757276650CFFFFFFFF04FFFFFFFF0CFFFFFFFF1354D5DC0734045E40D42ADAEEF87F4B400000000000000000
310
140000000000000000000000000000000000000000000024400B0B110E0D4154545249425F435553544F4D0D066174747269620CFFFFFFFF04FFFFFFFF0CFFFFFFFF0CFFFFFFFF0CD4010000071667656E657269635F7461675F6174747269625F6465660403000000040300000004FFFFFFFF071767656E657269635F7461
310
675F6174747269625F64656620040100000004020000000702313604000000000401000000042D0100000400000000110E04636F6E650D07737572666163650CFFFFFFFF04FFFFFFFF0CFFFFFFFF130000000000005E40000000000080464000000000000000001400000000000000000000000000000000000000000000F0
310
3F1400000000000024400000000000000000000000000000000006000000000000F03F0B0B06000000000000000006000000000000F03F0600000000000024400B0B0B0B0B110D05706F696E740CFFFFFFFF04FFFFFFFF0CFFFFFFFF137E65960C03F71AC0E757A2A6387F3E400000000000001040110D067665727465780C
310
FFFFFFFF04FFFFFFFF0CFFFFFFFF0CDF01000004000000000C49020000110E07656C6C697073650D0563757276650CFFFFFFFF04FFFFFFFF0CFFFFFFFF13000020FEFF7F5140000000000080514000000000000000001400000000000000800000000000000080000000000000F0BF14E8FFFFFFFFFFF73F00000000000000
310
00000000000000000006000000000000F03F0B0B110D05706F696E740CFFFFFFFF04FFFFFFFF0CFFFFFFFF13000020FEFF1F514000000000008051400000000000001040110D05706F696E740CFFFFFFFF04FFFFFFFF0CFFFFFFFF130000F6FFFF1F58400000500400F050400000000000000000110E0D4154545249425F43
310
5553544F4D0D066174747269620CFFFFFFFF04FFFFFFFF0CFFFFFFFF0CFFFFFFFF0CE80100000711736B657463685F6174747269625F646566040100000004010000000403000000070D32363320302031203020312031110D06636F656467650C4A02000004FFFFFFFF0CFFFFFFFF0C4B0200000CE80100000C4C0200000C
310
4D0200000A0C5400000004000000000CFFFFFFFF110D06636F656467650C4E02000004FFFFFFFF0CFFFFFFFF0C3F0200000C3E0200000CE80100000C200200000A0C4002000004000000000CFFFFFFFF110D04656467650CFFFFFFFF04FFFFFFFF0CFFFFFFFF0C220200000600000000000000000C4F020000060000000000
310
0000400C1F0200000C500200000B0707756E6B6E6F776E110E0D4154545249425F435553544F4D0D066174747269620CFFFFFFFF04FFFFFFFF0CFFFFFFFF0CFFFFFFFF0CE90100000711736B657463685F6174747269625F646566040100000004010000000403000000070D32373620302030203020312033110D06766572
310
7465780CFFFFFFFF04FFFFFFFF0CFFFFFFFF0CEA01000004000000000C51020000110E07656C6C697073650D0563757276650CFFFFFFFF04FFFFFFFF0CFFFFFFFF130000000000005E40000000000080464000000000000000001400000000000000000000000000000000000000000000F03F140000000000002440000000
310
0000000000000000000000000006000000000000F03F0A0600000000000000000A06593E43ED60F5F83F110D05706F696E740CFFFFFFFF04FFFFFFFF0CFFFFFFFF138A581117F8065E40E33F7392EC7F4B400000000000000000110E0D4154545249425F435553544F4D0D066174747269620CFFFFFFFF04FFFFFFFF0CFFFF
310
FFFF0CFFFFFFFF0CF00100000711736B657463685F6174747269625F646566040100000004010000000403000000070D32373820302030203020312031110D06636F656467650C5202000004FFFFFFFF0CFFFFFFFF0CF00100000C4B0200000C530200000C540200000B0C5400000004000000000CFFFFFFFF110D06636F65
310
6467650C5502000004FFFFFFFF0CFFFFFFFF0C320200000C310200000CF00100000C280200000B0C3302000004000000000CFFFFFFFF110D04656467650CFFFFFFFF04FFFFFFFF0CFFFFFFFF0C2A0200000600000000000000000C560200000600000000000000400C270200000C570200000B0707756E6B6E6F776E110E0D
310
4154545249425F435553544F4D0D066174747269620CFFFFFFFF04FFFFFFFF0CFFFFFFFF0CFFFFFFFF0CF10100000711736B657463685F6174747269625F646566040100000004010000000403000000070D33303120302030203020332033110D067665727465780CFFFFFFFF04FFFFFFFF0CFFFFFFFF0C28020000040000
310
00000C58020000110E07656C6C697073650D0563757276650CFFFFFFFF04FFFFFFFF0CFFFFFFFF1302000000000034C0000000000080464000000000000000001400000000000000000000000000000000000000000000F03F14000000000000043DFBFFFFFFFFFF2340000000000000000006000000000000F03F0A0620BD
310
6E81334D863F0A061C2D4454FB21F93F110D05706F696E740CFFFFFFFF04FFFFFFFF0CFFFFFFFF135A97465CE01B34C0333E7392EC7F4B400000000000000000110D05706F696E740CFFFFFFFF04FFFFFFFF0CFFFFFFFF138065960C03F71AC0E757A2A6387F3E400000000000000000110D06636F656467650CFFFFFFFF04
310
FFFFFFFF0CFFFFFFFF0C0A0200000CFC0100000C590200000C5A0200000B0C3D00000004000000000CFFFFFFFF110D06636F656467650CFFFFFFFF04FFFFFFFF0CFFFFFFFF0C5B0200000C5C0200000CFC0100000C300200000A0C5D02000004000000000CFFFFFFFF110D04656467650CFFFFFFFF04FFFFFFFF0CFFFFFFFF
310
0C3402000006CDCCCCCCCCCC12C00C5E0200000600000000000000800C2F0200000C5F0200000B0707756E6B6E6F776E110D06636F656467650CFFFFFFFF04FFFFFFFF0CFFFFFFFF0C270200000CFD0100000C000200000C360200000A0C3302000004000000000CFFFFFFFF110D06636F656467650CFFFFFFFF04FFFFFFFF
310
0CFFFFFFFF0CFD0100000C270200000C5B0200000C600200000B0C3302000004000000000CFFFFFFFF110D046C6F6F700CFFFFFFFF04FFFFFFFF0CFFFFFFFF0CFFFFFFFF0C270200000C61020000110D067665727465780CFFFFFFFF04FFFFFFFF0CFFFFFFFF0C3002000004000000000C62020000110E0873747261696768
310
740D0563757276650CFFFFFFFF04FFFFFFFF0CFFFFFFFF130000000000003EC000000000008046400000000000001040140000000000002440000000000000000000000000000000000B0B110D04656467650CFFFFFFFF04FFFFFFFF0CFFFFFFFF0C2A0200000600000000000000000C02020000069A9999999999D93F0C00
310
0200000C630200000B0707756E6B6E6F776E110D04666163650C6402000004FFFFFFFF0CFFFFFFFF0C050200000C010200000C060000000CFFFFFFFF0C650200000B0B110D05706F696E740CFFFFFFFF04FFFFFFFF0CFFFFFFFF130200000000003EC000000000008046400000000000001040110E0873747261696768740D
310
0563757276650CFFFFFFFF04FFFFFFFF0CFFFFFFFF135A97465CE01B34C0333E7392EC7F4B400000000000000000140000000000000000000000000000000000000000000024400B0B110E0D4154545249425F435553544F4D0D066174747269620CFFFFFFFF04FFFFFFFF0CFFFFFFFF0CFFFFFFFF0C05020000071667656E
310
657269635F7461675F6174747269625F6465660403000000040300000004FFFFFFFF071767656E657269635F7461675F6174747269625F646566200401000000040100000007013704000000000401000000042D0100000400000000110E04636F6E650D07737572666163650CFFFFFFFF04FFFFFFFF0CFFFFFFFF1381FE38
310
40B64534C0E245E0449E0C534000000000000000001400000000000000000000000000000000000000000000F03F1460BF80E3DF24CDBF8C178113793235C0000000000000000006000000000000F03F0B0B06000000000000000006000000000000F0BF067433DF36C93235400B0B0B0B0B110D06636F656467650CFFFFFF
310
FF04FFFFFFFF0CFFFFFFFF0C660200000C670200000C0A0200000C3D0200000A0C6802000004000000000CFFFFFFFF110D04656467650CFFFFFFFF04FFFFFFFF0CFFFFFFFF0C690200000600000000000000000C4102000006CDCCCCCCCCCC12400C3C0200000C6A0200000B0707756E6B6E6F776E110D06636F656467650C
310
FFFFFFFF04FFFFFFFF0CFFFFFFFF0C1F0200000C0B0200000C670200000C6B0200000A0C4002000004000000000CFFFFFFFF110D06636F656467650CFFFFFFFF04FFFFFFFF0CFFFFFFFF0C0B0200000C1F0200000C0D0200000C430200000B0C4002000004000000000CFFFFFFFF110D046C6F6F700CFFFFFFFF04FFFFFFFF
310
0CFFFFFFFF0CFFFFFFFF0C1F0200000C6C020000110D067665727465780CFFFFFFFF04FFFFFFFF0CFFFFFFFF0C0C02000004000000000C6D020000110E0873747261696768740D0563757276650CFFFFFFFF04FFFFFFFF0CFFFFFFFF1300000000004060400000000000804640000000000000104014000000000000244000
310
0000000000000000000000000000000B0B110D04656467650CFFFFFFFF04FFFFFFFF0CFFFFFFFF0C220200000600000000000000000C10020000069A9999999999D93F0C3F0200000C6E0200000B0707756E6B6E6F776E110D04666163650C6F02000004FFFFFFFF0CFFFFFFFF0C6C0200000C0F0200000C060000000CFFFF
310
FFFF0C700200000B0B110D05706F696E740CFFFFFFFF04FFFFFFFF0CFFFFFFFF13000000000040604000000000008046400000000000001040110E0873747261696768740D0563757276650CFFFFFFFF04FFFFFFFF0CFFFFFFFF138A581117F8065E40E33F7392EC7F4B400000000000000000140000000000000000000000
310
000000000000000000000024400B0B110E0D4154545249425F435553544F4D0D066174747269620CFFFFFFFF04FFFFFFFF0CFFFFFFFF0CFFFFFFFF0C13020000071667656E657269635F7461675F6174747269625F6465660403000000040300000004FFFFFFFF071767656E657269635F7461675F6174747269625F646566
310
20040100000004020000000702313504000000000401000000042D0100000400000000110E04636F6E650D07737572666163650CFFFFFFFF04FFFFFFFF0CFFFFFFFF13A03F0E906D115E40E245E0449E0C534000000000000000001400000000000000000000000000000000000000000000F03F1482FE3840B64534C0245E
310
044EE4C918C0000000000000000006000000000000F03F0B0B06000000000000000006000000000000F0BF067733DF36C93235400B0B0B0B0B110D05706F696E740CFFFFFFFF04FFFFFFFF0CFFFFFFFF13000020FEFF1F514000000000008051400000000000000000110E0D4154545249425F435553544F4D0D0661747472
310
69620CFFFFFFFF04FFFFFFFF0C710200000CFFFFFFFF0C1E0200000711736B657463685F6174747269625F646566040100000004010000000403000000070D32363020302030203020352035110D06636F656467650C7202000004FFFFFFFF0CFFFFFFFF0C260200000C1E0200000C730200000C740200000A0C5400000004
310
000000000CFFFFFFFF110D06636F656467650C7502000004FFFFFFFF0CFFFFFFFF0C670200000C660200000C1E0200000C4D0200000B0C6802000004000000000CFFFFFFFF110D04656467650CFFFFFFFF04FFFFFFFF0CFFFFFFFF0C760200000600000000000000000C4F02000006CDCCCCCCCCCC12400C4C0200000C7702
310
00000B0707756E6B6E6F776E110E0D4154545249425F435553544F4D0D066174747269620CFFFFFFFF04FFFFFFFF0CFFFFFFFF0CFFFFFFFF0C1F0200000711736B657463685F6174747269625F646566040100000004010000000403000000070D32363320302031203020312031110D067665727465780CFFFFFFFF04FFFF
310
FFFF0CFFFFFFFF0C2002000004010000000C78020000110E0873747261696768740D0563757276650CFFFFFFFF04FFFFFFFF0CFFFFFFFF130000000000406040000000000080464000000000000000001400000000000024C0000000000000000000000000000000000A0600000000000000000A060000000000000040110D
310
05706F696E740CFFFFFFFF04FFFFFFFF0CFFFFFFFF13000000000040604000000000008046400000000000000000110E0D4154545249425F435553544F4D0D066174747269620CFFFFFFFF04FFFFFFFF0C790200000CFFFFFFFF0C260200000711736B657463685F6174747269625F64656604010000000401000000040300
310
0000070D32313720302031203020312035110D06636F656467650C7A02000004FFFFFFFF0CFFFFFFFF0C5C0200000C5B0200000C260200000C540200000A0C5D02000004000000000CFFFFFFFF110D04656467650CFFFFFFFF04FFFFFFFF0CFFFFFFFF0C7B0200000600000000000000000C5602000006CDCCCCCCCCCC1240
310
0C530200000C7C0200000B0707756E6B6E6F776E110E0D4154545249425F435553544F4D0D066174747269620CFFFFFFFF04FFFFFFFF0CFFFFFFFF0CFFFFFFFF0C270200000711736B657463685F6174747269625F646566040100000004010000000403000000070D32373820302030203020312031110D06766572746578
310
0CFFFFFFFF04FFFFFFFF0CFFFFFFFF0C5402000004010000000C7D020000110E0873747261696768740D0563757276650CFFFFFFFF04FFFFFFFF0CFFFFFFFF130000000000003EC000000000008046400000000000000000140000000000002440000000000000000000000000000000000A0600000000000000000A060000
310
000000000040110D05706F696E740CFFFFFFFF04FFFFFFFF0CFFFFFFFF130000000000003EC000000000008046400000000000000000110D06636F656467650CFFFFFFFF04FFFFFFFF0CFFFFFFFF0C7E0200000C7F0200000C2E0200000C5A0200000A0C8002000004000000000CFFFFFFFF110D04656467650CFFFFFFFF04
310
FFFFFFFF0CFFFFFFFF0C5E0200000600000000000000000C690200000600000000000028400C590200000C810200000B0707756E6B6E6F776E110D06636F656467650CFFFFFFFF04FFFFFFFF0CFFFFFFFF0C530200000C2F0200000C320200000C600200000A0C5D02000004000000000CFFFFFFFF110D06636F656467650C
310
FFFFFFFF04FFFFFFFF0CFFFFFFFF0C2F0200000C530200000C7E0200000C820200000B0C5D02000004000000000CFFFFFFFF110D046C6F6F700CFFFFFFFF04FFFFFFFF0CFFFFFFFF0CFFFFFFFF0C530200000C83020000110D067665727465780CFFFFFFFF04FFFFFFFF0CFFFFFFFF0C5A02000004000000000C8402000011
310
0E0873747261696768740D0563757276650CFFFFFFFF04FFFFFFFF0CFFFFFFFF1300000000000024C000000000000000C0000000000000104014000000000000008000000000000024C000000000000000800B0B110D04656467650CFFFFFFFF04FFFFFFFF0CFFFFFFFF0C560200000600000000000000000C34020000069A
310
9999999999D93F0C320200000C850200000B0707756E6B6E6F776E110D04666163650C8602000004FFFFFFFF0CFFFFFFFF0C370200000C330200000C060000000CFFFFFFFF0C870200000B0B110D05706F696E740CFFFFFFFF04FFFFFFFF0CFFFFFFFF1300000000000024C000000000008046400000000000001040110E08
310
73747261696768740D0563757276650CFFFFFFFF04FFFFFFFF0CFFFFFFFF130000000000003EC000000000008046400000000000000000140000000000000000000000000000000000000000000024400B0B110E0D4154545249425F435553544F4D0D066174747269620CFFFFFFFF04FFFFFFFF0CFFFFFFFF0CFFFFFFFF0C
310
37020000071667656E657269635F7461675F6174747269625F6465660403000000040300000004FFFFFFFF071767656E657269635F7461675F6174747269625F646566200401000000040100000007013804000000000401000000042D0100000400000000110E04636F6E650D07737572666163650CFFFFFFFF04FFFFFFFF
310
0CFFFFFFFF1302000000000034C0000000000080464000000000000000001400000000000000000000000000000000000000000000F03F14000000000000043DFBFFFFFFFFFF2340000000000000000006000000000000F03F0B0B06000000000000000006000000000000F03F06FBFFFFFFFFFF23400B0B0B0B0B110D0663
310
6F656467650CFFFFFFFF04FFFFFFFF0CFFFFFFFF0C4C0200000C3C0200000C7F0200000C880200000A0C6802000004000000000CFFFFFFFF110D06636F656467650CFFFFFFFF04FFFFFFFF0CFFFFFFFF0C3C0200000C4C0200000C3E0200000C6B0200000B0C6802000004000000000CFFFFFFFF110D046C6F6F700CFFFFFF
310
FF04FFFFFFFF0CFFFFFFFF0CFFFFFFFF0C4C0200000C89020000110D067665727465780CFFFFFFFF04FFFFFFFF0CFFFFFFFF0C3D02000004000000000C8A020000110E0873747261696768740D0563757276650CFFFFFFFF04FFFFFFFF0CFFFFFFFF130000000000805B4000000000000000C0000000000000104014000000
310
0000000000000000000000244000000000000000000B0B110D04656467650CFFFFFFFF04FFFFFFFF0CFFFFFFFF0C4F0200000600000000000000000C41020000069A9999999999D93F0C670200000C8B0200000B0707756E6B6E6F776E110D04666163650C8C02000004FFFFFFFF0CFFFFFFFF0C890200000C400200000C06
310
0000000CFFFFFFFF0C8D0200000B0B110D05706F696E740CFFFFFFFF04FFFFFFFF0CFFFFFFFF130000000000805B4000000000008046400000000000001040110E0873747261696768740D0563757276650CFFFFFFFF04FFFFFFFF0CFFFFFFFF13000000000040604000000000008046400000000000000000140000000000
310
000000000000000000000000000000000024400B0B110E0D4154545249425F435553544F4D0D066174747269620CFFFFFFFF04FFFFFFFF0CFFFFFFFF0CFFFFFFFF0C44020000071667656E657269635F7461675F6174747269625F6465660403000000040300000004FFFFFFFF071767656E657269635F7461675F61747472
310
69625F64656620040100000004020000000702313404000000000401000000042D0100000400000000110E04636F6E650D07737572666163650CFFFFFFFF04FFFFFFFF0CFFFFFFFF130000000000005E40000000000080464000000000000000001400000000000000000000000000000000000000000000F03F1400000000
310
000024400000000000000000000000000000000006000000000000F03F0B0B06000000000000000006000000000000F03F0600000000000024400B0B0B0B0B110E0D4154545249425F435553544F4D0D066174747269620CFFFFFFFF04FFFFFFFF0C8E0200000C4A0200000C1E0200000711736B657463685F617474726962
310
5F646566040100000004010000000403000000070D32373120302031203020312031110E0D4154545249425F435553544F4D0D066174747269620CFFFFFFFF04FFFFFFFF0CFFFFFFFF0CFFFFFFFF0C4B0200000711736B657463685F6174747269625F646566040100000004010000000403000000070D3234322030203020
310
3020312031110D06636F656467650C8F02000004FFFFFFFF0CFFFFFFFF0C7F0200000C7E0200000C4B0200000C740200000B0C8002000004000000000CFFFFFFFF110D04656467650CFFFFFFFF04FFFFFFFF0CFFFFFFFF0C7B0200000600000000000000000C760200000600000000000028400C730200000C900200000B07
310
07756E6B6E6F776E110E0D4154545249425F435553544F4D0D066174747269620CFFFFFFFF04FFFFFFFF0C910200000CFFFFFFFF0C4C0200000711736B657463685F6174747269625F646566040100000004010000000403000000070D32363020302030203020312035110D067665727465780CFFFFFFFF04FFFFFFFF0CFF
310
FFFFFF0C4D02000004000000000C92020000110E0873747261696768740D0563757276650CFFFFFFFF04FFFFFFFF0CFFFFFFFF130000000000805B4000000000000000C00000000000000000140000000000000000000000000000244000000000000000000A0600000000000000000A06CDCCCCCCCCCC1240110D05706F69
310
6E740CFFFFFFFF04FFFFFFFF0CFFFFFFFF130000000000805B4000000000008046400000000000000000110E0D4154545249425F435553544F4D0D066174747269620CFFFFFFFF04FFFFFFFF0C930200000C520200000C260200000711736B657463685F6174747269625F646566040100000004010000000403000000070D
310
32383320302031203020312031110E0D4154545249425F435553544F4D0D066174747269620CFFFFFFFF04FFFFFFFF0C940200000CFFFFFFFF0C530200000711736B657463685F6174747269625F646566040100000004010000000403000000070D32313720302031203020352035110D067665727465780CFFFFFFFF04FF
310
FFFFFF0CFFFFFFFF0C7402000004000000000C95020000110E0873747261696768740D0563757276650CFFFFFFFF04FFFFFFFF0CFFFFFFFF1300000000000024C000000000000000C00000000000000000140000000000000000000000000000244000000000000000000A0600000000000000000A06CDCCCCCCCCCC124011
310
0D05706F696E740CFFFFFFFF04FFFFFFFF0CFFFFFFFF1300000000000024C000000000008046400000000000000000110D06636F656467650CFFFFFFFF04FFFFFFFF0CFFFFFFFF0C730200000C590200000C5C0200000C820200000A0C8002000004000000000CFFFFFFFF110D06636F656467650CFFFFFFFF04FFFFFFFF0C
310
FFFFFFFF0C590200000C730200000C660200000C880200000B0C8002000004000000000CFFFFFFFF110D046C6F6F700CFFFFFFFF04FFFFFFFF0CFFFFFFFF0CFFFFFFFF0C730200000C96020000110E0873747261696768740D0563757276650CFFFFFFFF04FFFFFFFF0CFFFFFFFF1300000000000024C000000000000000C0
310
0000000000001040140000000000002440000000000000000000000000000000000B0B110D04656467650CFFFFFFFF04FFFFFFFF0CFFFFFFFF0C7B0200000600000000000000000C5E020000069A9999999999D93F0C5C0200000C970200000B0707756E6B6E6F776E110D04666163650C9802000004FFFFFFFF0CFFFFFFFF
310
0C610200000C5D0200000C060000000CFFFFFFFF0C990200000B0B110D05706F696E740CFFFFFFFF04FFFFFFFF0CFFFFFFFF1300000000000024C004000000000000C00000000000001040110E0873747261696768740D0563757276650CFFFFFFFF04FFFFFFFF0CFFFFFFFF1300000000000024C000000000008046400000
310
000000000000140000000000000000000000000000000000000000000024400B0B110E0D4154545249425F435553544F4D0D066174747269620CFFFFFFFF04FFFFFFFF0CFFFFFFFF0CFFFFFFFF0C61020000071667656E657269635F7461675F6174747269625F6465660403000000040300000004FFFFFFFF071767656E65
310
7269635F7461675F6174747269625F646566200401000000040100000007013904000000000401000000042D0100000400000000110E05706C616E650D07737572666163650CFFFFFFFF04FFFFFFFF0CFFFFFFFF130000000000003EC000000000008046400000000000000000140000000000000000000000000000F0BF00
310
00000000000000140000000000002440000000000000000000000000000000000B0B0B0B0B110D04656467650CFFFFFFFF04FFFFFFFF0CFFFFFFFF0C760200000600000000000000000C69020000069A9999999999D93F0C7F0200000C9A0200000B0707756E6B6E6F776E110D04666163650C9B02000004FFFFFFFF0CFFFF
310
FFFF0C960200000C680200000C060000000CFFFFFFFF0C9C0200000B0B110D05706F696E740CFFFFFFFF04FFFFFFFF0CFFFFFFFF130000000000805B4004000000000000C00000000000001040110E0873747261696768740D0563757276650CFFFFFFFF04FFFFFFFF0CFFFFFFFF130000000000805B400000000000804640
310
0000000000000000140000000000000000000000000000000000000000000024400B0B110E0D4154545249425F435553544F4D0D066174747269620CFFFFFFFF04FFFFFFFF0CFFFFFFFF0CFFFFFFFF0C6C020000071667656E657269635F7461675F6174747269625F6465660403000000040300000004FFFFFFFF07176765
310
6E657269635F7461675F6174747269625F64656620040100000004020000000702313304000000000401000000042D0100000400000000110E05706C616E650D07737572666163650CFFFFFFFF04FFFFFFFF0CFFFFFFFF130000000000805B4000000000008046400000000000000000140000000000000000000000000000
310
F0BF0000000000000000140000000000002440000000000000000000000000000000000B0B0B0B0B110E0D4154545249425F435553544F4D0D066174747269620CFFFFFFFF04FFFFFFFF0C9D0200000C710200000C1E0200000711736B657463685F6174747269625F646566040100000004010000000403000000070D3236
310
3020302031203020342035110E0D4154545249425F435553544F4D0D066174747269620CFFFFFFFF04FFFFFFFF0CFFFFFFFF0CFFFFFFFF0C730200000711736B657463685F6174747269625F646566040100000004010000000403000000070D32343220302030203020312031110E0873747261696768740D056375727665
310
0CFFFFFFFF04FFFFFFFF0CFFFFFFFF1300000000000024C000000000000000C00000000000000000140000000000002440000000000000000000000000000000000A0600000000000000000A060000000000002840110E0D4154545249425F435553544F4D0D066174747269620CFFFFFFFF04FFFFFFFF0C9E0200000C7502
310
00000C4C0200000711736B657463685F6174747269625F646566040100000004010000000403000000070D32363020302030203020322035110D05706F696E740CFFFFFFFF04FFFFFFFF0CFFFFFFFF130000000000805B4000000000000000C00000000000000000110E0D4154545249425F435553544F4D0D066174747269
310
620CFFFFFFFF04FFFFFFFF0C9F0200000C790200000C260200000711736B657463685F6174747269625F646566040100000004010000000403000000070D32313720302031203020322035110E0D4154545249425F435553544F4D0D066174747269620CFFFFFFFF04FFFFFFFF0CA00200000C7A0200000C53020000071173
310
6B657463685F6174747269625F646566040100000004010000000403000000070D32313720302030203020342035110D05706F696E740CFFFFFFFF04FFFFFFFF0CFFFFFFFF1300000000000024C000000000000000C00000000000000000110D04666163650CA102000004FFFFFFFF0CFFFFFFFF0C830200000C800200000C
310
060000000CFFFFFFFF0CA20200000B0B110E0873747261696768740D0563757276650CFFFFFFFF04FFFFFFFF0CFFFFFFFF1300000000000024C000000000000000C00000000000000000140000000000000000000000000000000000000000000024400B0B110E0D4154545249425F435553544F4D0D066174747269620CFF
310
FFFFFF04FFFFFFFF0CFFFFFFFF0CFFFFFFFF0C83020000071667656E657269635F7461675F6174747269625F6465660403000000040300000004FFFFFFFF071767656E657269635F7461675F6174747269625F64656620040100000004020000000702313004000000000401000000042D0100000400000000110E05706C61
310
6E650D07737572666163650CFFFFFFFF04FFFFFFFF0CFFFFFFFF1300000000000024C00000000000804640000000000000000014000000000000F0BF0000000000000000000000000000000014000000000000008000000000000024C000000000000000800B0B0B0B0B110E0873747261696768740D0563757276650CFFFF
310
FFFF04FFFFFFFF0CFFFFFFFF130000000000805B4000000000000000C00000000000000000140000000000000000000000000000000000000000000024400B0B110E0D4154545249425F435553544F4D0D066174747269620CFFFFFFFF04FFFFFFFF0CFFFFFFFF0CFFFFFFFF0C89020000071667656E657269635F7461675F
310
6174747269625F6465660403000000040300000004FFFFFFFF071767656E657269635F7461675F6174747269625F64656620040100000004020000000702313204000000000401000000042D0100000400000000110E05706C616E650D07737572666163650CFFFFFFFF04FFFFFFFF0CFFFFFFFF130000000000805B400000
310
0000000000C0000000000000000014000000000000F03F00000000000000000000000000000000140000000000000000000000000000244000000000000000000B0B0B0B0B110E0D4154545249425F435553544F4D0D066174747269620CFFFFFFFF04FFFFFFFF0CA30200000C8E0200000C1E0200000711736B657463685F
310
6174747269625F646566040100000004010000000403000000070D32373320302031203020312031110E0D4154545249425F435553544F4D0D066174747269620CFFFFFFFF04FFFFFFFF0CA40200000C910200000C4C0200000711736B657463685F6174747269625F646566040100000004010000000403000000070D3236
310
3720302030203020312031110E0D4154545249425F435553544F4D0D066174747269620CFFFFFFFF04FFFFFFFF0CA50200000C930200000C260200000711736B657463685F6174747269625F646566040100000004010000000403000000070D32383120302030203020312031110E0D4154545249425F435553544F4D0D06
310
6174747269620CFFFFFFFF04FFFFFFFF0CA60200000C940200000C530200000711736B657463685F6174747269625F646566040100000004010000000403000000070D32333020302030203020312031110E0D4154545249425F435553544F4D0D066174747269620CFFFFFFFF04FFFFFFFF0CFFFFFFFF0CFFFFFFFF0C9602
310
0000071667656E657269635F7461675F6174747269625F6465660403000000040300000004FFFFFFFF071767656E657269635F7461675F6174747269625F64656620040100000004020000000702313104000000000401000000042D0100000400000000110E05706C616E650D07737572666163650CFFFFFFFF04FFFFFFFF
310
0CFFFFFFFF1300000000000024C000000000000000C00000000000000000140000000000000000000000000000F0BF0000000000000000140000000000002440000000000000000000000000000000000B0B0B0B0B110E0D4154545249425F435553544F4D0D066174747269620CFFFFFFFF04FFFFFFFF0CA70200000C9D02
310
00000C1E0200000711736B657463685F6174747269625F646566040100000004010000000403000000070D32363020302031203020332035110E0D4154545249425F435553544F4D0D066174747269620CFFFFFFFF04FFFFFFFF0CA80200000C9E0200000C4C0200000711736B657463685F6174747269625F646566040100
310
000004010000000403000000070D32363020302031203020332035110E0D4154545249425F435553544F4D0D066174747269620CFFFFFFFF04FFFFFFFF0CA90200000C9F0200000C260200000711736B657463685F6174747269625F646566040100000004010000000403000000070D32313720302030203020332035110E
310
0D4154545249425F435553544F4D0D066174747269620CFFFFFFFF04FFFFFFFF0CAA0200000CA00200000C530200000711736B657463685F6174747269625F646566040100000004010000000403000000070D32313720302030203020332035110E0D4154545249425F435553544F4D0D066174747269620CFFFFFFFF04FF
310
FFFFFF0CAB0200000CA30200000C1E0200000711736B657463685F6174747269625F646566040100000004010000000403000000070D32363720302030203020312031110E0D4154545249425F435553544F4D0D066174747269620CFFFFFFFF04FFFFFFFF0CAC0200000CA40200000C4C0200000711736B657463685F6174
310
747269625F646566040100000004010000000403000000070D32373320302031203020312031110E0D4154545249425F435553544F4D0D066174747269620CFFFFFFFF04FFFFFFFF0CAD0200000CA50200000C260200000711736B657463685F6174747269625F646566040100000004010000000403000000070D32333020
310
302030203020312031110E0D4154545249425F435553544F4D0D066174747269620CFFFFFFFF04FFFFFFFF0CAE0200000CA60200000C530200000711736B657463685F6174747269625F646566040100000004010000000403000000070D32383120302030203020312031110E0D4154545249425F435553544F4D0D066174
310
747269620CFFFFFFFF04FFFFFFFF0CAF0200000CA70200000C1E0200000711736B657463685F6174747269625F646566040100000004010000000403000000070D32363020302030203020322035110E0D4154545249425F435553544F4D0D066174747269620CFFFFFFFF04FFFFFFFF0CB00200000CA80200000C4C020000
310
0711736B657463685F6174747269625F646566040100000004010000000403000000070D32363020302031203020342035110E0D4154545249425F435553544F4D0D066174747269620CFFFFFFFF04FFFFFFFF0CB10200000CA90200000C260200000711736B657463685F6174747269625F64656604010000000401000000
310
0403000000070D32313720302030203020342035110E0D4154545249425F435553544F4D0D066174747269620CFFFFFFFF04FFFFFFFF0CB20200000CAA0200000C530200000711736B657463685F6174747269625F646566040100000004010000000403000000070D32313720302031203020322035110E0D415454524942
310
5F435553544F4D0D066174747269620CFFFFFFFF04FFFFFFFF0CFFFFFFFF0CAB0200000C1E0200000711736B657463685F6174747269625F646566040100000004010000000403000000070D32363020302030203020312035110E0D4154545249425F435553544F4D0D066174747269620CFFFFFFFF04FFFFFFFF0CB30200
310
000CAC0200000C4C0200000711736B657463685F6174747269625F646566040100000004010000000403000000070D32373120302031203020312031110E0D4154545249425F435553544F4D0D066174747269620CFFFFFFFF04FFFFFFFF0CFFFFFFFF0CAD0200000C260200000711736B657463685F6174747269625F6465
310
66040100000004010000000403000000070D32313720302031203020352035110E0D4154545249425F435553544F4D0D066174747269620CFFFFFFFF04FFFFFFFF0CB40200000CAE0200000C530200000711736B657463685F6174747269625F646566040100000004010000000403000000070D3238332030203120302031
310
2031110E0D4154545249425F435553544F4D0D066174747269620CFFFFFFFF04FFFFFFFF0CFFFFFFFF0CB00200000C4C0200000711736B657463685F6174747269625F646566040100000004010000000403000000070D32363020302030203020352035110E0D4154545249425F435553544F4D0D066174747269620CFFFF
310
FFFF04FFFFFFFF0CFFFFFFFF0CB20200000C530200000711736B657463685F6174747269625F646566040100000004010000000403000000070D32313720302031203020312035110E03456E640E026F660E0341534D0D0464617461
  0
ACDSRECORD
 90
        0
  2
AcDbDs::ID
280
    10
320
90
  2
ASM_Data
280
    15
 94
    63409
310
414349532042696E61727946696C652855000000000000020000000C00000007104175746F6465736B204175746F434144071441534D203233312E362E302E3635353335204E5407184D6F6E204D61722020322030383A35343A30392032303236066666666666663940068DEDB5A0F7C6B03E06BBBDD7D9DF7CDB3D0D0961
310
736D6865616465720CFFFFFFFF04FFFFFFFF070D3233312E362E302E3635353335110D04626F64790C0200000004FFFFFFFF0CFFFFFFFF0C030000000CFFFFFFFF0C04000000110E0D4154545249425F435553544F4D0D066174747269620CFFFFFFFF04FFFFFFFF0C050000000CFFFFFFFF0C01000000071454696D657374
310
616D705F6174747269625F646566040100000006484FADC1A22F1943110D046C756D700CFFFFFFFF04FFFFFFFF0CFFFFFFFF0CFFFFFFFF0C060000000C01000000110D097472616E73666F726D0CFFFFFFFF04FFFFFFFF14000000000000F03F00000000000000000000000000000000140000000000000000000000000000
310
F03F00000000000000001400000000000000000000000000000000000000000000F03F1400000000000000000000000000000000000000000000000006000000000000F03F0B0B0B110E0D4154545249425F435553544F4D0D066174747269620CFFFFFFFF04FFFFFFFF0CFFFFFFFF0C020000000C01000000071667656E65
310
7269635F7461675F6174747269625F6465660403000000040300000004FFFFFFFF071767656E657269635F7461675F6174747269625F64656620040100000004030000000703333031044900000004000000000400000000110D057368656C6C0CFFFFFFFF04FFFFFFFF0CFFFFFFFF0CFFFFFFFF0CFFFFFFFF0C070000000C
310
FFFFFFFF0C03000000110D04666163650C0800000004FFFFFFFF0CFFFFFFFF0C090000000C0A0000000C060000000CFFFFFFFF0C0B0000000B0B110E0D4154545249425F435553544F4D0D066174747269620CFFFFFFFF04FFFFFFFF0CFFFFFFFF0CFFFFFFFF0C07000000071667656E657269635F7461675F617474726962
310
5F6465660403000000040300000004FFFFFFFF071767656E657269635F7461675F6174747269625F64656620040100000004020000000702373104000000000401000000042D0100000400000000110D04666163650C0C00000004FFFFFFFF0CFFFFFFFF0C0D0000000C0E0000000C060000000CFFFFFFFF0C0F0000000B0B
310
110D046C6F6F700CFFFFFFFF04FFFFFFFF0CFFFFFFFF0C100000000C110000000C07000000110E04636F6E650D07737572666163650CFFFFFFFF04FFFFFFFF0CFFFFFFFF130000600400805140FFFF4F0500C05C4000000000000000001400000000000000000000000000000000000000000000F03F14100000000000F83F
310
0000000000000000000000000000000006000000000000F03F0B0B06000000000000000006000000000000F0BF06100000000000F83F0B0B0B0B0B110E0D4154545249425F435553544F4D0D066174747269620CFFFFFFFF04FFFFFFFF0CFFFFFFFF0CFFFFFFFF0C09000000071667656E657269635F7461675F6174747269
310
625F6465660403000000040300000004FFFFFFFF071767656E657269635F7461675F6174747269625F64656620040100000004020000000702373004000000000401000000042D0100000400000000110D04666163650C1200000004FFFFFFFF0CFFFFFFFF0C130000000C140000000C060000000CFFFFFFFF0C150000000B
310
0B110D046C6F6F700CFFFFFFFF04FFFFFFFF0CFFFFFFFF0C160000000C170000000C09000000110E04636F6E650D07737572666163650CFFFFFFFF04FFFFFFFF0CFFFFFFFF130000300200805140FEFF530100E0604000000000000000001400000000000000000000000000000000000000000000F03F14100000000000F8
310
3F0000000000000000000000000000000006000000000000F03F0B0B06000000000000000006000000000000F0BF06100000000000F83F0B0B0B0B0B110D046C6F6F700CFFFFFFFF04FFFFFFFF0CFFFFFFFF0CFFFFFFFF0C180000000C07000000110D06636F656467650CFFFFFFFF04FFFFFFFF0CFFFFFFFF0C110000000C
310
110000000C190000000C1A0000000A0C0A00000004000000000CFFFFFFFF110E0D4154545249425F435553544F4D0D066174747269620CFFFFFFFF04FFFFFFFF0CFFFFFFFF0CFFFFFFFF0C0D000000071667656E657269635F7461675F6174747269625F6465660403000000040300000004FFFFFFFF071767656E65726963
310
5F7461675F6174747269625F64656620040100000004020000000702363904000000000401000000042D0100000400000000110D04666163650C1B00000004FFFFFFFF0CFFFFFFFF0C1C0000000C1D0000000C060000000CFFFFFFFF0C1E0000000B0B110D046C6F6F700CFFFFFFFF04FFFFFFFF0CFFFFFFFF0C1F0000000C
310
200000000C0D000000110E04636F6E650D07737572666163650CFFFFFFFF04FFFFFFFF0CFFFFFFFF130000600400805140000050050040554000000000000000001400000000000000000000000000000000000000000000F03F14100000000000F83F0000000000000000000000000000000006000000000000F03F0B0B06
310
000000000000000006000000000000F0BF06100000000000F83F0B0B0B0B0B110D046C6F6F700CFFFFFFFF04FFFFFFFF0CFFFFFFFF0CFFFFFFFF0C210000000C09000000110D06636F656467650CFFFFFFFF04FFFFFFFF0CFFFFFFFF0C170000000C170000000C220000000C230000000A0C0E00000004000000000CFFFFFF
310
FF110D06636F656467650C2400000004FFFFFFFF0CFFFFFFFF0C180000000C180000000C250000000C260000000B0C1000000004000000000CFFFFFFFF110D06636F656467650CFFFFFFFF04FFFFFFFF0CFFFFFFFF0C190000000C190000000C110000000C1A0000000B0C2700000004000000000CFFFFFFFF110D04656467
310
650CFFFFFFFF04FFFFFFFF0CFFFFFFFF0C2800000006182D4454FB2109C00C2800000006182D4454FB2109400C110000000C290000000B0707756E6B6E6F776E110E0D4154545249425F435553544F4D0D066174747269620CFFFFFFFF04FFFFFFFF0CFFFFFFFF0CFFFFFFFF0C13000000071667656E657269635F7461675F
310
6174747269625F6465660403000000040300000004FFFFFFFF071767656E657269635F7461675F6174747269625F64656620040100000004020000000702363804000000000401000000042D0100000400000000110D04666163650C2A00000004FFFFFFFF0CFFFFFFFF0C2B0000000C2C0000000C060000000CFFFFFFFF0C
310
2D0000000B0B110D046C6F6F700CFFFFFFFF04FFFFFFFF0CFFFFFFFF0C2E0000000C2F0000000C13000000110E04636F6E650D07737572666163650CFFFFFFFF04FFFFFFFF0CFFFFFFFF130000000000003E40000000000020624000000000000000001400000000000000000000000000000000000000000000F03F141000
310
00000000F83F0000000000000000000000000000000006000000000000F03F0B0B06000000000000000006000000000000F0BF06100000000000F83F0B0B0B0B0B110D046C6F6F700CFFFFFFFF04FFFFFFFF0CFFFFFFFF0CFFFFFFFF0C300000000C0D000000110D06636F656467650CFFFFFFFF04FFFFFFFF0CFFFFFFFF0C
310
200000000C200000000C310000000C320000000A0C1400000004000000000CFFFFFFFF110D06636F656467650C3300000004FFFFFFFF0CFFFFFFFF0C210000000C210000000C340000000C350000000B0C1600000004000000000CFFFFFFFF110D06636F656467650CFFFFFFFF04FFFFFFFF0CFFFFFFFF0C220000000C2200
310
00000C170000000C230000000B0C3600000004000000000CFFFFFFFF110D04656467650CFFFFFFFF04FFFFFFFF0CFFFFFFFF0C3700000006182D4454FB2109C00C3700000006182D4454FB2109400C170000000C380000000B0707756E6B6E6F776E110E0D4154545249425F435553544F4D0D066174747269620CFFFFFFFF
310
04FFFFFFFF0CFFFFFFFF0CFFFFFFFF0C180000000711736B657463685F6174747269625F646566040100000004010000000403000000071632393820302034323934393637323935203020312031110D06636F656467650C3900000004FFFFFFFF0CFFFFFFFF0C250000000C250000000C180000000C260000000A0C3A0000
310
0004000000000CFFFFFFFF110D04656467650CFFFFFFFF04FFFFFFFF0CFFFFFFFF0C3B00000006182D4454FB2109C00C3B00000006182D4454FB2109400C180000000C3C0000000B0707756E6B6E6F776E110D046C6F6F700CFFFFFFFF04FFFFFFFF0CFFFFFFFF0C3D0000000C190000000C3E000000110D06766572746578
310
0CFFFFFFFF04FFFFFFFF0CFFFFFFFF0C1A00000004000000000C3F000000110E07656C6C697073650D0563757276650CFFFFFFFF04FFFFFFFF0CFFFFFFFF130000600400805140FFFF4F0500C05C4000000000000010401400000000000000800000000000000080000000000000F0BF14100000000000F83F000000000000
310
0000000000000000000006000000000000F03F0B0B110E0D4154545249425F435553544F4D0D066174747269620CFFFFFFFF04FFFFFFFF0CFFFFFFFF0CFFFFFFFF0C1C000000071667656E657269635F7461675F6174747269625F6465660403000000040300000004FFFFFFFF071767656E657269635F7461675F61747472
310
69625F64656620040100000004020000000702363704000000000401000000042D0100000400000000110D04666163650C4000000004FFFFFFFF0CFFFFFFFF0C410000000C420000000C060000000CFFFFFFFF0C430000000B0B110D046C6F6F700CFFFFFFFF04FFFFFFFF0CFFFFFFFF0C440000000C450000000C1C000000
310
110E04636F6E650D07737572666163650CFFFFFFFF04FFFFFFFF0CFFFFFFFF130000000000805140000000000020624000000000000000001400000000000000000000000000000000000000000000F03F14100000000000F83F0000000000000000000000000000000006000000000000F03F0B0B06000000000000000006
310
000000000000F0BF06100000000000F83F0B0B0B0B0B110D046C6F6F700CFFFFFFFF04FFFFFFFF0CFFFFFFFF0CFFFFFFFF0C460000000C13000000110D06636F656467650CFFFFFFFF04FFFFFFFF0CFFFFFFFF0C2F0000000C2F0000000C470000000C480000000A0C1D00000004000000000CFFFFFFFF110D06636F656467
310
650C4900000004FFFFFFFF0CFFFFFFFF0C300000000C300000000C4A0000000C4B0000000B0C1F00000004000000000CFFFFFFFF110D06636F656467650CFFFFFFFF04FFFFFFFF0CFFFFFFFF0C310000000C310000000C200000000C320000000B0C4C00000004000000000CFFFFFFFF110D04656467650CFFFFFFFF04FFFF
310
FFFF0CFFFFFFFF0C4D00000006182D4454FB2109C00C4D00000006182D4454FB2109400C200000000C4E0000000B0707756E6B6E6F776E110E0D4154545249425F435553544F4D0D066174747269620CFFFFFFFF04FFFFFFFF0CFFFFFFFF0CFFFFFFFF0C210000000711736B657463685F6174747269625F64656604010000
310
0004010000000403000000071632393620302034323934393637323935203020312031110D06636F656467650C4F00000004FFFFFFFF0CFFFFFFFF0C340000000C340000000C210000000C350000000A0C5000000004000000000CFFFFFFFF110D04656467650CFFFFFFFF04FFFFFFFF0CFFFFFFFF0C5100000006182D4454
310
FB2109C00C5100000006182D4454FB2109400C210000000C520000000B0707756E6B6E6F776E110D046C6F6F700CFFFFFFFF04FFFFFFFF0CFFFFFFFF0C270000000C220000000C3E000000110D067665727465780CFFFFFFFF04FFFFFFFF0CFFFFFFFF0C2300000004000000000C53000000110E07656C6C697073650D0563
310
757276650CFFFFFFFF04FFFFFFFF0CFFFFFFFF130000300200805140FEFF530100E0604000000000000010401400000000000000800000000000000080000000000000F0BF14100000000000F83F0000000000000000000000000000000006000000000000F03F0B0B110E0D4154545249425F435553544F4D0D0661747472
310
69620CFFFFFFFF04FFFFFFFF0CFFFFFFFF0CFFFFFFFF0C250000000711736B657463685F6174747269625F646566040100000004010000000403000000071632393820302034323934393637323935203020312031110D046C6F6F700CFFFFFFFF04FFFFFFFF0CFFFFFFFF0C540000000C250000000C55000000110D067665
310
727465780CFFFFFFFF04FFFFFFFF0CFFFFFFFF0C2600000004000000000C56000000110E07656C6C697073650D0563757276650CFFFFFFFF04FFFFFFFF0CFFFFFFFF130000600400805140FFFF4F0500C05C4000000000000000001400000000000000800000000000000080000000000000F0BF14100000000000F83F0000
310
000000000000000000000000000006000000000000F03F0B0B110D046C6F6F700CFFFFFFFF04FFFFFFFF0CFFFFFFFF0CFFFFFFFF0C570000000C3E000000110D04666163650C5800000004FFFFFFFF0CFFFFFFFF0C550000000C590000000C060000000CFFFFFFFF0C5A0000000B0B110D05706F696E740CFFFFFFFF04FFFF
310
FFFF0CFFFFFFFF130000600400205140FFFF4F0500C05C400000000000001040110E0D4154545249425F435553544F4D0D066174747269620CFFFFFFFF04FFFFFFFF0CFFFFFFFF0CFFFFFFFF0C2B000000071667656E657269635F7461675F6174747269625F6465660403000000040300000004FFFFFFFF071767656E6572
310
69635F7461675F6174747269625F64656620040100000004020000000702363604000000000401000000042D0100000400000000110D04666163650C5B00000004FFFFFFFF0CFFFFFFFF0C5C0000000C5D0000000C060000000CFFFFFFFF0C5E0000000B0B110D046C6F6F700CFFFFFFFF04FFFFFFFF0CFFFFFFFF0C5F0000
310
000C600000000C2B000000110E04636F6E650D07737572666163650CFFFFFFFF04FFFFFFFF0CFFFFFFFF130000000000605B400100000000806A4000000000000000001400000000000000000000000000000000000000000000F03F14100000000000F83F0000000000000000000000000000000006000000000000F03F0B
310
0B06000000000000000006000000000000F0BF06100000000000F83F0B0B0B0B0B110D046C6F6F700CFFFFFFFF04FFFFFFFF0CFFFFFFFF0CFFFFFFFF0C610000000C1C000000110D06636F656467650CFFFFFFFF04FFFFFFFF0CFFFFFFFF0C450000000C450000000C620000000C630000000A0C2C00000004000000000CFF
310
FFFFFF110D06636F656467650C6400000004FFFFFFFF0CFFFFFFFF0C460000000C460000000C650000000C660000000B0C2E00000004000000000CFFFFFFFF110D06636F656467650CFFFFFFFF04FFFFFFFF0CFFFFFFFF0C470000000C470000000C2F0000000C480000000B0C6700000004000000000CFFFFFFFF110D0465
310
6467650CFFFFFFFF04FFFFFFFF0CFFFFFFFF0C6800000006182D4454FB2109C00C6800000006182D4454FB2109400C2F0000000C690000000B0707756E6B6E6F776E110E0D4154545249425F435553544F4D0D066174747269620CFFFFFFFF04FFFFFFFF0CFFFFFFFF0CFFFFFFFF0C300000000711736B657463685F617474
310
7269625F646566040100000004010000000403000000071632343520302034323934393637323935203020312031110D06636F656467650C6A00000004FFFFFFFF0CFFFFFFFF0C4A0000000C4A0000000C300000000C4B0000000A0C6B00000004000000000CFFFFFFFF110D04656467650CFFFFFFFF04FFFFFFFF0CFFFFFF
310
FF0C6C00000006182D4454FB2109C00C6C00000006182D4454FB2109400C300000000C6D0000000B0707756E6B6E6F776E110D046C6F6F700CFFFFFFFF04FFFFFFFF0CFFFFFFFF0C360000000C310000000C3E000000110D067665727465780CFFFFFFFF04FFFFFFFF0CFFFFFFFF0C3200000004000000000C6E000000110E
310
07656C6C697073650D0563757276650CFFFFFFFF04FFFFFFFF0CFFFFFFFF130000600400805140000050050040554000000000000010401400000000000000800000000000000080000000000000F0BF14100000000000F83F0000000000000000000000000000000006000000000000F03F0B0B110E0D4154545249425F43
310
5553544F4D0D066174747269620CFFFFFFFF04FFFFFFFF0CFFFFFFFF0CFFFFFFFF0C340000000711736B657463685F6174747269625F646566040100000004010000000403000000071632393620302034323934393637323935203020312031110D046C6F6F700CFFFFFFFF04FFFFFFFF0CFFFFFFFF0C3A0000000C340000
310
000C55000000110D067665727465780CFFFFFFFF04FFFFFFFF0CFFFFFFFF0C3500000004000000000C6F000000110E07656C6C697073650D0563757276650CFFFFFFFF04FFFFFFFF0CFFFFFFFF130000300200805140FEFF530100E0604000000000000000001400000000000000800000000000000080000000000000F0BF
310
14100000000000F83F0000000000000000000000000000000006000000000000F03F0B0B110D05706F696E740CFFFFFFFF04FFFFFFFF0CFFFFFFFF130000300200205140FEFF530100E060400000000000001040110D046C6F6F700CFFFFFFFF04FFFFFFFF0CFFFFFFFF0CFFFFFFFF0C700000000C55000000110D04666163
310
650C7100000004FFFFFFFF0CFFFFFFFF0CFFFFFFFF0C720000000C060000000CFFFFFFFF0C730000000A0B110D05706F696E740CFFFFFFFF04FFFFFFFF0CFFFFFFFF130000600400205140FFFF4F0500C05C400000000000000000110D06636F656467650CFFFFFFFF04FFFFFFFF0CFFFFFFFF0C740000000C750000000C76
310
0000000C770000000B0C3D00000004000000000CFFFFFFFF110E086D6174657269616C0E05616465736B0D066174747269620CFFFFFFFF04FFFFFFFF0C780000000CFFFFFFFF0C3E000000048F0000000400000000110D046C6F6F700CFFFFFFFF04FFFFFFFF0CFFFFFFFF0C790000000C7A0000000C3E000000110E05706C
310
616E650D07737572666163650CFFFFFFFF04FFFFFFFF0CFFFFFFFF1300000000000049400000000000D8634000000000000010401400000000000000000000000000000000000000000000F03F140000000000002440000000000000000000000000000000000B0B0B0B0B110E0D4154545249425F435553544F4D0D066174
310
747269620CFFFFFFFF04FFFFFFFF0CFFFFFFFF0CFFFFFFFF0C41000000071667656E657269635F7461675F6174747269625F6465660403000000040300000004FFFFFFFF071767656E657269635F7461675F6174747269625F64656620040100000004020000000702363504000000000401000000042D0100000400000000
310
110D04666163650C7B00000004FFFFFFFF0CFFFFFFFF0C7C0000000C7D0000000C060000000CFFFFFFFF0C7E0000000B0B110D046C6F6F700CFFFFFFFF04FFFFFFFF0CFFFFFFFF0C7F0000000C800000000C41000000110E04636F6E650D07737572666163650CFFFFFFFF04FFFFFFFF0CFFFFFFFF13000080EEFFFF3D40FF
310
FF4F0500C05C4000000000000000001400000000000000000000000000000000000000000000F03F14100000000000F83F0000000000000000000000000000000006000000000000F03F0B0B06000000000000000006000000000000F0BF06100000000000F83F0B0B0B0B0B110D046C6F6F700CFFFFFFFF04FFFFFFFF0CFF
310
FFFFFF0CFFFFFFFF0C810000000C2B000000110D06636F656467650CFFFFFFFF04FFFFFFFF0CFFFFFFFF0C600000000C600000000C820000000C830000000A0C4200000004000000000CFFFFFFFF110D06636F656467650C8400000004FFFFFFFF0CFFFFFFFF0C610000000C610000000C850000000C860000000B0C440000
310
0004000000000CFFFFFFFF110D06636F656467650CFFFFFFFF04FFFFFFFF0CFFFFFFFF0C620000000C620000000C450000000C630000000B0C8700000004000000000CFFFFFFFF110D04656467650CFFFFFFFF04FFFFFFFF0CFFFFFFFF0C8800000006182D4454FB2109C00C8800000006182D4454FB2109400C450000000C
310
890000000B0707756E6B6E6F776E110E0D4154545249425F435553544F4D0D066174747269620CFFFFFFFF04FFFFFFFF0CFFFFFFFF0CFFFFFFFF0C460000000711736B657463685F6174747269625F646566040100000004010000000403000000071632363520302034323934393637323935203020312031110D06636F65
310
6467650C8A00000004FFFFFFFF0CFFFFFFFF0C650000000C650000000C460000000C660000000A0C8B00000004000000000CFFFFFFFF110D04656467650CFFFFFFFF04FFFFFFFF0CFFFFFFFF0C8C00000006182D4454FB2109C00C8C00000006182D4454FB2109400C460000000C8D0000000B0707756E6B6E6F776E110D04
310
6C6F6F700CFFFFFFFF04FFFFFFFF0CFFFFFFFF0C4C0000000C470000000C3E000000110D067665727465780CFFFFFFFF04FFFFFFFF0CFFFFFFFF0C4800000004000000000C8E000000110E07656C6C697073650D0563757276650CFFFFFFFF04FFFFFFFF0CFFFFFFFF130000000000003E4000000000002062400000000000
310
0010401400000000000000800000000000000080000000000000F0BF14100000000000F83F0000000000000000000000000000000006000000000000F03F0B0B110E0D4154545249425F435553544F4D0D066174747269620CFFFFFFFF04FFFFFFFF0CFFFFFFFF0CFFFFFFFF0C4A0000000711736B657463685F6174747269
310
625F646566040100000004010000000403000000071632343520302034323934393637323935203020312031110D046C6F6F700CFFFFFFFF04FFFFFFFF0CFFFFFFFF0C500000000C4A0000000C55000000110D067665727465780CFFFFFFFF04FFFFFFFF0CFFFFFFFF0C4B00000004000000000C8F000000110E07656C6C69
310
7073650D0563757276650CFFFFFFFF04FFFFFFFF0CFFFFFFFF130000600400805140000050050040554000000000000000001400000000000000800000000000000080000000000000F0BF14100000000000F83F0000000000000000000000000000000006000000000000F03F0B0B110D05706F696E740CFFFFFFFF04FFFF
310
FFFF0CFFFFFFFF13000060040020514000005005004055400000000000001040110D05706F696E740CFFFFFFFF04FFFFFFFF0CFFFFFFFF130000300200205140FEFF530100E060400000000000000000110D06636F656467650C9000000004FFFFFFFF0CFFFFFFFF0C910000000C920000000C930000000C940000000A0C54
310
00000004000000000CFFFFFFFF110E0D4154545249425F435553544F4D0D066174747269620CFFFFFFFF04FFFFFFFF0CFFFFFFFF0CFFFFFFFF0C55000000071667656E657269635F7461675F6174747269625F6465660403000000040300000004FFFFFFFF071767656E657269635F7461675F6174747269625F6465662004
310
01000000040100000007013104000000000401000000042D0100000400000000110D046C6F6F700CFFFFFFFF04FFFFFFFF0CFFFFFFFF0C950000000C960000000C55000000110E05706C616E650D07737572666163650CFFFFFFFF04FFFFFFFF0CFFFFFFFF1300000000000049400000000000D86340000000000000000014
310
00000000000000000000000000000000000000000000F03F140000000000002440000000000000000000000000000000000B0B0B0B0B110D06636F656467650CFFFFFFFF04FFFFFFFF0CFFFFFFFF0C970000000C570000000C980000000C990000000B0C3D00000004000000000CFFFFFFFF110D06636F656467650CFFFFFF
310
FF04FFFFFFFF0CFFFFFFFF0C570000000C9A0000000C9B0000000C9C0000000B0C3D00000004000000000CFFFFFFFF110D06636F656467650CFFFFFFFF04FFFFFFFF0CFFFFFFFF0C9D0000000C9E0000000C570000000C770000000A0C9F00000004000000000CFFFFFFFF110D04656467650CFFFFFFFF04FFFFFFFF0CFFFF
310
FFFF0CA00000000600000000000000000CA100000006182D4454FB2109400C760000000CA20000000B0707756E6B6E6F776E110E0D4154545249425F435553544F4D0D066174747269620CFFFFFFFF04FFFFFFFF0CA30000000C580000000C3E000000071B4E455554524F4E5F4D6174657269616C5F6174747269625F6465
310
660401000000072439346138393966332D336133342D346631312D613039382D626662616231636236313034110D046C6F6F700CFFFFFFFF04FFFFFFFF0CFFFFFFFF0CA40000000CA50000000C3E000000110D06636F656467650CFFFFFFFF04FFFFFFFF0CFFFFFFFF0C7A0000000C7A0000000CA60000000CA70000000B0C
310
5900000004000000000CFFFFFFFF110E0D4154545249425F435553544F4D0D066174747269620CFFFFFFFF04FFFFFFFF0CFFFFFFFF0CFFFFFFFF0C5C000000071667656E657269635F7461675F6174747269625F6465660403000000040300000004FFFFFFFF071767656E657269635F7461675F6174747269625F64656620
310
040100000004020000000702363404000000000401000000042D0100000400000000110D04666163650CA800000004FFFFFFFF0CFFFFFFFF0CA90000000CAA0000000C060000000CFFFFFFFF0CAB0000000B0B110D046C6F6F700CFFFFFFFF04FFFFFFFF0CFFFFFFFF0CAC0000000CAD0000000C5C000000110E04636F6E65
310
0D07737572666163650CFFFFFFFF04FFFFFFFF0CFFFFFFFF13000080EEFFFF3D40F8FF4F0500405F4000000000000000001400000000000000000000000000000000000000000000F03F14100000000000F83F0000000000000000000000000000000006000000000000F03F0B0B06000000000000000006000000000000F0
310
BF06100000000000F83F0B0B0B0B0B110D046C6F6F700CFFFFFFFF04FFFFFFFF0CFFFFFFFF0CFFFFFFFF0CAE0000000C41000000110D06636F656467650CFFFFFFFF04FFFFFFFF0CFFFFFFFF0C800000000C800000000CAF0000000CB00000000A0C5D00000004000000000CFFFFFFFF110D06636F656467650CB100000004
310
FFFFFFFF0CFFFFFFFF0C810000000C810000000CB20000000CB30000000B0C5F00000004000000000CFFFFFFFF110D06636F656467650CFFFFFFFF04FFFFFFFF0CFFFFFFFF0C820000000C820000000C600000000C830000000B0CB400000004000000000CFFFFFFFF110D04656467650CFFFFFFFF04FFFFFFFF0CFFFFFFFF
310
0CB500000006182D4454FB2109C00CB500000006182D4454FB2109400C600000000CB60000000B0707756E6B6E6F776E110E0D4154545249425F435553544F4D0D066174747269620CFFFFFFFF04FFFFFFFF0CFFFFFFFF0CFFFFFFFF0C610000000711736B657463685F6174747269625F6465660401000000040100000004
310
03000000071632353720302034323934393637323935203020312031110D06636F656467650CB700000004FFFFFFFF0CFFFFFFFF0C850000000C850000000C610000000C860000000A0CB800000004000000000CFFFFFFFF110D04656467650CFFFFFFFF04FFFFFFFF0CFFFFFFFF0CB900000006182D4454FB2109C00CB900
310
000006182D4454FB2109400C610000000CBA0000000B0707756E6B6E6F776E110D046C6F6F700CFFFFFFFF04FFFFFFFF0CFFFFFFFF0C670000000C620000000C3E000000110D067665727465780CFFFFFFFF04FFFFFFFF0CFFFFFFFF0C6300000004000000000CBB000000110E07656C6C697073650D0563757276650CFFFF
310
FFFF04FFFFFFFF0CFFFFFFFF130000000000805140000000000020624000000000000010401400000000000000800000000000000080000000000000F0BF14100000000000F83F0000000000000000000000000000000006000000000000F03F0B0B110E0D4154545249425F435553544F4D0D066174747269620CFFFFFFFF
310
04FFFFFFFF0CFFFFFFFF0CFFFFFFFF0C650000000711736B657463685F6174747269625F646566040100000004010000000403000000071632363520302034323934393637323935203020312031110D046C6F6F700CFFFFFFFF04FFFFFFFF0CFFFFFFFF0C6B0000000C650000000C55000000110D067665727465780CFFFF
310
FFFF04FFFFFFFF0CFFFFFFFF0C6600000004000000000CBC000000110E07656C6C697073650D0563757276650CFFFFFFFF04FFFFFFFF0CFFFFFFFF130000000000003E40000000000020624000000000000000001400000000000000800000000000000080000000000000F0BF14100000000000F83F000000000000000000
310
0000000000000006000000000000F03F0B0B110D05706F696E740CFFFFFFFF04FFFFFFFF0CFFFFFFFF13FFFFFFFFFF7F3C4000000000002062400000000000001040110D05706F696E740CFFFFFFFF04FFFFFFFF0CFFFFFFFF13000060040020514000005005004055400000000000000000110E0D4154545249425F435553
310
544F4D0D066174747269620CFFFFFFFF04FFFFFFFF0CFFFFFFFF0CFFFFFFFF0C700000000711736B657463685F6174747269625F646566040100000004010000000403000000070D32353420302030203020312031110D06636F656467650CBD00000004FFFFFFFF0CFFFFFFFF0CBE0000000C700000000CBF0000000CC000
310
00000B0C5400000004000000000CFFFFFFFF110D06636F656467650CC100000004FFFFFFFF0CFFFFFFFF0C700000000CC20000000CC30000000CC40000000A0C5400000004000000000CFFFFFFFF110D06636F656467650CC500000004FFFFFFFF0CFFFFFFFF0C9E0000000C9D0000000C700000000C940000000B0C9F0000
310
0004000000000CFFFFFFFF110D04656467650CFFFFFFFF04FFFFFFFF0CFFFFFFFF0CC60000000600000000000000000CC700000006182D4454FB2109400C930000000CC80000000B0707756E6B6E6F776E110D046C6F6F700CFFFFFFFF04FFFFFFFF0CFFFFFFFF0CC90000000CCA0000000C55000000110D06636F65646765
310
0CCB00000004FFFFFFFF0CFFFFFFFF0C960000000C960000000CCC0000000CCD0000000A0C7200000004000000000CFFFFFFFF110D06636F656467650CFFFFFFFF04FFFFFFFF0CFFFFFFFF0CCE0000000C740000000CCF0000000CD00000000B0C3D00000004000000000CFFFFFFFF110D06636F656467650CFFFFFFFF04FF
310
FFFFFF0CFFFFFFFF0CD10000000CD20000000C740000000C990000000A0CD300000004000000000CFFFFFFFF110D04656467650CFFFFFFFF04FFFFFFFF0CFFFFFFFF0CA10000000600000000000000000CD40000000600000000000027400C980000000CD50000000B0707756E6B6E6F776E110D06636F656467650CFFFFFF
310
FF04FFFFFFFF0CFFFFFFFF0C750000000CD60000000CD70000000CD80000000B0C3D00000004000000000CFFFFFFFF110D06636F656467650CFFFFFFFF04FFFFFFFF0CFFFFFFFF0CD90000000CDA0000000C750000000C9C0000000A0CDB00000004000000000CFFFFFFFF110D04656467650CFFFFFFFF04FFFFFFFF0CFFFF
310
FFFF0CDC0000000600000000000027C00CA00000000600000000000000800C9B0000000CDD0000000B0707756E6B6E6F776E110D06636F656467650CFFFFFFFF04FFFFFFFF0CFFFFFFFF0C930000000C760000000CDA0000000CDE0000000A0C9F00000004000000000CFFFFFFFF110D06636F656467650CFFFFFFFF04FFFF
310
FFFF0CFFFFFFFF0C760000000C930000000CD10000000CDF0000000B0C9F00000004000000000CFFFFFFFF110D046C6F6F700CFFFFFFFF04FFFFFFFF0CFFFFFFFF0CFFFFFFFF0C930000000CE0000000110D067665727465780CFFFFFFFF04FFFFFFFF0CFFFFFFFF0CDE00000004010000000CE1000000110D067665727465
310
780CFFFFFFFF04FFFFFFFF0CFFFFFFFF0C9900000004000000000CE2000000110E07656C6C697073650D0563757276650CFFFFFFFF04FFFFFFFF0CFFFFFFFF130000000000004940000000000060684000000000000010401400000000000000000000000000000000000000000000F03F140000000000002EC00000000000
310
000000000000000000000006000000000000F03F0B0B110E0D4154545249425F435553544F4D0D066174747269620CFFFFFFFF04FFFFFFFF0CFFFFFFFF0C780000000C3E000000071667656E657269635F7461675F6174747269625F6465660403000000040300000004FFFFFFFF071767656E657269635F7461675F617474
310
7269625F646566200401000000040100000007013204000000000401000000042D0100000400000000110D046C6F6F700CFFFFFFFF04FFFFFFFF0CFFFFFFFF0CE30000000CE40000000C3E000000110D06636F656467650CFFFFFFFF04FFFFFFFF0CFFFFFFFF0CA50000000CA50000000CE50000000CE60000000B0C790000
310
0004000000000CFFFFFFFF110D06636F656467650CFFFFFFFF04FFFFFFFF0CFFFFFFFF0CA60000000CA60000000C7A0000000CA70000000A0CE700000004000000000CFFFFFFFF110D04656467650CFFFFFFFF04FFFFFFFF0CFFFFFFFF0CE800000006182D4454FB2109C00CE800000006182D4454FB2109400CA60000000C
310
E90000000B0707756E6B6E6F776E110E0D4154545249425F435553544F4D0D066174747269620CFFFFFFFF04FFFFFFFF0CFFFFFFFF0CFFFFFFFF0C7C000000071667656E657269635F7461675F6174747269625F6465660403000000040300000004FFFFFFFF071767656E657269635F7461675F6174747269625F64656620
310
040100000004020000000702363304000000000401000000042D0100000400000000110D04666163650CEA00000004FFFFFFFF0CFFFFFFFF0CEB0000000CEC0000000C060000000CFFFFFFFF0CED0000000B0B110D046C6F6F700CFFFFFFFF04FFFFFFFF0CFFFFFFFF0CFFFFFFFF0CEE0000000C7C000000110E05706C616E
310
650D07737572666163650CFFFFFFFF04FFFFFFFF0CFFFFFFFF1300000004000020C00000500700406D40000000000000000014000000000000F0BF0000000000000000000000000000000014000000000000000000000000000024C000000000000000000B0B0B0B0B110D046C6F6F700CFFFFFFFF04FFFFFFFF0CFFFFFFFF
310
0CFFFFFFFF0CEF0000000C5C000000110D06636F656467650CFFFFFFFF04FFFFFFFF0CFFFFFFFF0CAD0000000CAD0000000CF00000000CF10000000A0C7D00000004000000000CFFFFFFFF110D06636F656467650CF200000004FFFFFFFF0CFFFFFFFF0CAE0000000CAE0000000CF30000000CF40000000B0C7F0000000400
310
0000000CFFFFFFFF110D06636F656467650CFFFFFFFF04FFFFFFFF0CFFFFFFFF0CAF0000000CAF0000000C800000000CB00000000B0CF500000004000000000CFFFFFFFF110D04656467650CFFFFFFFF04FFFFFFFF0CFFFFFFFF0CF600000006182D4454FB2109C00CF600000006182D4454FB2109400C800000000CF70000
310
000B0707756E6B6E6F776E110E0D4154545249425F435553544F4D0D066174747269620CFFFFFFFF04FFFFFFFF0CFFFFFFFF0CFFFFFFFF0C810000000711736B657463685F6174747269625F646566040100000004010000000403000000071632343120302034323934393637323935203020312031110D06636F65646765
310
0CF800000004FFFFFFFF0CFFFFFFFF0CB20000000CB20000000C810000000CB30000000A0CF900000004000000000CFFFFFFFF110D04656467650CFFFFFFFF04FFFFFFFF0CFFFFFFFF0CFA00000006182D4454FB2109C00CFA00000006182D4454FB2109400C810000000CFB0000000B0707756E6B6E6F776E110D046C6F6F
310
700CFFFFFFFF04FFFFFFFF0CFFFFFFFF0C870000000C820000000C3E000000110D067665727465780CFFFFFFFF04FFFFFFFF0CFFFFFFFF0C8300000004000000000CFC000000110E07656C6C697073650D0563757276650CFFFFFFFF04FFFFFFFF0CFFFFFFFF130000000000605B400100000000806A400000000000001040
310
1400000000000000800000000000000080000000000000F0BF14100000000000F83F0000000000000000000000000000000006000000000000F03F0B0B110E0D4154545249425F435553544F4D0D066174747269620CFFFFFFFF04FFFFFFFF0CFFFFFFFF0CFFFFFFFF0C850000000711736B657463685F6174747269625F64
310
6566040100000004010000000403000000071632353720302034323934393637323935203020312031110D046C6F6F700CFFFFFFFF04FFFFFFFF0CFFFFFFFF0C8B0000000C850000000C55000000110D067665727465780CFFFFFFFF04FFFFFFFF0CFFFFFFFF0C8600000004000000000CFD000000110E07656C6C69707365
310
0D0563757276650CFFFFFFFF04FFFFFFFF0CFFFFFFFF130000000000805140000000000020624000000000000000001400000000000000800000000000000080000000000000F0BF14100000000000F83F0000000000000000000000000000000006000000000000F03F0B0B110D05706F696E740CFFFFFFFF04FFFFFFFF0C
310
FFFFFFFF13000000000020514000000000002062400000000000001040110D05706F696E740CFFFFFFFF04FFFFFFFF0CFFFFFFFF13FFFFFFFFFF7F3C4000000000002062400000000000000000110E0D4154545249425F435553544F4D0D066174747269620CFFFFFFFF04FFFFFFFF0CFFFFFFFF0CFFFFFFFF0C9100000007
310
11736B657463685F6174747269625F646566040100000004010000000403000000070D32343920302031203020312031110D06636F656467650CFE00000004FFFFFFFF0CFFFFFFFF0CFF0000000C910000000C000100000C010100000A0C5400000004000000000CFFFFFFFF110D06636F656467650C0201000004FFFFFFFF
310
0CFFFFFFFF0CDA0000000CD90000000C910000000CC00000000A0CDB00000004000000000CFFFFFFFF110D04656467650CFFFFFFFF04FFFFFFFF0CFFFFFFFF0CC60000000600000000000000000C030100000600000000000027400CBF0000000C040100000B0707756E6B6E6F776E110E0D4154545249425F435553544F4D
310
0D066174747269620CFFFFFFFF04FFFFFFFF0CFFFFFFFF0CFFFFFFFF0C920000000711736B657463685F6174747269625F646566040100000004010000000403000000070D32383720302030203020312031110D06636F656467650C0501000004FFFFFFFF0CFFFFFFFF0C920000000C060100000C070100000C080100000A
310
0C5400000004000000000CFFFFFFFF110D06636F656467650C0901000004FFFFFFFF0CFFFFFFFF0CD20000000CD10000000C920000000CC40000000B0CD300000004000000000CFFFFFFFF110D04656467650CFFFFFFFF04FFFFFFFF0CFFFFFFFF0CC70000000600000000000000000C0A0100000600000000000027400CC3
310
0000000C0B0100000B0707756E6B6E6F776E110E0D4154545249425F435553544F4D0D066174747269620CFFFFFFFF04FFFFFFFF0CFFFFFFFF0CFFFFFFFF0C930000000711736B657463685F6174747269625F646566040100000004010000000403000000070D32353420302030203020312031110D067665727465780CFF
310
FFFFFF04FFFFFFFF0CFFFFFFFF0CC000000004000000000C0C010000110D067665727465780CFFFFFFFF04FFFFFFFF0CFFFFFFFF0CC400000004000000000C0D010000110E07656C6C697073650D0563757276650CFFFFFFFF04FFFFFFFF0CFFFFFFFF13000000000000494000000000006068400000000000000000140000
310
0000000000000000000000000000000000000000F03F140000000000002EC00000000000000000000000000000000006000000000000F03F0A0600000000000000000A06182D4454FB210940110D046C6F6F700CFFFFFFFF04FFFFFFFF0CFFFFFFFF0C0E0100000C0F0100000C55000000110D06636F656467650C10010000
310
04FFFFFFFF0CFFFFFFFF0CCA0000000CCA0000000C110100000C120100000A0C9500000004000000000CFFFFFFFF110E0D4154545249425F435553544F4D0D066174747269620CFFFFFFFF04FFFFFFFF0CFFFFFFFF0CFFFFFFFF0C960000000711736B657463685F6174747269625F64656604010000000401000000040300
310
0000071632323620302034323934393637323935203020312031110D06636F656467650C1301000004FFFFFFFF0CFFFFFFFF0CCC0000000CCC0000000C960000000CCD0000000B0C1401000004000000000CFFFFFFFF110D04656467650CFFFFFFFF04FFFFFFFF0CFFFFFFFF0C1501000006182D4454FB2109C00C15010000
310
06182D4454FB2109400CCC0000000C160100000B0707756E6B6E6F776E110D06636F656467650CFFFFFFFF04FFFFFFFF0CFFFFFFFF0C170100000C970000000C180100000C190100000B0C3D00000004000000000CFFFFFFFF110D06636F656467650CFFFFFFFF04FFFFFFFF0CFFFFFFFF0C1A0100000C1B0100000C970000
310
000CD00000000A0C1C01000004000000000CFFFFFFFF110D04656467650CFFFFFFFF04FFFFFFFF0CFFFFFFFF0CD40000000600000000000000000C1D01000006000000000000F03F0CCF0000000C1E0100000B0707756E6B6E6F776E110D06636F656467650CFFFFFFFF04FFFFFFFF0CFFFFFFFF0CC30000000C980000000C
310
9E0000000CDF0000000A0CD300000004000000000CFFFFFFFF110D06636F656467650CFFFFFFFF04FFFFFFFF0CFFFFFFFF0C980000000CC30000000C1A0100000C1F0100000B0CD300000004000000000CFFFFFFFF110D046C6F6F700CFFFFFFFF04FFFFFFFF0CFFFFFFFF0CFFFFFFFF0CC30000000C20010000110D067665
310
727465780CFFFFFFFF04FFFFFFFF0CFFFFFFFF0CD000000004000000000C21010000110E0873747261696768740D0563757276650CFFFFFFFF04FFFFFFFF0CFFFFFFFF1300000000004050400000000000606840000000000000104014000000000000000000000000000024C000000000000000000B0B110D06636F656467
310
650CFFFFFFFF04FFFFFFFF0CFFFFFFFF0C9A0000000C220100000C230100000C240100000B0C3D00000004000000000CFFFFFFFF110D06636F656467650CFFFFFFFF04FFFFFFFF0CFFFFFFFF0C250100000C260100000C9A0000000CD80000000A0C2701000004000000000CFFFFFFFF110D04656467650CFFFFFFFF04FFFF
310
FFFF0CFFFFFFFF0C280100000600000000000000000CDC00000006000000000000F03F0CD70000000C290100000B0707756E6B6E6F776E110D06636F656467650CFFFFFFFF04FFFFFFFF0CFFFFFFFF0CBF0000000C9B0000000C260100000C2A0100000A0CDB00000004000000000CFFFFFFFF110D06636F656467650CFFFF
310
FFFF04FFFFFFFF0CFFFFFFFF0C9B0000000CBF0000000C9D0000000CDE0000000B0CDB00000004000000000CFFFFFFFF110D046C6F6F700CFFFFFFFF04FFFFFFFF0CFFFFFFFF0CFFFFFFFF0CBF0000000C2B010000110D067665727465780CFFFFFFFF04FFFFFFFF0CFFFFFFFF0C9C00000004000000000C2C010000110E08
310
73747261696768740D0563757276650CFFFFFFFF04FFFFFFFF0CFFFFFFFF13000000000080414000000000006068400000000000001040140000000000000000000000000000244000000000000000000B0B110D04656467650CFFFFFFFF04FFFFFFFF0CFFFFFFFF0CC60000000600000000000000000CA0000000069A9999
310
999999D93F0C9D0000000C2D0100000B07056B6E696665110D04656467650CFFFFFFFF04FFFFFFFF0CFFFFFFFF0CC70000000600000000000000000CA1000000069A9999999999D93F0C9E0000000C2E0100000B07056B6E696665110D04666163650C2F01000004FFFFFFFF0CFFFFFFFF0C3E0000000C9F0000000C060000
310
000CFFFFFFFF0C300100000B0B110D05706F696E740CFFFFFFFF04FFFFFFFF0CFFFFFFFF13000000000080414000000000006068400000000000001040110D05706F696E740CFFFFFFFF04FFFFFFFF0CFFFFFFFF13000000000040504000000000006068400000000000001040110D046C6F6F700CFFFFFFFF04FFFFFFFF0C
310
FFFFFFFF0C310100000C320100000C3E000000110D06636F656467650CFFFFFFFF04FFFFFFFF0CFFFFFFFF0CE40000000CE40000000C330100000C340100000B0CA400000004000000000CFFFFFFFF110D06636F656467650CFFFFFFFF04FFFFFFFF0CFFFFFFFF0CE50000000CE50000000CA50000000CE60000000A0C3501
310
000004000000000CFFFFFFFF110D04656467650CFFFFFFFF04FFFFFFFF0CFFFFFFFF0C3601000006182D4454FB2109C00C3601000006182D4454FB2109400CE50000000C370100000B0707756E6B6E6F776E110D046C6F6F700CFFFFFFFF04FFFFFFFF0CFFFFFFFF0C140100000CA60000000C38010000110D067665727465
310
780CFFFFFFFF04FFFFFFFF0CFFFFFFFF0CA700000004000000000C39010000110E07656C6C697073650D0563757276650CFFFFFFFF04FFFFFFFF0CFFFFFFFF130000600500C044400000F80500B0674000000000000010401400000000000000800000000000000080000000000000F0BF14100000000000F83F0000000000
310
000000000000000000000006000000000000F03F0B0B110E0D4154545249425F435553544F4D0D066174747269620CFFFFFFFF04FFFFFFFF0CFFFFFFFF0CFFFFFFFF0CA9000000071667656E657269635F7461675F6174747269625F6465660403000000040300000004FFFFFFFF071767656E657269635F7461675F617474
310
7269625F64656620040100000004020000000702363204000000000401000000042D0100000400000000110D04666163650C3A01000004FFFFFFFF0CFFFFFFFF0C3B0100000C3C0100000C060000000CFFFFFFFF0C3D0100000B0B110D046C6F6F700CFFFFFFFF04FFFFFFFF0CFFFFFFFF0CFFFFFFFF0C3E0100000CA90000
310
00110E04636F6E650D07737572666163650CFFFFFFFF04FFFFFFFF0CFFFFFFFF13FCFFFFFFFFFF22C00000000000406D4000000000000000001400000000000000000000000000000000000000000000F03F141F0000000000F83F0000000000000000000000000000000006000000000000F03F0B0B060000000000000000
310
06000000000000F0BF061F0000000000F83F0B0B0B0B0B110D06636F656467650C3F01000004FFFFFFFF0CFFFFFFFF0C400100000C410100000C420100000C430100000B0CAA00000004000000000CFFFFFFFF110D06636F656467650C4401000004FFFFFFFF0CFFFFFFFF0CEF0000000CEF0000000C450100000C46010000
310
0B0CAC00000004000000000CFFFFFFFF110D06636F656467650CFFFFFFFF04FFFFFFFF0CFFFFFFFF0CF00000000CF00000000CAD0000000CF10000000B0C4701000004000000000CFFFFFFFF110D04656467650CFFFFFFFF04FFFFFFFF0CFFFFFFFF0C4801000006182D4454FB2109C00C4801000006182D4454FB2109400C
310
AD0000000C490100000B0707756E6B6E6F776E110E0D4154545249425F435553544F4D0D066174747269620CFFFFFFFF04FFFFFFFF0CFFFFFFFF0CFFFFFFFF0CAE0000000711736B657463685F6174747269625F64656604010000000401000000040300000007163233372030203432393439363732393520302031203111
310
0D06636F656467650C4A01000004FFFFFFFF0CFFFFFFFF0CF30000000CF30000000CAE0000000CF40000000A0C4B01000004000000000CFFFFFFFF110D04656467650CFFFFFFFF04FFFFFFFF0CFFFFFFFF0C4C01000006182D4454FB2109C00C4C01000006182D4454FB2109400CAE0000000C4D0100000B0707756E6B6E6F
310
776E110D046C6F6F700CFFFFFFFF04FFFFFFFF0CFFFFFFFF0CB40000000CAF0000000C3E000000110D067665727465780CFFFFFFFF04FFFFFFFF0CFFFFFFFF0CB000000004000000000C4E010000110E07656C6C697073650D0563757276650CFFFFFFFF04FFFFFFFF0CFFFFFFFF13000080EEFFFF3D40FFFF4F0500C05C40
310
00000000000010401400000000000000800000000000000080000000000000F0BF14100000000000F83F0000000000000000000000000000000006000000000000F03F0B0B110E0D4154545249425F435553544F4D0D066174747269620CFFFFFFFF04FFFFFFFF0CFFFFFFFF0CFFFFFFFF0CB20000000711736B657463685F
310
6174747269625F646566040100000004010000000403000000071632343120302034323934393637323935203020312031110D046C6F6F700CFFFFFFFF04FFFFFFFF0CFFFFFFFF0CB80000000CB20000000C55000000110D067665727465780CFFFFFFFF04FFFFFFFF0CFFFFFFFF0CB300000004000000000C4F010000110E
310
07656C6C697073650D0563757276650CFFFFFFFF04FFFFFFFF0CFFFFFFFF130000000000605B400100000000806A4000000000000000001400000000000000800000000000000080000000000000F0BF14100000000000F83F0000000000000000000000000000000006000000000000F03F0B0B110D05706F696E740CFFFF
310
FFFF04FFFFFFFF0CFFFFFFFF13FFFFFFFFFFFF5A400100000000806A400000000000001040110D05706F696E740CFFFFFFFF04FFFFFFFF0CFFFFFFFF13000000000020514000000000002062400000000000000000110E0D4154545249425F435553544F4D0D066174747269620CFFFFFFFF04FFFFFFFF0CFFFFFFFF0CFFFF
310
FFFF0CBE0000000711736B657463685F6174747269625F646566040100000004010000000403000000070D32383020302030203020312031110D06636F656467650C5001000004FFFFFFFF0CFFFFFFFF0C510100000CBE0000000C520100000C530100000A0C5400000004000000000CFFFFFFFF110D06636F656467650C54
310
01000004FFFFFFFF0CFFFFFFFF0C260100000C250100000CBE0000000C010100000B0C2701000004000000000CFFFFFFFF110D04656467650CFFFFFFFF04FFFFFFFF0CFFFFFFFF0C550100000600000000000000000C0301000006000000000000F03F0C000100000C560100000B0707756E6B6E6F776E110E0D4154545249
310
425F435553544F4D0D066174747269620CFFFFFFFF04FFFFFFFF0CFFFFFFFF0CFFFFFFFF0CBF0000000711736B657463685F6174747269625F646566040100000004010000000403000000070D32343920302031203020312031110D067665727465780CFFFFFFFF04FFFFFFFF0CFFFFFFFF0CC000000004010000000C5701
310
0000110E0873747261696768740D0563757276650CFFFFFFFF04FFFFFFFF0CFFFFFFFF1300000000008041400000000000606840000000000000000014000000000000000000000000000024C000000000000000000A0600000000000000000A060000000000002740110E0D4154545249425F435553544F4D0D0661747472
310
69620CFFFFFFFF04FFFFFFFF0CFFFFFFFF0CFFFFFFFF0CC20000000711736B657463685F6174747269625F646566040100000004010000000403000000070D32393320302030203020312031110D06636F656467650C5801000004FFFFFFFF0CFFFFFFFF0CC20000000C590100000C5A0100000C5B0100000B0C5400000004
310
000000000CFFFFFFFF110D06636F656467650C5C01000004FFFFFFFF0CFFFFFFFF0C1B0100000C1A0100000CC20000000C080100000B0C1C01000004000000000CFFFFFFFF110D04656467650CFFFFFFFF04FFFFFFFF0CFFFFFFFF0C0A0100000600000000000000000C5D01000006000000000000F03F0C070100000C5E01
310
00000B0707756E6B6E6F776E110E0D4154545249425F435553544F4D0D066174747269620CFFFFFFFF04FFFFFFFF0CFFFFFFFF0CFFFFFFFF0CC30000000711736B657463685F6174747269625F646566040100000004010000000403000000070D32383720302030203020312031110D067665727465780CFFFFFFFF04FFFF
310
FFFF0CFFFFFFFF0C0801000004000000000C5F010000110E0873747261696768740D0563757276650CFFFFFFFF04FFFFFFFF0CFFFFFFFF1300000000004050400000000000606840000000000000000014000000000000000000000000000024C000000000000000000A0600000000000000000A060000000000002740110D
310
05706F696E740CFFFFFFFF04FFFFFFFF0CFFFFFFFF13000000000080414000000000006068400000000000000000110D05706F696E740CFFFFFFFF04FFFFFFFF0CFFFFFFFF13000000000040504000000000006068400000000000000000110D046C6F6F700CFFFFFFFF04FFFFFFFF0CFFFFFFFF0C600100000C610100000C
310
55000000110D06636F656467650C6201000004FFFFFFFF0CFFFFFFFF0C0F0100000C0F0100000C630100000C640100000A0CC900000004000000000CFFFFFFFF110E0D4154545249425F435553544F4D0D066174747269620CFFFFFFFF04FFFFFFFF0CFFFFFFFF0CFFFFFFFF0CCA0000000711736B657463685F6174747269
310
625F646566040100000004010000000403000000071632393020302034323934393637323935203020312031110D06636F656467650C6501000004FFFFFFFF0CFFFFFFFF0C110100000C110100000CCA0000000C120100000B0C6601000004000000000CFFFFFFFF110D04656467650CFFFFFFFF04FFFFFFFF0CFFFFFFFF0C
310
6701000006182D4454FB2109C00C6701000006182D4454FB2109400C110100000C680100000B0707756E6B6E6F776E110E0D4154545249425F435553544F4D0D066174747269620CFFFFFFFF04FFFFFFFF0CFFFFFFFF0CFFFFFFFF0CCC0000000711736B657463685F6174747269625F646566040100000004010000000403
310
000000071632323620302034323934393637323935203020312031110D046C6F6F700CFFFFFFFF04FFFFFFFF0CFFFFFFFF0CFFFFFFFF0CCC0000000C38010000110D067665727465780CFFFFFFFF04FFFFFFFF0CFFFFFFFF0CCD00000004000000000C69010000110E07656C6C697073650D0563757276650CFFFFFFFF04FF
310
FFFFFF0CFFFFFFFF130000600500C044400000F80500B0674000000000000000001400000000000000800000000000000080000000000000F0BF14100000000000F83F0000000000000000000000000000000006000000000000F03F0B0B110D06636F656467650CFFFFFFFF04FFFFFFFF0CFFFFFFFF0C6A0100000CCE0000
310
000C6B0100000C6C0100000B0C3D00000004000000000CFFFFFFFF110D06636F656467650CFFFFFFFF04FFFFFFFF0CFFFFFFFF0C6D0100000C6E0100000CCE0000000C190100000A0C6F01000004000000000CFFFFFFFF110D04656467650CFFFFFFFF04FFFFFFFF0CFFFFFFFF0C1D010000063433333333B329C00C700100
310
000600000000000000800C180100000C710100000B0707756E6B6E6F776E110D06636F656467650CFFFFFFFF04FFFFFFFF0CFFFFFFFF0C070100000CCF0000000CD20000000C1F0100000A0C1C01000004000000000CFFFFFFFF110D06636F656467650CFFFFFFFF04FFFFFFFF0CFFFFFFFF0CCF0000000C070100000C6D01
310
00000C720100000B0C1C01000004000000000CFFFFFFFF110D046C6F6F700CFFFFFFFF04FFFFFFFF0CFFFFFFFF0CFFFFFFFF0C070100000C73010000110D067665727465780CFFFFFFFF04FFFFFFFF0CFFFFFFFF0C1901000004000000000C74010000110E0873747261696768740D0563757276650CFFFFFFFF04FFFFFFFF
310
0CFFFFFFFF13000000000040504000000000000054400000000000001040140000000000002440000000000000000000000000000000000B0B110D04656467650CFFFFFFFF04FFFFFFFF0CFFFFFFFF0C0A0100000600000000000000000CD4000000069A9999999999D93F0CD20000000C750100000B0707756E6B6E6F776E
310
110D04666163650C7601000004FFFFFFFF0CFFFFFFFF0CE00000000CD30000000C060000000CFFFFFFFF0C770100000B0B110D05706F696E740CFFFFFFFF04FFFFFFFF0CFFFFFFFF13000000000040504000000000000054400000000000001040110D06636F656467650CFFFFFFFF04FFFFFFFF0CFFFFFFFF0CD60000000C
310
780100000C790100000C7A0100000B0C3D00000004000000000CFFFFFFFF110D06636F656467650CFFFFFFFF04FFFFFFFF0CFFFFFFFF0C7B0100000C7C0100000CD60000000C240100000A0C7D01000004000000000CFFFFFFFF110D04656467650CFFFFFFFF04FFFFFFFF0CFFFFFFFF0C7E0100000600000000000000000C
310
28010000063433333333B329400C230100000C7F0100000B0707756E6B6E6F776E110D06636F656467650CFFFFFFFF04FFFFFFFF0CFFFFFFFF0C000100000CD70000000C7C0100000C800100000A0C2701000004000000000CFFFFFFFF110D06636F656467650CFFFFFFFF04FFFFFFFF0CFFFFFFFF0CD70000000C00010000
310
0CD90000000C2A0100000B0C2701000004000000000CFFFFFFFF110D046C6F6F700CFFFFFFFF04FFFFFFFF0CFFFFFFFF0CFFFFFFFF0C000100000C81010000110D067665727465780CFFFFFFFF04FFFFFFFF0CFFFFFFFF0CD800000004000000000C82010000110E0873747261696768740D0563757276650CFFFFFFFF04FF
310
FFFFFF0CFFFFFFFF13000000000000394000000000000054400000000000001040140000000000002440000000000000000000000000000000000B0B110D04656467650CFFFFFFFF04FFFFFFFF0CFFFFFFFF0C030100000600000000000000000CDC000000069A9999999999D93F0C260100000C830100000B0707756E6B6E
310
6F776E110D04666163650C8401000004FFFFFFFF0CFFFFFFFF0C810100000CDB0000000C060000000CFFFFFFFF0C850100000B0B110D05706F696E740CFFFFFFFF04FFFFFFFF0CFFFFFFFF13000000000080414000000000000054400000000000001040110E0873747261696768740D0563757276650CFFFFFFFF04FFFFFF
310
FF0CFFFFFFFF13000000000080414000000000006068400000000000000000140000000000000000000000000000000000000000000024400B0B110E0873747261696768740D0563757276650CFFFFFFFF04FFFFFFFF0CFFFFFFFF130000000000405040000000000060684000000000000000001400000000000000000000
310
00000000000000000000000024400B0B110E0D4154545249425F435553544F4D0D066174747269620CFFFFFFFF04FFFFFFFF0CFFFFFFFF0CFFFFFFFF0CE0000000071667656E657269635F7461675F6174747269625F6465660403000000040300000004FFFFFFFF071767656E657269635F7461675F6174747269625F6465
310
6620040100000004020000000702333304000000000401000000042D0100000400000000110E04636F6E650D07737572666163650CFFFFFFFF04FFFFFFFF0CFFFFFFFF130000000000004940000000000060684000000000000000001400000000000000000000000000000000000000000000F03F140000000000002EC000
310
00000000000000000000000000000006000000000000F03F0B0B06000000000000000006000000000000F03F060000000000002E400B0B0B0B0B110D046C6F6F700CFFFFFFFF04FFFFFFFF0CFFFFFFFF0C860100000C870100000C3E000000110D06636F656467650CFFFFFFFF04FFFFFFFF0CFFFFFFFF0C320100000C3201
310
00000C880100000C890100000B0CE300000004000000000CFFFFFFFF110D06636F656467650CFFFFFFFF04FFFFFFFF0CFFFFFFFF0C330100000C330100000CE40000000C340100000A0C8A01000004000000000CFFFFFFFF110D04656467650CFFFFFFFF04FFFFFFFF0CFFFFFFFF0C8B01000006182D4454FB2109C00C8B01
310
000006182D4454FB2109400C330100000C8C0100000B0707756E6B6E6F776E110D046C6F6F700CFFFFFFFF04FFFFFFFF0CFFFFFFFF0C660100000CE50000000C8D010000110D067665727465780CFFFFFFFF04FFFFFFFF0CFFFFFFFF0CE600000004000000000C8E010000110E07656C6C697073650D0563757276650CFFFF
310
FFFF04FFFFFFFF0CFFFFFFFF1300006004008051400000500500405A4000000000000010401400000000000000800000000000000080000000000000F0BF14100000000000F83F0000000000000000000000000000000006000000000000F03F0B0B110D04666163650C8F01000004FFFFFFFF0CFFFFFFFF0C2B0100000CE7
310
0000000C060000000CFFFFFFFF0C900100000B0B110D05706F696E740CFFFFFFFF04FFFFFFFF0CFFFFFFFF13FFFF5F05000044400000F80500B067400000000000001040110E0D4154545249425F435553544F4D0D066174747269620CFFFFFFFF04FFFFFFFF0CFFFFFFFF0CFFFFFFFF0CEB000000071667656E657269635F
310
7461675F6174747269625F6465660403000000040300000004FFFFFFFF071767656E657269635F7461675F6174747269625F64656620040100000004020000000702363104000000000401000000042D0100000400000000110D04666163650C9101000004FFFFFFFF0CFFFFFFFF0C920100000C930100000C060000000CFF
310
FFFFFF0C940100000B0B110D046C6F6F700CFFFFFFFF04FFFFFFFF0CFFFFFFFF0C950100000C960100000CEB000000110E04636F6E650D07737572666163650CFFFFFFFF04FFFFFFFF0CFFFFFFFF130000000000605B400000000000406D4000000000000000001400000000000000000000000000000000000000000000F0
310
3F14100000000000F83F0000000000000000000000000000000006000000000000F03F0B0B06000000000000000006000000000000F0BF06100000000000F83F0B0B0B0B0B110D06636F656467650C9701000004FFFFFFFF0CFFFFFFFF0C980100000C990100000C9A0100000C9B0100000B0CEC00000004000000000CFFFF
310
FFFF110E0D4154545249425F435553544F4D0D066174747269620CFFFFFFFF04FFFFFFFF0C9C0100000CFFFFFFFF0CEE0000000711736B657463685F6174747269625F646566040100000004010000000403000000071632343820302034323934393637323935203020312032110D06636F656467650CFFFFFFFF04FFFFFF
310
FF0CFFFFFFFF0C9D0100000CEE0000000C990100000C9E0100000B0CAA00000004000000000CFFFFFFFF110D06636F656467650CFFFFFFFF04FFFFFFFF0CFFFFFFFF0CEE0000000C9D0100000C980100000C9F0100000A0CAA00000004000000000CFFFFFFFF110D06636F656467650CA001000004FFFFFFFF0CFFFFFFFF0C
310
9A0100000C9A0100000CEE0000000C430100000A0CA101000004000000000CFFFFFFFF110D04656467650CFFFFFFFF04FFFFFFFF0CFFFFFFFF0CA20100000600000000000000000CA301000006000090CE49890F3F0CEE0000000CA40100000B0707756E6B6E6F776E110E0D4154545249425F435553544F4D0D0661747472
310
69620CFFFFFFFF04FFFFFFFF0CFFFFFFFF0CFFFFFFFF0CEF0000000711736B657463685F6174747269625F646566040100000004010000000403000000071632393220302034323934393637323935203020312031110D06636F656467650CA501000004FFFFFFFF0CFFFFFFFF0C450100000C450100000CEF0000000C4601
310
00000A0CA601000004000000000CFFFFFFFF110D04656467650CFFFFFFFF04FFFFFFFF0CFFFFFFFF0CA701000006182D4454FB2109C00CA701000006182D4454FB2109400CEF0000000CA80100000B0707756E6B6E6F776E110D046C6F6F700CFFFFFFFF04FFFFFFFF0CFFFFFFFF0CF50000000CF00000000C3E000000110D
310
067665727465780CFFFFFFFF04FFFFFFFF0CFFFFFFFF0CF100000004000000000CA9010000110E07656C6C697073650D0563757276650CFFFFFFFF04FFFFFFFF0CFFFFFFFF13000080EEFFFF3D40F8FF4F0500405F4000000000000010401400000000000000800000000000000080000000000000F0BF14100000000000F8
310
3F0000000000000000000000000000000006000000000000F03F0B0B110E0D4154545249425F435553544F4D0D066174747269620CFFFFFFFF04FFFFFFFF0CFFFFFFFF0CFFFFFFFF0CF30000000711736B657463685F6174747269625F64656604010000000401000000040300000007163233372030203432393439363732
310
3935203020312031110D046C6F6F700CFFFFFFFF04FFFFFFFF0CFFFFFFFF0CF90000000CF30000000C55000000110D067665727465780CFFFFFFFF04FFFFFFFF0CFFFFFFFF0CF400000004000000000CAA010000110E07656C6C697073650D0563757276650CFFFFFFFF04FFFFFFFF0CFFFFFFFF13000080EEFFFF3D40FFFF
310
4F0500C05C4000000000000000001400000000000000800000000000000080000000000000F0BF14100000000000F83F0000000000000000000000000000000006000000000000F03F0B0B110D05706F696E740CFFFFFFFF04FFFFFFFF0CFFFFFFFF13FFFF7FEEFF7F3C40FFFF4F0500C05C400000000000001040110D0570
310
6F696E740CFFFFFFFF04FFFFFFFF0CFFFFFFFF13FFFFFFFFFFFF5A400100000000806A400000000000000000110E0D4154545249425F435553544F4D0D066174747269620CFFFFFFFF04FFFFFFFF0CFFFFFFFF0CFFFFFFFF0CFF0000000711736B657463685F6174747269625F646566040100000004010000000403000000
310
070D32343620302030203020312031110D06636F656467650CAB01000004FFFFFFFF0CFFFFFFFF0CAC0100000CFF0000000CAD0100000CAE0100000B0C5400000004000000000CFFFFFFFF110D06636F656467650CAF01000004FFFFFFFF0CFFFFFFFF0C7C0100000C7B0100000CFF0000000C530100000B0C7D0100000400
310
0000000CFFFFFFFF110D04656467650CFFFFFFFF04FFFFFFFF0CFFFFFFFF0CB00100000600000000000000000C55010000063433333333B329400C520100000CB10100000B0707756E6B6E6F776E110E0D4154545249425F435553544F4D0D066174747269620CFFFFFFFF04FFFFFFFF0CFFFFFFFF0CFFFFFFFF0C00010000
310
0711736B657463685F6174747269625F646566040100000004010000000403000000070D32383020302030203020312031110D067665727465780CFFFFFFFF04FFFFFFFF0CFFFFFFFF0C0101000004000000000CB2010000110E0873747261696768740D0563757276650CFFFFFFFF04FFFFFFFF0CFFFFFFFF130000000000
310
00394000000000000054400000000000000000140000000000002440000000000000000000000000000000000A0600000000000000000A06000000000000F03F110D05706F696E740CFFFFFFFF04FFFFFFFF0CFFFFFFFF13000000000080414000000000000054400000000000000000110E0D4154545249425F435553544F
310
4D0D066174747269620CFFFFFFFF04FFFFFFFF0CFFFFFFFF0CFFFFFFFF0C060100000711736B657463685F6174747269625F646566040100000004010000000403000000070D32363120302031203020312031110D06636F656467650CB301000004FFFFFFFF0CFFFFFFFF0C060100000CB40100000CB50100000CB6010000
310
0B0C5400000004000000000CFFFFFFFF110D06636F656467650CB701000004FFFFFFFF0CFFFFFFFF0C6E0100000C6D0100000C060100000C5B0100000A0C6F01000004000000000CFFFFFFFF110D04656467650CFFFFFFFF04FFFFFFFF0CFFFFFFFF0CB80100000600000000000000000C5D010000063433333333B329400C
310
5A0100000CB90100000B0707756E6B6E6F776E110E0D4154545249425F435553544F4D0D066174747269620CFFFFFFFF04FFFFFFFF0CFFFFFFFF0CFFFFFFFF0C070100000711736B657463685F6174747269625F646566040100000004010000000403000000070D32393320302030203020312031110D067665727465780C
310
FFFFFFFF04FFFFFFFF0CFFFFFFFF0C5B01000004010000000CBA010000110E0873747261696768740D0563757276650CFFFFFFFF04FFFFFFFF0CFFFFFFFF13000000000040504000000000000054400000000000000000140000000000002440000000000000000000000000000000000A0600000000000000000A06000000
310
000000F03F110D05706F696E740CFFFFFFFF04FFFFFFFF0CFFFFFFFF13000000000040504000000000000054400000000000000000110D046C6F6F700CFFFFFFFF04FFFFFFFF0CFFFFFFFF0CBB0100000CBC0100000C55000000110D06636F656467650CBD01000004FFFFFFFF0CFFFFFFFF0C610100000C610100000CBE01
310
00000CBF0100000A0C0E01000004000000000CFFFFFFFF110E0D4154545249425F435553544F4D0D066174747269620CFFFFFFFF04FFFFFFFF0CFFFFFFFF0CFFFFFFFF0C0F0100000711736B657463685F6174747269625F646566040100000004010000000403000000071632393120302034323934393637323935203020
310
312031110D06636F656467650CC001000004FFFFFFFF0CFFFFFFFF0C630100000C630100000C0F0100000C640100000B0CC101000004000000000CFFFFFFFF110D04656467650CFFFFFFFF04FFFFFFFF0CFFFFFFFF0CC201000006182D4454FB2109C00CC201000006182D4454FB2109400C630100000CC30100000B070775
310
6E6B6E6F776E110E0D4154545249425F435553544F4D0D066174747269620CFFFFFFFF04FFFFFFFF0CFFFFFFFF0CFFFFFFFF0C110100000711736B657463685F6174747269625F646566040100000004010000000403000000071632393020302034323934393637323935203020312031110D046C6F6F700CFFFFFFFF04FF
310
FFFFFF0CFFFFFFFF0CFFFFFFFF0C110100000C8D010000110D067665727465780CFFFFFFFF04FFFFFFFF0CFFFFFFFF0C1201000004000000000CC4010000110E07656C6C697073650D0563757276650CFFFFFFFF04FFFFFFFF0CFFFFFFFF1300006004008051400000500500405A4000000000000000001400000000000000
310
800000000000000080000000000000F0BF14100000000000F83F0000000000000000000000000000000006000000000000F03F0B0B110D05706F696E740CFFFFFFFF04FFFFFFFF0CFFFFFFFF13FFFF5F05000044400000F80500B067400000000000000000110D06636F656467650CFFFFFFFF04FFFFFFFF0CFFFFFFFF0CC5
310
0100000C170100000CC60100000CC70100000B0C3D00000004000000000CFFFFFFFF110D06636F656467650CFFFFFFFF04FFFFFFFF0CFFFFFFFF0CC80100000CC90100000C170100000C6C0100000A0CCA01000004000000000CFFFFFFFF110D04656467650CFFFFFFFF04FFFFFFFF0CFFFFFFFF0C70010000069899999999
310
990BC00CCB0100000600000000000000800C6B0100000CCC0100000B0707756E6B6E6F776E110D06636F656467650CFFFFFFFF04FFFFFFFF0CFFFFFFFF0C5A0100000C180100000C1B0100000C720100000A0C6F01000004000000000CFFFFFFFF110D06636F656467650CFFFFFFFF04FFFFFFFF0CFFFFFFFF0C180100000C
310
5A0100000CC80100000CCD0100000B0C6F01000004000000000CFFFFFFFF110D046C6F6F700CFFFFFFFF04FFFFFFFF0CFFFFFFFF0CFFFFFFFF0C5A0100000CCE010000110D067665727465780CFFFFFFFF04FFFFFFFF0CFFFFFFFF0C6C01000004000000000CCF010000110E0873747261696768740D0563757276650CFFFF
310
FFFF04FFFFFFFF0CFFFFFFFF130000000000C052400000000000106A400000000000001040140000000000000000000000000000244000000000000000000B0B110D04656467650CFFFFFFFF04FFFFFFFF0CFFFFFFFF0C5D0100000600000000000000000C1D010000069A9999999999D93F0C1B0100000CD00100000B0707
310
756E6B6E6F776E110D04666163650CD101000004FFFFFFFF0CFFFFFFFF0C200100000C1C0100000C060000000CFFFFFFFF0CD20100000B0B110D05706F696E740CFFFFFFFF04FFFFFFFF0CFFFFFFFF130000000000C0524000000000000054400000000000001040110E0873747261696768740D0563757276650CFFFFFFFF
310
04FFFFFFFF0CFFFFFFFF13000000000040504000000000000054400000000000000000140000000000000000000000000000000000000000000024400B0B110E0D4154545249425F435553544F4D0D066174747269620CFFFFFFFF04FFFFFFFF0CFFFFFFFF0CFFFFFFFF0C20010000071667656E657269635F7461675F6174
310
747269625F6465660403000000040300000004FFFFFFFF071767656E657269635F7461675F6174747269625F64656620040100000004020000000702333404000000000401000000042D0100000400000000110E05706C616E650D07737572666163650CFFFFFFFF04FFFFFFFF0CFFFFFFFF13000000000040504000000000
310
00606840000000000000000014000000000000F0BF0000000000000000000000000000000014000000000000000000000000000024C000000000000000000B0B0B0B0B110D06636F656467650CFFFFFFFF04FFFFFFFF0CFFFFFFFF0C220100000CD30100000CD40100000CD50100000B0C3D00000004000000000CFFFFFFFF
310
110D06636F656467650CFFFFFFFF04FFFFFFFF0CFFFFFFFF0CD60100000CD70100000C220100000C7A0100000A0CD801000004000000000CFFFFFFFF110D04656467650CFFFFFFFF04FFFFFFFF0CFFFFFFFF0CD9010000069899999999990BC00C7E0100000600000000000000800C790100000CDA0100000B0707756E6B6E
310
6F776E110D06636F656467650CFFFFFFFF04FFFFFFFF0CFFFFFFFF0C520100000C230100000CD70100000CDB0100000A0C7D01000004000000000CFFFFFFFF110D06636F656467650CFFFFFFFF04FFFFFFFF0CFFFFFFFF0C230100000C520100000C250100000C800100000B0C7D01000004000000000CFFFFFFFF110D046C
310
6F6F700CFFFFFFFF04FFFFFFFF0CFFFFFFFF0CFFFFFFFF0C520100000CDC010000110D067665727465780CFFFFFFFF04FFFFFFFF0CFFFFFFFF0C2401000004000000000CDD010000110E0873747261696768740D0563757276650CFFFFFFFF04FFFFFFFF0CFFFFFFFF1300000000000039400000000000106A400000000000
310
00104014000000000000000000000000000024C000000000000000000B0B110D04656467650CFFFFFFFF04FFFFFFFF0CFFFFFFFF0C550100000600000000000000000C28010000069A9999999999D93F0C7C0100000CDE0100000B0707756E6B6E6F776E110D04666163650CDF01000004FFFFFFFF0CFFFFFFFF0CDC010000
310
0C270100000C060000000CFFFFFFFF0CE00100000B0B110D05706F696E740CFFFFFFFF04FFFFFFFF0CFFFFFFFF13000000000000394000000000000054400000000000001040110E0873747261696768740D0563757276650CFFFFFFFF04FFFFFFFF0CFFFFFFFF130000000000804140000000000000544000000000000000
310
00140000000000000000000000000000000000000000000024400B0B110E0D4154545249425F435553544F4D0D066174747269620CFFFFFFFF04FFFFFFFF0CFFFFFFFF0CFFFFFFFF0C2B010000071667656E657269635F7461675F6174747269625F6465660403000000040300000004FFFFFFFF071767656E657269635F74
310
61675F6174747269625F64656620040100000004020000000702353004000000000401000000042D0100000400000000110E05706C616E650D07737572666163650CFFFFFFFF04FFFFFFFF0CFFFFFFFF1300000000008041400000000000005440000000000000000014000000000000F03F00000000000000000000000000
310
000000140000000000000000000000000000244000000000000000000B0B0B0B0B110D046C6F6F700CFFFFFFFF04FFFFFFFF0CFFFFFFFF0CE10100000CE20100000C3E000000110D06636F656467650CFFFFFFFF04FFFFFFFF0CFFFFFFFF0C870100000C870100000CE30100000CE40100000B0C3101000004000000000CFF
310
FFFFFF110D06636F656467650CFFFFFFFF04FFFFFFFF0CFFFFFFFF0C880100000C880100000C320100000C890100000A0CE501000004000000000CFFFFFFFF110D04656467650CFFFFFFFF04FFFFFFFF0CFFFFFFFF0CE601000006182D4454FB2109C00CE601000006182D4454FB2109400C880100000CE70100000B070775
310
6E6B6E6F776E110D046C6F6F700CFFFFFFFF04FFFFFFFF0CFFFFFFFF0CC10100000C330100000CE8010000110D067665727465780CFFFFFFFF04FFFFFFFF0CFFFFFFFF0C3401000004000000000CE9010000110E07656C6C697073650D0563757276650CFFFFFFFF04FFFFFFFF0CFFFFFFFF130000600400805140F8FF4F05
310
00405F4000000000000010401400000000000000800000000000000080000000000000F0BF14100000000000F83F0000000000000000000000000000000006000000000000F03F0B0B110D04666163650CEA01000004FFFFFFFF0CFFFFFFFF0C380100000C350100000C060000000CFFFFFFFF0CEB0100000B0B110D05706F
310
696E740CFFFFFFFF04FFFFFFFF0CFFFFFFFF1300006004002051400000500500405A400000000000001040110E0D4154545249425F435553544F4D0D066174747269620CFFFFFFFF04FFFFFFFF0CFFFFFFFF0CFFFFFFFF0C38010000071667656E657269635F7461675F6174747269625F6465660403000000040300000004
310
FFFFFFFF071767656E657269635F7461675F6174747269625F64656620040100000004020000000702353104000000000401000000042D0100000400000000110E04636F6E650D07737572666163650CFFFFFFFF04FFFFFFFF0CFFFFFFFF130000600500C044400000F80500B0674000000000000000001400000000000000
310
000000000000000000000000000000F03F14100000000000F83F0000000000000000000000000000000006000000000000F03F0B0B06000000000000000006000000000000F0BF06100000000000F83F0B0B0B0B0B110E0D4154545249425F435553544F4D0D066174747269620CFFFFFFFF04FFFFFFFF0CFFFFFFFF0CFFFF
310
FFFF0C3B010000071667656E657269635F7461675F6174747269625F6465660403000000040300000004FFFFFFFF071767656E657269635F7461675F6174747269625F64656620040100000004020000000702363004000000000401000000042D0100000400000000110D04666163650CEC01000004FFFFFFFF0CFFFFFFFF
310
0CED0100000CEE0100000C060000000CFFFFFFFF0CEF0100000B0B110D046C6F6F700CFFFFFFFF04FFFFFFFF0CFFFFFFFF0CFFFFFFFF0CF00100000C3B010000110E05706C616E650D07737572666163650CFFFFFFFF04FFFFFFFF0CFFFFFFFF1300000004000020C0478823E604806A400000000000000000140000000000
310
00F0BF0000000000000000000000000000000014000000000000000000000000000024C000000000000000000B0B0B0B0B110D046C6F6F700CFFFFFFFF04FFFFFFFF0CFFFFFFFF0CFFFFFFFF0CF10100000CEB000000110D06636F656467650CFFFFFFFF04FFFFFFFF0CFFFFFFFF0C960100000C960100000CF20100000CF3
310
0100000A0C3C01000004000000000CFFFFFFFF110E0D4154545249425F435553544F4D0D066174747269620CFFFFFFFF04FFFFFFFF0CFFFFFFFF0CFFFFFFFF0C3E0100000711736B657463685F6174747269625F64656604010000000401000000040300000007163234382030203432393439363732393520302032203211
310
0D06636F656467650CFFFFFFFF04FFFFFFFF0CFFFFFFFF0CF40100000C3E0100000C410100000C9F0100000B0CEC00000004000000000CFFFFFFFF110D06636F656467650CFFFFFFFF04FFFFFFFF0CFFFFFFFF0C3E0100000CF40100000C400100000C9E0100000A0CEC00000004000000000CFFFFFFFF110D06636F656467
310
650CF501000004FFFFFFFF0CFFFFFFFF0C420100000C420100000C3E0100000C9B0100000A0CA101000004000000000CFFFFFFFF110D04656467650CFFFFFFFF04FFFFFFFF0CFFFFFFFF0CA301000006D0F84DD1922119C00CA201000006F52E551B0080C3BE0C3E0100000CF60100000B0707756E6B6E6F776E110E0D4154
310
545249425F435553544F4D0D066174747269620CFFFFFFFF04FFFFFFFF0CFFFFFFFF0C3F0100000CEE0000000711736B657463685F6174747269625F646566040100000004010000000403000000071632383620302034323934393637323935203020312031110D06636F656467650CFFFFFFFF04FFFFFFFF0CFFFFFFFF0C
310
410100000C400100000CF70100000CF80100000A0CAA00000004000000000CFFFFFFFF110D04656467650CFFFFFFFF04FFFFFFFF0CFFFFFFFF0CA30100000600000000000000000CF9010000069A9999999999D93F0C990100000CFA0100000B070774616E67656E74110D04656467650CFFFFFFFF04FFFFFFFF0CFFFFFFFF
310
0CA20100000600000000000000000CFB010000069A9999999999D93F0C980100000CFC0100000B070774616E67656E74110E0D4154545249425F435553544F4D0D066174747269620CFFFFFFFF04FFFFFFFF0CFD0100000CFFFFFFFF0C420100000711736B657463685F6174747269625F6465660401000000040100000004
310
03000000071632383620302034323934393637323935203020312031110D046C6F6F700CFFFFFFFF04FFFFFFFF0CFFFFFFFF0CA60100000C9A0100000C55000000110D067665727465780CFFFFFFFF04FFFFFFFF0CFFFFFFFF0C4301000004000000000CFE010000110D067665727465780CFFFFFFFF04FFFFFFFF0CFFFFFF
310
FF0C4301000004010000000CFF010000110E0873747261696768740D0563757276650CFFFFFFFF04FFFFFFFF0CFFFFFFFF1300000004000020C00000500700406D40000000000000000014000000000000000000000000000024C000000000000000000A0600000000000000000A06000090CE49890F3F110E0D4154545249
310
425F435553544F4D0D066174747269620CFFFFFFFF04FFFFFFFF0CFFFFFFFF0CFFFFFFFF0C450100000711736B657463685F6174747269625F646566040100000004010000000403000000071632393220302034323934393637323935203020312031110D046C6F6F700CFFFFFFFF04FFFFFFFF0CFFFFFFFF0C4B0100000C
310
450100000C55000000110D067665727465780CFFFFFFFF04FFFFFFFF0CFFFFFFFF0C4601000004000000000C00020000110E07656C6C697073650D0563757276650CFFFFFFFF04FFFFFFFF0CFFFFFFFF13000080EEFFFF3D40F8FF4F0500405F40000000000000000014000000000000008000000000000000800000000000
310
00F0BF14100000000000F83F0000000000000000000000000000000006000000000000F03F0B0B110D05706F696E740CFFFFFFFF04FFFFFFFF0CFFFFFFFF13FFFF7FEEFF7F3C40F8FF4F0500405F400000000000001040110D05706F696E740CFFFFFFFF04FFFFFFFF0CFFFFFFFF13FFFF7FEEFF7F3C40FFFF4F0500C05C40
310
0000000000000000110E0D4154545249425F435553544F4D0D066174747269620CFFFFFFFF04FFFFFFFF0CFFFFFFFF0CFFFFFFFF0C510100000711736B657463685F6174747269625F646566040100000004010000000403000000070D32333520302031203020312031110D06636F656467650C0102000004FFFFFFFF0CFF
310
FFFFFF0C020200000C510100000C030200000C040200000A0C5400000004000000000CFFFFFFFF110D06636F656467650C0502000004FFFFFFFF0CFFFFFFFF0CD70100000CD60100000C510100000CAE0100000A0CD801000004000000000CFFFFFFFF110D04656467650CFFFFFFFF04FFFFFFFF0CFFFFFFFF0CB001000006
310
00000000000000000C06020000069899999999990B400CAD0100000C070200000B0707756E6B6E6F776E110E0D4154545249425F435553544F4D0D066174747269620CFFFFFFFF04FFFFFFFF0CFFFFFFFF0CFFFFFFFF0C520100000711736B657463685F6174747269625F646566040100000004010000000403000000070D
310
32343620302030203020312031110D067665727465780CFFFFFFFF04FFFFFFFF0CFFFFFFFF0C5301000004000000000C08020000110E0873747261696768740D0563757276650CFFFFFFFF04FFFFFFFF0CFFFFFFFF1300000000000039400000000000106A40000000000000000014000000000000000000000000000024C0
310
00000000000000000A0600000000000000000A063433333333B32940110D05706F696E740CFFFFFFFF04FFFFFFFF0CFFFFFFFF13000000000000394000000000000054400000000000000000110E0D4154545249425F435553544F4D0D066174747269620CFFFFFFFF04FFFFFFFF0CFFFFFFFF0CFFFFFFFF0C590100000711
310
736B657463685F6174747269625F646566040100000004010000000403000000070D32353620302031203020312031110D06636F656467650C0902000004FFFFFFFF0CFFFFFFFF0C590100000C0A0200000C0B0200000C0C0200000A0C5400000004000000000CFFFFFFFF110D06636F656467650C0D02000004FFFFFFFF0C
310
FFFFFFFF0CC90100000CC80100000C590100000CB60100000A0CCA01000004000000000CFFFFFFFF110D04656467650CFFFFFFFF04FFFFFFFF0CFFFFFFFF0C0E0200000600000000000000000CB8010000069899999999990B400CB50100000C0F0200000B0707756E6B6E6F776E110E0D4154545249425F435553544F4D0D
310
066174747269620CFFFFFFFF04FFFFFFFF0CFFFFFFFF0CFFFFFFFF0C5A0100000711736B657463685F6174747269625F646566040100000004010000000403000000070D32363120302031203020312031110D067665727465780CFFFFFFFF04FFFFFFFF0CFFFFFFFF0CB601000004010000000C10020000110E0873747261
310
696768740D0563757276650CFFFFFFFF04FFFFFFFF0CFFFFFFFF130000000000C052400000000000106A40000000000000000014000000000000000000000000000024C000000000000000000A0600000000000000000A063433333333B32940110D05706F696E740CFFFFFFFF04FFFFFFFF0CFFFFFFFF130000000000C052
310
4000000000000054400000000000000000110D046C6F6F700CFFFFFFFF04FFFFFFFF0CFFFFFFFF0C110200000C120200000C55000000110D06636F656467650C1302000004FFFFFFFF0CFFFFFFFF0CBC0100000CBC0100000C140200000C150200000A0C6001000004000000000CFFFFFFFF110E0D4154545249425F435553
310
544F4D0D066174747269620CFFFFFFFF04FFFFFFFF0CFFFFFFFF0CFFFFFFFF0C610100000711736B657463685F6174747269625F646566040100000004010000000403000000071632333220302034323934393637323935203020312031110D06636F656467650C1602000004FFFFFFFF0CFFFFFFFF0CBE0100000CBE0100
310
000C610100000CBF0100000B0C1702000004000000000CFFFFFFFF110D04656467650CFFFFFFFF04FFFFFFFF0CFFFFFFFF0C1802000006182D4454FB2109C00C1802000006182D4454FB2109400CBE0100000C190200000B0707756E6B6E6F776E110E0D4154545249425F435553544F4D0D066174747269620CFFFFFFFF04
310
FFFFFFFF0CFFFFFFFF0CFFFFFFFF0C630100000711736B657463685F6174747269625F646566040100000004010000000403000000071632393120302034323934393637323935203020312031110D046C6F6F700CFFFFFFFF04FFFFFFFF0CFFFFFFFF0CFFFFFFFF0C630100000CE8010000110D067665727465780CFFFFFF
310
FF04FFFFFFFF0CFFFFFFFF0C6401000004000000000C1A020000110E07656C6C697073650D0563757276650CFFFFFFFF04FFFFFFFF0CFFFFFFFF130000600400805140F8FF4F0500405F4000000000000000001400000000000000800000000000000080000000000000F0BF14100000000000F83F00000000000000000000
310
00000000000006000000000000F03F0B0B110D05706F696E740CFFFFFFFF04FFFFFFFF0CFFFFFFFF1300006004002051400000500500405A400000000000000000110D06636F656467650CFFFFFFFF04FFFFFFFF0CFFFFFFFF0C1B0200000C6A0100000C1C0200000C1D0200000B0C3D00000004000000000CFFFFFFFF110D
310
06636F656467650CFFFFFFFF04FFFFFFFF0CFFFFFFFF0C1E0200000C1F0200000C6A0100000CC70100000A0C2002000004000000000CFFFFFFFF110D04656467650CFFFFFFFF04FFFFFFFF0CFFFFFFFF0CCB0100000600000000000000000C2102000006182D4454FB21F93F0CC60100000C220200000B0707756E6B6E6F77
310
6E110D06636F656467650CFFFFFFFF04FFFFFFFF0CFFFFFFFF0CB50100000C6B0100000C6E0100000CCD0100000A0CCA01000004000000000CFFFFFFFF110D06636F656467650CFFFFFFFF04FFFFFFFF0CFFFFFFFF0C6B0100000CB50100000C1E0200000C230200000B0CCA01000004000000000CFFFFFFFF110D046C6F6F
310
700CFFFFFFFF04FFFFFFFF0CFFFFFFFF0CFFFFFFFF0CB50100000C24020000110D067665727465780CFFFFFFFF04FFFFFFFF0CFFFFFFFF0CC701000004000000000C25020000110E0873747261696768740D0563757276650CFFFFFFFF04FFFFFFFF0CFFFFFFFF130000000000605B400000000000106A4000000000000010
310
40140000000000002440000000000000000000000000000000000B0B110D04656467650CFFFFFFFF04FFFFFFFF0CFFFFFFFF0CB80100000600000000000000000C70010000069A9999999999D93F0C6E0100000C260200000B0707756E6B6E6F776E110D04666163650C2702000004FFFFFFFF0CFFFFFFFF0C730100000C6F
310
0100000C060000000CFFFFFFFF0C280200000B0B110D05706F696E740CFFFFFFFF04FFFFFFFF0CFFFFFFFF130000000000C052400000000000106A400000000000001040110E0873747261696768740D0563757276650CFFFFFFFF04FFFFFFFF0CFFFFFFFF130000000000C052400000000000005440000000000000000014
310
0000000000000000000000000000000000000000000024400B0B110E0D4154545249425F435553544F4D0D066174747269620CFFFFFFFF04FFFFFFFF0CFFFFFFFF0CFFFFFFFF0C73010000071667656E657269635F7461675F6174747269625F6465660403000000040300000004FFFFFFFF071767656E657269635F746167
310
5F6174747269625F64656620040100000004020000000702333504000000000401000000042D0100000400000000110E05706C616E650D07737572666163650CFFFFFFFF04FFFFFFFF0CFFFFFFFF13000000000040504000000000000054400000000000000000140000000000000000000000000000F0BF00000000000000
310
00140000000000002440000000000000000000000000000000000B0B0B0B0B110D06636F656467650CFFFFFFFF04FFFFFFFF0CFFFFFFFF0C780100000C290200000C2A0200000C2B0200000B0C3D00000004000000000CFFFFFFFF110D06636F656467650CFFFFFFFF04FFFFFFFF0CFFFFFFFF0C2C0200000C2D0200000C78
310
0100000CD50100000A0C2E02000004000000000CFFFFFFFF110D04656467650CFFFFFFFF04FFFFFFFF0CFFFFFFFF0C2F0200000600000000000000000CD901000006182D4454FB21F93F0CD40100000C300200000B0707756E6B6E6F776E110D06636F656467650CFFFFFFFF04FFFFFFFF0CFFFFFFFF0CAD0100000C790100
310
000C2D0200000C310200000A0CD801000004000000000CFFFFFFFF110D06636F656467650CFFFFFFFF04FFFFFFFF0CFFFFFFFF0C790100000CAD0100000C7B0100000CDB0100000B0CD801000004000000000CFFFFFFFF110D046C6F6F700CFFFFFFFF04FFFFFFFF0CFFFFFFFF0CFFFFFFFF0CAD0100000C32020000110D06
310
7665727465780CFFFFFFFF04FFFFFFFF0CFFFFFFFF0C7A01000004000000000C33020000110E0873747261696768740D0563757276650CFFFFFFFF04FFFFFFFF0CFFFFFFFF1300000000000039400000000000106A400000000000001040140000000000002440000000000000000000000000000000000B0B110D04656467
310
650CFFFFFFFF04FFFFFFFF0CFFFFFFFF0CB00100000600000000000000000C7E010000069A9999999999D93F0CD70100000C340200000B0707756E6B6E6F776E110D04666163650C3502000004FFFFFFFF0CFFFFFFFF0C320200000C7D0100000C060000000CFFFFFFFF0C360200000B0B110D05706F696E740CFFFFFFFF04
310
FFFFFFFF0CFFFFFFFF1300000000000039400000000000106A400000000000001040110E0873747261696768740D0563757276650CFFFFFFFF04FFFFFFFF0CFFFFFFFF13000000000000394000000000000054400000000000000000140000000000000000000000000000000000000000000024400B0B110E0D4154545249
310
425F435553544F4D0D066174747269620CFFFFFFFF04FFFFFFFF0CFFFFFFFF0CFFFFFFFF0C81010000071667656E657269635F7461675F6174747269625F6465660403000000040300000004FFFFFFFF071767656E657269635F7461675F6174747269625F6465662004010000000402000000070234390400000000040100
310
0000042D0100000400000000110E05706C616E650D07737572666163650CFFFFFFFF04FFFFFFFF0CFFFFFFFF13000000000000394000000000000054400000000000000000140000000000000000000000000000F0BF0000000000000000140000000000002440000000000000000000000000000000000B0B0B0B0B110D04
310
6C6F6F700CFFFFFFFF04FFFFFFFF0CFFFFFFFF0C370200000C380200000C3E000000110D06636F656467650CFFFFFFFF04FFFFFFFF0CFFFFFFFF0CE20100000CE20100000C390200000C3A0200000B0C8601000004000000000CFFFFFFFF110D06636F656467650CFFFFFFFF04FFFFFFFF0CFFFFFFFF0CE30100000CE30100
310
000C870100000CE40100000A0C3B02000004000000000CFFFFFFFF110D04656467650CFFFFFFFF04FFFFFFFF0CFFFFFFFF0C3C02000006182D4454FB2109C00C3C02000006182D4454FB2109400CE30100000C3D0200000B0707756E6B6E6F776E110D046C6F6F700CFFFFFFFF04FFFFFFFF0CFFFFFFFF0C170200000C8801
310
00000C3E020000110D067665727465780CFFFFFFFF04FFFFFFFF0CFFFFFFFF0C8901000004000000000C3F020000110E07656C6C697073650D0563757276650CFFFFFFFF04FFFFFFFF0CFFFFFFFF13000080EEFFFF3D400000500500405A4000000000000010401400000000000000800000000000000080000000000000F0
310
BF14100000000000F83F0000000000000000000000000000000006000000000000F03F0B0B110D04666163650C4002000004FFFFFFFF0CFFFFFFFF0C8D0100000C8A0100000C060000000CFFFFFFFF0C410200000B0B110D05706F696E740CFFFFFFFF04FFFFFFFF0CFFFFFFFF130000600400205140F8FF4F0500405F4000
310
00000000001040110E0D4154545249425F435553544F4D0D066174747269620CFFFFFFFF04FFFFFFFF0CFFFFFFFF0CFFFFFFFF0C8D010000071667656E657269635F7461675F6174747269625F6465660403000000040300000004FFFFFFFF071767656E657269635F7461675F6174747269625F6465662004010000000402
310
0000000702353204000000000401000000042D0100000400000000110E04636F6E650D07737572666163650CFFFFFFFF04FFFFFFFF0CFFFFFFFF1300006004008051400000500500405A4000000000000000001400000000000000000000000000000000000000000000F03F14100000000000F83F00000000000000000000
310
00000000000006000000000000F03F0B0B06000000000000000006000000000000F0BF06100000000000F83F0B0B0B0B0B110E0D4154545249425F435553544F4D0D066174747269620CFFFFFFFF04FFFFFFFF0CFFFFFFFF0CFFFFFFFF0C92010000071667656E657269635F7461675F6174747269625F6465660403000000
310
040300000004FFFFFFFF071767656E657269635F7461675F6174747269625F64656620040100000004020000000702353904000000000401000000042D0100000400000000110D04666163650C4202000004FFFFFFFF0CFFFFFFFF0C430200000C440200000C060000000CFFFFFFFF0C450200000B0B110D046C6F6F700CFF
310
FFFFFF04FFFFFFFF0CFFFFFFFF0CFFFFFFFF0C460200000C92010000110E04636F6E650D07737572666163650CFFFFFFFF04FFFFFFFF0CFFFFFFFF13FCFFFFFFFFFF22C00100000000806A4000000000000000001400000000000000000000000000000000000000000000F03F141F0000000000F83F000000000000000000
310
0000000000000006000000000000F03F0B0B06000000000000000006000000000000F0BF061F0000000000F83F0B0B0B0B0B110D06636F656467650C4702000004FFFFFFFF0CFFFFFFFF0C480200000C490200000C4A0200000C4B0200000B0C9301000004000000000CFFFFFFFF110D06636F656467650C4C02000004FFFF
310
FFFF0CFFFFFFFF0CF10100000CF10100000C4D0200000C4E0200000B0C9501000004000000000CFFFFFFFF110D06636F656467650CFFFFFFFF04FFFFFFFF0CFFFFFFFF0CF20100000CF20100000C960100000CF30100000B0C4F02000004000000000CFFFFFFFF110D04656467650CFFFFFFFF04FFFFFFFF0CFFFFFFFF0C50
310
02000006182D4454FB2109C00C5002000006182D4454FB2109400C960100000C510200000B0707756E6B6E6F776E110D06636F656467650CFFFFFFFF04FFFFFFFF0CFFFFFFFF0C990100000C980100000C520200000C530200000A0CEC00000004000000000CFFFFFFFF110E0D4154545249425F435553544F4D0D06617474
310
7269620CFFFFFFFF04FFFFFFFF0CFFFFFFFF0CFFFFFFFF0C9A0100000711736B657463685F6174747269625F646566040100000004010000000403000000071632343820302034323934393637323935203020322032110E07656C6C697073650D0563757276650CFFFFFFFF04FFFFFFFF0CFFFFFFFF13FCFFFFFFFFFF22C0
310
0000000000406D4000000000000000001400000000000000800000000000000080000000000000F0BF141F0000000000F83F0000000000000000000000000000000006000000000000F03F0A06D0F84DD1922119C00A06F52E551B0080C3BE110D06636F656467650CFFFFFFFF04FFFFFFFF0CFFFFFFFF0C520200000C5202
310
00000C9D0100000CF80100000B0C5402000004000000000CFFFFFFFF110D04656467650CFFFFFFFF04FFFFFFFF0CFFFFFFFF0CFB0100000600000000000000000CF901000006000090CE49890F3F0C9D0100000C550200000B0707756E6B6E6F776E110D067665727465780CFFFFFFFF04FFFFFFFF0CFFFFFFFF0C9E010000
310
04010000000C56020000110E0873747261696768740D0563757276650CFFFFFFFF04FFFFFFFF0CFFFFFFFF1300000004000020C0BA77DC19FB3F6D400000000000000000140000000000000000000000000000000000000000000024400B0B110D067665727465780CFFFFFFFF04FFFFFFFF0CFFFFFFFF0CF8010000040000
310
00000C57020000110E0873747261696768740D0563757276650CFFFFFFFF04FFFFFFFF0CFFFFFFFF1300000004000020C00000500700406D400000000000000000140000000000000000000000000000000000000000000024400B0B110E0D4154545249425F435553544F4D0D066174747269620CFFFFFFFF04FFFFFFFF0C
310
FFFFFFFF0CA00100000C420100000711736B657463685F6174747269625F646566040100000004010000000403000000071632343820302034323934393637323935203020312032110D05706F696E740CFFFFFFFF04FFFFFFFF0CFFFFFFFF1300000004000020C00000500700406D400000000000000000110D05706F696E
310
740CFFFFFFFF04FFFFFFFF0CFFFFFFFF1300000004000020C0BA77DC19FB3F6D400000000000000000110D05706F696E740CFFFFFFFF04FFFFFFFF0CFFFFFFFF13FFFF7FEEFF7F3C40F8FF4F0500405F400000000000000000110E0D4154545249425F435553544F4D0D066174747269620CFFFFFFFF04FFFFFFFF0CFFFFFF
310
FF0CFFFFFFFF0CAC0100000711736B657463685F6174747269625F646566040100000004010000000403000000070D32353020302030203020312031110D06636F656467650C5802000004FFFFFFFF0CFFFFFFFF0C590200000CAC0100000C5A0200000C5B0200000B0C5400000004000000000CFFFFFFFF110D06636F6564
310
67650C5C02000004FFFFFFFF0CFFFFFFFF0C2D0200000C2C0200000CAC0100000C040200000B0C2E02000004000000000CFFFFFFFF110D04656467650CFFFFFFFF04FFFFFFFF0CFFFFFFFF0C5D0200000600000000000000000C0602000006182D4454FB21F93F0C030200000C5E0200000B0707756E6B6E6F776E110E0D41
310
54545249425F435553544F4D0D066174747269620CFFFFFFFF04FFFFFFFF0CFFFFFFFF0CFFFFFFFF0CAD0100000711736B657463685F6174747269625F646566040100000004010000000403000000070D32333520302031203020312031110D067665727465780CFFFFFFFF04FFFFFFFF0CFFFFFFFF0CAE01000004010000
310
000C5F020000110E0873747261696768740D0563757276650CFFFFFFFF04FFFFFFFF0CFFFFFFFF1300000000000039400000000000106A4000000000000000001400000000000024C0000000000000000000000000000000000A0600000000000000000A069899999999990B40110D05706F696E740CFFFFFFFF04FFFFFFFF
310
0CFFFFFFFF1300000000000039400000000000106A400000000000000000110E0D4154545249425F435553544F4D0D066174747269620CFFFFFFFF04FFFFFFFF0CFFFFFFFF0CFFFFFFFF0CB40100000711736B657463685F6174747269625F646566040100000004010000000403000000070D323735203020302030203120
310
31110D06636F656467650C6002000004FFFFFFFF0CFFFFFFFF0CB40100000C610200000C620200000C630200000B0C5400000004000000000CFFFFFFFF110D06636F656467650C6402000004FFFFFFFF0CFFFFFFFF0C1F0200000C1E0200000CB40100000C0C0200000B0C2002000004000000000CFFFFFFFF110D04656467
310
650CFFFFFFFF04FFFFFFFF0CFFFFFFFF0C0E0200000600000000000000000C6502000006182D4454FB21F93F0C0B0200000C660200000B0707756E6B6E6F776E110E0D4154545249425F435553544F4D0D066174747269620CFFFFFFFF04FFFFFFFF0CFFFFFFFF0CFFFFFFFF0CB50100000711736B657463685F6174747269
310
625F646566040100000004010000000403000000070D32353620302031203020312031110D067665727465780CFFFFFFFF04FFFFFFFF0CFFFFFFFF0C0C02000004000000000C67020000110E0873747261696768740D0563757276650CFFFFFFFF04FFFFFFFF0CFFFFFFFF130000000000605B400000000000106A40000000
310
00000000001400000000000024C0000000000000000000000000000000000A0600000000000000000A069899999999990B40110D05706F696E740CFFFFFFFF04FFFFFFFF0CFFFFFFFF130000000000C052400000000000106A400000000000000000110D046C6F6F700CFFFFFFFF04FFFFFFFF0CFFFFFFFF0C680200000C69
310
0200000C55000000110D06636F656467650C6A02000004FFFFFFFF0CFFFFFFFF0C120200000C120200000C6B0200000C6C0200000A0CBB01000004000000000CFFFFFFFF110E0D4154545249425F435553544F4D0D066174747269620CFFFFFFFF04FFFFFFFF0CFFFFFFFF0CFFFFFFFF0CBC0100000711736B657463685F61
310
74747269625F646566040100000004010000000403000000071633303020302034323934393637323935203020312031110D06636F656467650C6D02000004FFFFFFFF0CFFFFFFFF0C140200000C140200000CBC0100000C150200000B0C6E02000004000000000CFFFFFFFF110D04656467650CFFFFFFFF04FFFFFFFF0CFF
310
FFFFFF0C6F02000006182D4454FB2109C00C6F02000006182D4454FB2109400C140200000C700200000B0707756E6B6E6F776E110E0D4154545249425F435553544F4D0D066174747269620CFFFFFFFF04FFFFFFFF0CFFFFFFFF0CFFFFFFFF0CBE0100000711736B657463685F6174747269625F6465660401000000040100
310
00000403000000071632333220302034323934393637323935203020312031110D046C6F6F700CFFFFFFFF04FFFFFFFF0CFFFFFFFF0CFFFFFFFF0CBE0100000C3E020000110D067665727465780CFFFFFFFF04FFFFFFFF0CFFFFFFFF0CBF01000004000000000C71020000110E07656C6C697073650D0563757276650CFFFF
310
FFFF04FFFFFFFF0CFFFFFFFF13000080EEFFFF3D400000500500405A4000000000000000001400000000000000800000000000000080000000000000F0BF14100000000000F83F0000000000000000000000000000000006000000000000F03F0B0B110D05706F696E740CFFFFFFFF04FFFFFFFF0CFFFFFFFF130000600400
310
205140F8FF4F0500405F400000000000000000110D06636F656467650CFFFFFFFF04FFFFFFFF0CFFFFFFFF0C720200000CC50100000C730200000C740200000B0C3D00000004000000000CFFFFFFFF110D06636F656467650CFFFFFFFF04FFFFFFFF0CFFFFFFFF0C750200000C760200000CC50100000C1D0200000A0C7702
310
000004000000000CFFFFFFFF110D04656467650CFFFFFFFF04FFFFFFFF0CFFFFFFFF0C210200000690999999999901C00C780200000600000000000000800C1C0200000C790200000B0707756E6B6E6F776E110D06636F656467650CFFFFFFFF04FFFFFFFF0CFFFFFFFF0C0B0200000CC60100000CC90100000C230200000A
310
0C2002000004000000000CFFFFFFFF110D06636F656467650CFFFFFFFF04FFFFFFFF0CFFFFFFFF0CC60100000C0B0200000C750200000C7A0200000B0C2002000004000000000CFFFFFFFF110D046C6F6F700CFFFFFFFF04FFFFFFFF0CFFFFFFFF0CFFFFFFFF0C0B0200000C7B020000110D067665727465780CFFFFFFFF04
310
FFFFFFFF0CFFFFFFFF0C1D02000004000000000C7C020000110E07656C6C697073650D0563757276650CFFFFFFFF04FFFFFFFF0CFFFFFFFF130000000000605B400100000000806A4000000000000010401400000000000000000000000000000000000000000000F03F1400000000000000002000000000000CC000000000
310
0000000006000000000000F03F0B0B110D04656467650CFFFFFFFF04FFFFFFFF0CFFFFFFFF0C0E0200000600000000000000000CCB010000069A9999999999D93F0CC90100000C7D0200000B070774616E67656E74110D04666163650C7E02000004FFFFFFFF0CFFFFFFFF0CCE0100000CCA0100000C060000000CFFFFFFFF
310
0C7F0200000B0B110D05706F696E740CFFFFFFFF04FFFFFFFF0CFFFFFFFF130000000000605B400000000000106A400000000000001040110E0873747261696768740D0563757276650CFFFFFFFF04FFFFFFFF0CFFFFFFFF130000000000C052400000000000106A4000000000000000001400000000000000000000000000
310
00000000000000000024400B0B110E0D4154545249425F435553544F4D0D066174747269620CFFFFFFFF04FFFFFFFF0CFFFFFFFF0CFFFFFFFF0CCE010000071667656E657269635F7461675F6174747269625F6465660403000000040300000004FFFFFFFF071767656E657269635F7461675F6174747269625F6465662004
310
0100000004020000000702333604000000000401000000042D0100000400000000110E05706C616E650D07737572666163650CFFFFFFFF04FFFFFFFF0CFFFFFFFF130000000000C052400000000000005440000000000000000014000000000000F03F00000000000000000000000000000000140000000000000000000000
310
000000244000000000000000000B0B0B0B0B110D06636F656467650CFFFFFFFF04FFFFFFFF0CFFFFFFFF0CD30100000C800200000C810200000C820200000B0C3D00000004000000000CFFFFFFFF110D06636F656467650CFFFFFFFF04FFFFFFFF0CFFFFFFFF0C830200000C840200000CD30100000C2B0200000A0C850200
310
0004000000000CFFFFFFFF110D04656467650CFFFFFFFF04FFFFFFFF0CFFFFFFFF0C860200000690999999999901C00C2F0200000600000000000000800C2A0200000C870200000B0707756E6B6E6F776E110D06636F656467650CFFFFFFFF04FFFFFFFF0CFFFFFFFF0C030200000CD40100000C840200000C880200000A0C
310
2E02000004000000000CFFFFFFFF110D06636F656467650CFFFFFFFF04FFFFFFFF0CFFFFFFFF0CD40100000C030200000CD60100000C310200000B0C2E02000004000000000CFFFFFFFF110D046C6F6F700CFFFFFFFF04FFFFFFFF0CFFFFFFFF0CFFFFFFFF0C030200000C89020000110D067665727465780CFFFFFFFF04FF
310
FFFFFF0CFFFFFFFF0CD501000004000000000C8A020000110E07656C6C697073650D0563757276650CFFFFFFFF04FFFFFFFF0CFFFFFFFF13FCFFFFFFFFFF22C00100000000806A4000000000000010401400000000000000000000000000000000000000000000F03F142000000000000CC000000000000000000000000000
310
00000006000000000000F03F0B0B110D04656467650CFFFFFFFF04FFFFFFFF0CFFFFFFFF0C060200000600000000000000000CD9010000069A9999999999D93F0C2D0200000C8B0200000B070774616E67656E74110D04666163650C8C02000004FFFFFFFF0CFFFFFFFF0C890200000CD80100000C060000000CFFFFFFFF0C
310
8D0200000B0B110D05706F696E740CFFFFFFFF04FFFFFFFF0CFFFFFFFF13FCFFFFFFFFFF22C00000000000106A400000000000001040110E0873747261696768740D0563757276650CFFFFFFFF04FFFFFFFF0CFFFFFFFF1300000000000039400000000000106A400000000000000000140000000000000000000000000000
310
000000000000000024400B0B110E0D4154545249425F435553544F4D0D066174747269620CFFFFFFFF04FFFFFFFF0CFFFFFFFF0CFFFFFFFF0CDC010000071667656E657269635F7461675F6174747269625F6465660403000000040300000004FFFFFFFF071767656E657269635F7461675F6174747269625F646566200401
310
00000004020000000702343804000000000401000000042D0100000400000000110E05706C616E650D07737572666163650CFFFFFFFF04FFFFFFFF0CFFFFFFFF1300000000000039400000000000106A40000000000000000014000000000000F0BF0000000000000000000000000000000014000000000000000000000000
310
000024C000000000000000000B0B0B0B0B110D046C6F6F700CFFFFFFFF04FFFFFFFF0CFFFFFFFF0C8E0200000C8F0200000C3E000000110D06636F656467650CFFFFFFFF04FFFFFFFF0CFFFFFFFF0C380200000C380200000C900200000C910200000B0CE101000004000000000CFFFFFFFF110D06636F656467650CFFFFFF
310
FF04FFFFFFFF0CFFFFFFFF0C390200000C390200000CE20100000C3A0200000A0C9202000004000000000CFFFFFFFF110D04656467650CFFFFFFFF04FFFFFFFF0CFFFFFFFF0C9302000006182D4454FB2109C00C9302000006182D4454FB2109400C390200000C940200000B0707756E6B6E6F776E110D046C6F6F700CFFFF
310
FFFF04FFFFFFFF0CFFFFFFFF0C6E0200000CE30100000C95020000110D067665727465780CFFFFFFFF04FFFFFFFF0CFFFFFFFF0CE401000004000000000C96020000110E07656C6C697073650D0563757276650CFFFFFFFF04FFFFFFFF0CFFFFFFFF13000080EEFFFF3D400000500500405540000000000000104014000000
310
00000000800000000000000080000000000000F0BF14100000000000F83F0000000000000000000000000000000006000000000000F03F0B0B110D04666163650C9702000004FFFFFFFF0CFFFFFFFF0CE80100000CE50100000C060000000CFFFFFFFF0C980200000B0B110D05706F696E740CFFFFFFFF04FFFFFFFF0CFFFF
310
FFFF13FFFF7FEEFF7F3C400000500500405A400000000000001040110E0D4154545249425F435553544F4D0D066174747269620CFFFFFFFF04FFFFFFFF0CFFFFFFFF0CFFFFFFFF0CE8010000071667656E657269635F7461675F6174747269625F6465660403000000040300000004FFFFFFFF071767656E657269635F7461
310
675F6174747269625F64656620040100000004020000000702353304000000000401000000042D0100000400000000110E04636F6E650D07737572666163650CFFFFFFFF04FFFFFFFF0CFFFFFFFF130000600400805140F8FF4F0500405F4000000000000000001400000000000000000000000000000000000000000000F0
310
3F14100000000000F83F0000000000000000000000000000000006000000000000F03F0B0B06000000000000000006000000000000F0BF06100000000000F83F0B0B0B0B0B110E0D4154545249425F435553544F4D0D066174747269620CFFFFFFFF04FFFFFFFF0CFFFFFFFF0CFFFFFFFF0CED010000071667656E65726963
310
5F7461675F6174747269625F6465660403000000040300000004FFFFFFFF071767656E657269635F7461675F6174747269625F64656620040100000004020000000702353804000000000401000000042D0100000400000000110D04666163650C9902000004FFFFFFFF0CFFFFFFFF0C9A0200000C9B0200000C060000000C
310
FFFFFFFF0C9C0200000B0B110D046C6F6F700CFFFFFFFF04FFFFFFFF0CFFFFFFFF0C9D0200000C9E0200000CED010000110E04636F6E650D07737572666163650CFFFFFFFF04FFFFFFFF0CFFFFFFFF1300000000000049408716D9CEF7A3694000000000000000001400000000000000000000000000000000000000000000
310
F03F14100000000000F83F0000000000000000000000000000000006000000000000F03F0B0B06000000000000000006000000000000F0BF06100000000000F83F0B0B0B0B0B110D06636F656467650C9F02000004FFFFFFFF0CFFFFFFFF0CA00200000CA10200000CA20200000CA30200000B0CEE01000004000000000CFF
310
FFFFFF110E0D4154545249425F435553544F4D0D066174747269620CFFFFFFFF04FFFFFFFF0CA40200000CFFFFFFFF0CF00100000711736B657463685F6174747269625F646566040100000004010000000403000000071632323320302034323934393637323935203020322032110D06636F656467650CFFFFFFFF04FFFF
310
FFFF0CFFFFFFFF0CA50200000CF00100000CA10200000CA60200000B0C9301000004000000000CFFFFFFFF110D06636F656467650CFFFFFFFF04FFFFFFFF0CFFFFFFFF0CF00100000CA50200000CA00200000CA70200000A0C9301000004000000000CFFFFFFFF110D06636F656467650CA802000004FFFFFFFF0CFFFFFFFF
310
0CA20200000CA20200000CF00100000C4B0200000A0CA902000004000000000CFFFFFFFF110D04656467650CFFFFFFFF04FFFFFFFF0CFFFFFFFF0CAA0200000600000000000000000CAB020000060000609B16300F3F0CF00100000CAC0200000B0707756E6B6E6F776E110E0D4154545249425F435553544F4D0D06617474
310
7269620CFFFFFFFF04FFFFFFFF0CFFFFFFFF0CFFFFFFFF0CF10100000711736B657463685F6174747269625F646566040100000004010000000403000000071632363820302034323934393637323935203020312031110D06636F656467650CAD02000004FFFFFFFF0CFFFFFFFF0C4D0200000C4D0200000CF10100000C4E
310
0200000A0CAE02000004000000000CFFFFFFFF110D04656467650CFFFFFFFF04FFFFFFFF0CFFFFFFFF0CAF02000006182D4454FB2109C00CAF02000006182D4454FB2109400CF10100000CB00200000B0707756E6B6E6F776E110D046C6F6F700CFFFFFFFF04FFFFFFFF0CFFFFFFFF0C540200000CF20100000C3E00000011
310
0D067665727465780CFFFFFFFF04FFFFFFFF0CFFFFFFFF0CF301000004000000000CB1020000110E07656C6C697073650D0563757276650CFFFFFFFF04FFFFFFFF0CFFFFFFFF130000000000605B400000000000406D4000000000000010401400000000000000800000000000000080000000000000F0BF14100000000000
310
F83F0000000000000000000000000000000006000000000000F03F0B0B110D06636F656467650CFFFFFFFF04FFFFFFFF0CFFFFFFFF0CF70100000CF70100000CF40100000C530200000B0C5402000004000000000CFFFFFFFF110D04656467650CFFFFFFFF04FFFFFFFF0CFFFFFFFF0CF901000006D0F84DD1922119C00CFB
310
01000006F52E551B0080C3BE0CF40100000CB20200000B0707756E6B6E6F776E110D046C6F6F700CFFFFFFFF04FFFFFFFF0CFFFFFFFF0C470100000C520200000C3E000000110E0873747261696768740D0563757276650CFFFFFFFF04FFFFFFFF0CFFFFFFFF1300000004000020C00000500700406D400000000000001040
310
14000000000000000000000000000024C000000000000000000B0B110D05706F696E740CFFFFFFFF04FFFFFFFF0CFFFFFFFF1300000004000020C0BA77DC19FB3F6D400000000000001040110D05706F696E740CFFFFFFFF04FFFFFFFF0CFFFFFFFF1300000004000020C00000500700406D400000000000001040110E0D41
310
54545249425F435553544F4D0D066174747269620CFFFFFFFF04FFFFFFFF0CFFFFFFFF0CFFFFFFFF0C020200000711736B657463685F6174747269625F646566040100000004010000000403000000070D32323220302031203020312031110D06636F656467650CB302000004FFFFFFFF0CFFFFFFFF0CB40200000C020200
310
000CB50200000CB60200000A0C5400000004000000000CFFFFFFFF110D06636F656467650CB702000004FFFFFFFF0CFFFFFFFF0C840200000C830200000C020200000C5B0200000A0C8502000004000000000CFFFFFFFF110D04656467650CFFFFFFFF04FFFFFFFF0CFFFFFFFF0C5D0200000600000000000000000CB80200
310
000690999999999901400C5A0200000CB90200000B0707756E6B6E6F776E110E0D4154545249425F435553544F4D0D066174747269620CFFFFFFFF04FFFFFFFF0CFFFFFFFF0CFFFFFFFF0C030200000711736B657463685F6174747269625F646566040100000004010000000403000000070D323530203020302030203120
310
31110D067665727465780CFFFFFFFF04FFFFFFFF0CFFFFFFFF0C0402000004000000000CBA020000110E07656C6C697073650D0563757276650CFFFFFFFF04FFFFFFFF0CFFFFFFFF13FCFFFFFFFFFF22C00100000000806A4000000000000000001400000000000000000000000000000000000000000000F03F1420000000
310
00000CC00000000000000000000000000000000006000000000000F03F0A0600000000000000000A06182D4454FB21F93F110D05706F696E740CFFFFFFFF04FFFFFFFF0CFFFFFFFF13FCFFFFFFFFFF22C00000000000106A400000000000000000110E0D4154545249425F435553544F4D0D066174747269620CFFFFFFFF04
310
FFFFFFFF0CFFFFFFFF0CFFFFFFFF0C0A0200000711736B657463685F6174747269625F646566040100000004010000000403000000070D32383820302031203020312031110D06636F656467650CBB02000004FFFFFFFF0CFFFFFFFF0C0A0200000CBC0200000CBD0200000CBE0200000A0C5400000004000000000CFFFFFF
310
FF110D06636F656467650CBF02000004FFFFFFFF0CFFFFFFFF0C760200000C750200000C0A0200000C630200000A0C7702000004000000000CFFFFFFFF110D04656467650CFFFFFFFF04FFFFFFFF0CFFFFFFFF0CC00200000600000000000000000C650200000690999999999901400C620200000CC10200000B0707756E6B
310
6E6F776E110E0D4154545249425F435553544F4D0D066174747269620CFFFFFFFF04FFFFFFFF0CFFFFFFFF0CFFFFFFFF0C0B0200000711736B657463685F6174747269625F646566040100000004010000000403000000070D32373520302030203020312031110D067665727465780CFFFFFFFF04FFFFFFFF0CFFFFFFFF0C
310
6302000004010000000CC2020000110E07656C6C697073650D0563757276650CFFFFFFFF04FFFFFFFF0CFFFFFFFF130000000000605B400100000000806A4000000000000000001400000000000000000000000000000000000000000000F03F1400000000000000002000000000000CC00000000000000000060000000000
310
00F03F0A0600000000000000000A06182D4454FB21F93F110D05706F696E740CFFFFFFFF04FFFFFFFF0CFFFFFFFF130000000000605B400000000000106A400000000000000000110D046C6F6F700CFFFFFFFF04FFFFFFFF0CFFFFFFFF0CA90200000CC30200000C55000000110D06636F656467650CC402000004FFFFFFFF
310
0CFFFFFFFF0C690200000C690200000CC50200000CC60200000A0C1102000004000000000CFFFFFFFF110E0D4154545249425F435553544F4D0D066174747269620CFFFFFFFF04FFFFFFFF0CFFFFFFFF0CFFFFFFFF0C120200000711736B657463685F6174747269625F646566040100000004010000000403000000071632
310
393720302034323934393637323935203020312031110D06636F656467650CC702000004FFFFFFFF0CFFFFFFFF0C6B0200000C6B0200000C120200000C6C0200000B0CC802000004000000000CFFFFFFFF110D04656467650CFFFFFFFF04FFFFFFFF0CFFFFFFFF0CC902000006182D4454FB2109C00CC902000006182D4454
310
FB2109400C6B0200000CCA0200000B0707756E6B6E6F776E110E0D4154545249425F435553544F4D0D066174747269620CFFFFFFFF04FFFFFFFF0CFFFFFFFF0CFFFFFFFF0C140200000711736B657463685F6174747269625F6465660401000000040100000004030000000716333030203020343239343936373239352030
310
20312031110D046C6F6F700CFFFFFFFF04FFFFFFFF0CFFFFFFFF0CFFFFFFFF0C140200000C95020000110D067665727465780CFFFFFFFF04FFFFFFFF0CFFFFFFFF0C1502000004000000000CCB020000110E07656C6C697073650D0563757276650CFFFFFFFF04FFFFFFFF0CFFFFFFFF13000080EEFFFF3D40000050050040
310
554000000000000000001400000000000000800000000000000080000000000000F0BF14100000000000F83F0000000000000000000000000000000006000000000000F03F0B0B110D05706F696E740CFFFFFFFF04FFFFFFFF0CFFFFFFFF13FFFF7FEEFF7F3C400000500500405A400000000000000000110D06636F656467
310
650CFFFFFFFF04FFFFFFFF0CFFFFFFFF0CCC0200000C1B0200000CCD0200000CCE0200000B0C3D00000004000000000CFFFFFFFF110D06636F656467650CFFFFFFFF04FFFFFFFF0CFFFFFFFF0CCF0200000CD00200000C1B0200000C740200000A0CD102000004000000000CFFFFFFFF110D04656467650CFFFFFFFF04FFFF
310
FFFF0CFFFFFFFF0C780200000600000000000000000CD20200000655CC2D06F21311400C730200000CD30200000B0707756E6B6E6F776E110D06636F656467650CFFFFFFFF04FFFFFFFF0CFFFFFFFF0C620200000C1C0200000C1F0200000C7A0200000A0C7702000004000000000CFFFFFFFF110D06636F656467650CFFFF
310
FFFF04FFFFFFFF0CFFFFFFFF0C1C0200000C620200000CCF0200000CD40200000B0C7702000004000000000CFFFFFFFF110D046C6F6F700CFFFFFFFF04FFFFFFFF0CFFFFFFFF0CFFFFFFFF0C620200000CD5020000110D067665727465780CFFFFFFFF04FFFFFFFF0CFFFFFFFF0C7402000004000000000CD6020000110E08
310
73747261696768740D0563757276650CFFFFFFFF04FFFFFFFF0CFFFFFFFF130000000000405C400000000000406D400000000000001040140000000000000000000000000000244000000000000000000B0B110D04656467650CFFFFFFFF04FFFFFFFF0CFFFFFFFF0C650200000600000000000000000C21020000069A9999
310
999999D93F0C1F0200000CD70200000B070774616E67656E74110D04666163650CD802000004FFFFFFFF0CFFFFFFFF0C240200000C200200000C060000000CFFFFFFFF0CD90200000B0B110D05706F696E740CFFFFFFFF04FFFFFFFF0CFFFFFFFF130000000000405C400100000000806A400000000000001040110E087374
310
7261696768740D0563757276650CFFFFFFFF04FFFFFFFF0CFFFFFFFF130000000000605B400000000000106A400000000000000000140000000000000000000000000000000000000000000024400B0B110E0D4154545249425F435553544F4D0D066174747269620CFFFFFFFF04FFFFFFFF0CFFFFFFFF0CFFFFFFFF0C2402
310
0000071667656E657269635F7461675F6174747269625F6465660403000000040300000004FFFFFFFF071767656E657269635F7461675F6174747269625F64656620040100000004020000000702333704000000000401000000042D0100000400000000110E05706C616E650D07737572666163650CFFFFFFFF04FFFFFFFF
310
0CFFFFFFFF130000000000C052400000000000106A400000000000000000140000000000000000000000000000F0BF0000000000000000140000000000002440000000000000000000000000000000000B0B0B0B0B110D06636F656467650CFFFFFFFF04FFFFFFFF0CFFFFFFFF0C290200000CCC0200000CDA0200000CDB02
310
00000B0C3D00000004000000000CFFFFFFFF110D06636F656467650CFFFFFFFF04FFFFFFFF0CFFFFFFFF0CDC0200000CDD0200000C290200000C820200000A0CDE02000004000000000CFFFFFFFF110D04656467650CFFFFFFFF04FFFFFFFF0CFFFFFFFF0CDF0200000600000000000000000C8602000006C26EB508F21311
310
400C810200000CE00200000B0707756E6B6E6F776E110D06636F656467650CFFFFFFFF04FFFFFFFF0CFFFFFFFF0C5A0200000C2A0200000CDD0200000CE10200000A0C8502000004000000000CFFFFFFFF110D06636F656467650CFFFFFFFF04FFFFFFFF0CFFFFFFFF0C2A0200000C5A0200000C2C0200000C880200000B0C
310
8502000004000000000CFFFFFFFF110D046C6F6F700CFFFFFFFF04FFFFFFFF0CFFFFFFFF0CFFFFFFFF0C5A0200000CE2020000110D067665727465780CFFFFFFFF04FFFFFFFF0CFFFFFFFF0C2B02000004000000000CE3020000110E0873747261696768740D0563757276650CFFFFFFFF04FFFFFFFF0CFFFFFFFF13040000
310
0000002AC00100000000806A40000000000000104014000000000000008000000000000024C000000000000000800B0B110D04656467650CFFFFFFFF04FFFFFFFF0CFFFFFFFF0C5D0200000600000000000000000C2F020000069A9999999999D93F0C840200000CE40200000B070774616E67656E74110D04666163650CE5
310
02000004FFFFFFFF0CFFFFFFFF0CE20200000C2E0200000C060000000CFFFFFFFF0CE60200000B0B110D05706F696E740CFFFFFFFF04FFFFFFFF0CFFFFFFFF130400000000002AC00100000000806A400000000000001040110E0873747261696768740D0563757276650CFFFFFFFF04FFFFFFFF0CFFFFFFFF13FCFFFFFFFF
310
FF22C00000000000106A400000000000000000140000000000000000000000000000000000000000000024400B0B110E0D4154545249425F435553544F4D0D066174747269620CFFFFFFFF04FFFFFFFF0CFFFFFFFF0CFFFFFFFF0C32020000071667656E657269635F7461675F6174747269625F6465660403000000040300
310
000004FFFFFFFF071767656E657269635F7461675F6174747269625F64656620040100000004020000000702343704000000000401000000042D0100000400000000110E05706C616E650D07737572666163650CFFFFFFFF04FFFFFFFF0CFFFFFFFF13FCFFFFFFFFFF22C00000000000106A40000000000000000014000000
310
0000000000000000000000F0BF0000000000000000140000000000002440000000000000000000000000000000000B0B0B0B0B110D046C6F6F700CFFFFFFFF04FFFFFFFF0CFFFFFFFF0C4F0200000CE70200000C3E000000110D06636F656467650CFFFFFFFF04FFFFFFFF0CFFFFFFFF0C8F0200000C8F0200000C9E020000
310
0CE80200000B0C3702000004000000000CFFFFFFFF110D06636F656467650CFFFFFFFF04FFFFFFFF0CFFFFFFFF0C900200000C900200000C380200000C910200000A0C9B02000004000000000CFFFFFFFF110D04656467650CFFFFFFFF04FFFFFFFF0CFFFFFFFF0CE902000006182D4454FB2109C00CE902000006182D4454
310
FB2109400C900200000CEA0200000B0707756E6B6E6F776E110D046C6F6F700CFFFFFFFF04FFFFFFFF0CFFFFFFFF0CC80200000C390200000C9A020000110D067665727465780CFFFFFFFF04FFFFFFFF0CFFFFFFFF0C3A02000004000000000CEB020000110E07656C6C697073650D0563757276650CFFFFFFFF04FFFFFFFF
310
0CFFFFFFFF13000040F7FFFF3D40FEFF530100E0604000000000000010401400000000000000800000000000000080000000000000F0BF14240000000000F83F0000000000000000000000000000000006000000000000F03F0B0B110D04666163650CEC02000004FFFFFFFF0CFFFFFFFF0C3E0200000C3B0200000C060000
310
000CFFFFFFFF0CED0200000B0B110D05706F696E740CFFFFFFFF04FFFFFFFF0CFFFFFFFF13FFFF7FEEFF7F3C4000005005004055400000000000001040110E0D4154545249425F435553544F4D0D066174747269620CFFFFFFFF04FFFFFFFF0CFFFFFFFF0CFFFFFFFF0C3E020000071667656E657269635F7461675F617474
310
7269625F6465660403000000040300000004FFFFFFFF071767656E657269635F7461675F6174747269625F64656620040100000004020000000702353404000000000401000000042D0100000400000000110E04636F6E650D07737572666163650CFFFFFFFF04FFFFFFFF0CFFFFFFFF13000080EEFFFF3D40000050050040
310
5A4000000000000000001400000000000000000000000000000000000000000000F03F14100000000000F83F0000000000000000000000000000000006000000000000F03F0B0B06000000000000000006000000000000F0BF06100000000000F83F0B0B0B0B0B110E0D4154545249425F435553544F4D0D06617474726962
310
0CFFFFFFFF04FFFFFFFF0CFFFFFFFF0CFFFFFFFF0C43020000071667656E657269635F7461675F6174747269625F6465660403000000040300000004FFFFFFFF071767656E657269635F7461675F6174747269625F64656620040100000004020000000702353704000000000401000000042D0100000400000000110D0466
310
6163650CEE02000004FFFFFFFF0CFFFFFFFF0C950200000C920200000C060000000CFFFFFFFF0CEF0200000B0B110D046C6F6F700CFFFFFFFF04FFFFFFFF0CFFFFFFFF0CF00200000C900200000C43020000110E04636F6E650D07737572666163650CFFFFFFFF04FFFFFFFF0CFFFFFFFF13A284760700404D400000F80500
310
B0674000000000000000001400000000000000000000000000000000000000000000F03F14100000000000F83F0000000000000000000000000000000006000000000000F03F0B0B06000000000000000006000000000000F0BF06100000000000F83F0B0B0B0B0B110D046C6F6F700CFFFFFFFF04FFFFFFFF0CFFFFFFFF0C
310
FFFFFFFF0CF10200000CED010000110D06636F656467650CFFFFFFFF04FFFFFFFF0CFFFFFFFF0C9E0200000C9E0200000C8F0200000CE80200000A0C4402000004000000000CFFFFFFFF110E0D4154545249425F435553544F4D0D066174747269620CFFFFFFFF04FFFFFFFF0CFFFFFFFF0CFFFFFFFF0C460200000711736B
310
657463685F6174747269625F646566040100000004010000000403000000071632323320302034323934393637323935203020312032110D06636F656467650CFFFFFFFF04FFFFFFFF0CFFFFFFFF0CF20200000C460200000C490200000CA70200000B0CEE01000004000000000CFFFFFFFF110D06636F656467650CFFFFFF
310
FF04FFFFFFFF0CFFFFFFFF0C460200000CF20200000C480200000CA60200000A0CEE01000004000000000CFFFFFFFF110D06636F656467650CF302000004FFFFFFFF0CFFFFFFFF0C4A0200000C4A0200000C460200000CA30200000A0CA902000004000000000CFFFFFFFF110D04656467650CFFFFFFFF04FFFFFFFF0CFFFF
310
FFFF0CAB02000006588299E1FB2119C00CAA02000006511B128DBD203ABF0C460200000CF40200000B0707756E6B6E6F776E110E0D4154545249425F435553544F4D0D066174747269620CFFFFFFFF04FFFFFFFF0CFFFFFFFF0C470200000CF00100000711736B657463685F6174747269625F646566040100000004010000
310
000403000000071632353220302034323934393637323935203020312031110D06636F656467650CFFFFFFFF04FFFFFFFF0CFFFFFFFF0C490200000C480200000CF50200000CF60200000A0C9301000004000000000CFFFFFFFF110D04656467650CFFFFFFFF04FFFFFFFF0CFFFFFFFF0CAB0200000600000000000000000C
310
F7020000069A9999999999D93F0CA10200000CF80200000B070774616E67656E74110D04656467650CFFFFFFFF04FFFFFFFF0CFFFFFFFF0CAA0200000600000000000000000CF9020000069A9999999999D93F0CA00200000CFA0200000B070774616E67656E74110E0D4154545249425F435553544F4D0D06617474726962
310
0CFFFFFFFF04FFFFFFFF0CFB0200000CFFFFFFFF0C4A0200000711736B657463685F6174747269625F646566040100000004010000000403000000071632353220302034323934393637323935203020312031110D046C6F6F700CFFFFFFFF04FFFFFFFF0CFFFFFFFF0CAE0200000CA20200000C55000000110D0676657274
310
65780CFFFFFFFF04FFFFFFFF0CFFFFFFFF0C4B02000004000000000CFC020000110D067665727465780CFFFFFFFF04FFFFFFFF0CFFFFFFFF0C4B02000004010000000CFD020000110E0873747261696768740D0563757276650CFFFFFFFF04FFFFFFFF0CFFFFFFFF1300000004000020C0478823E604806A40000000000000
310
000014000000000000000000000000000024C000000000000000000A0600000000000000000A060000609B16300F3F110E0D4154545249425F435553544F4D0D066174747269620CFFFFFFFF04FFFFFFFF0CFFFFFFFF0CFFFFFFFF0C4D0200000711736B657463685F6174747269625F646566040100000004010000000403
310
000000071632363820302034323934393637323935203020312031110D046C6F6F700CFFFFFFFF04FFFFFFFF0CFFFFFFFF0CA10100000C4D0200000C55000000110D067665727465780CFFFFFFFF04FFFFFFFF0CFFFFFFFF0C4E02000004000000000CFE020000110E07656C6C697073650D0563757276650CFFFFFFFF04FF
310
FFFFFF0CFFFFFFFF130000000000605B400000000000406D4000000000000000001400000000000000800000000000000080000000000000F0BF14100000000000F83F0000000000000000000000000000000006000000000000F03F0B0B110D05706F696E740CFFFFFFFF04FFFFFFFF0CFFFFFFFF13FFFFFFFFFFFF5A4000
310
00000000406D400000000000001040110E07656C6C697073650D0563757276650CFFFFFFFF04FFFFFFFF0CFFFFFFFF13FCFFFFFFFFFF22C00000000000406D4000000000000010401400000000000000800000000000000080000000000000F0BF141F0000000000F83F000000000000000000000000000000000600000000
310
0000F03F0B0B110E0D4154545249425F435553544F4D0D066174747269620CFFFFFFFF04FFFFFFFF0CFFFFFFFF0CFFFFFFFF0C590200000711736B657463685F6174747269625F646566040100000004010000000403000000070D32333420302030203020312031110D06636F656467650CFF02000004FFFFFFFF0CFFFFFF
310
FF0C000300000C590200000C010300000C020300000B0C5400000004000000000CFFFFFFFF110D06636F656467650C0303000004FFFFFFFF0CFFFFFFFF0CDD0200000CDC0200000C590200000CB60200000B0CDE02000004000000000CFFFFFFFF110D04656467650CFFFFFFFF04FFFFFFFF0CFFFFFFFF0C04030000060000
310
0000000000000CB802000006C26EB508F21311400CB50200000C050300000B0707756E6B6E6F776E110E0D4154545249425F435553544F4D0D066174747269620CFFFFFFFF04FFFFFFFF0CFFFFFFFF0CFFFFFFFF0C5A0200000711736B657463685F6174747269625F646566040100000004010000000403000000070D3232
310
3220302031203020312031110D067665727465780CFFFFFFFF04FFFFFFFF0CFFFFFFFF0C5B02000004010000000C06030000110E0873747261696768740D0563757276650CFFFFFFFF04FFFFFFFF0CFFFFFFFF130400000000002AC00100000000806A40000000000000000014000000000000000000000000000024400000
310
0000000000000A0600000000000000000A069099999999990140110D05706F696E740CFFFFFFFF04FFFFFFFF0CFFFFFFFF130400000000002AC00100000000806A400000000000000000110E0D4154545249425F435553544F4D0D066174747269620CFFFFFFFF04FFFFFFFF0CFFFFFFFF0CFFFFFFFF0C610200000711736B
310
657463685F6174747269625F646566040100000004010000000403000000070D32363420302030203020312031110D06636F656467650C0703000004FFFFFFFF0CFFFFFFFF0C610200000C000300000C080300000C090300000A0C5400000004000000000CFFFFFFFF110D06636F656467650C0A03000004FFFFFFFF0CFFFF
310
FFFF0CD00200000CCF0200000C610200000CBE0200000B0CD102000004000000000CFFFFFFFF110D04656467650CFFFFFFFF04FFFFFFFF0CFFFFFFFF0CC00200000600000000000000000C0B0300000655CC2D06F21311400CBD0200000C0C0300000B0707756E6B6E6F776E110E0D4154545249425F435553544F4D0D0661
310
74747269620CFFFFFFFF04FFFFFFFF0CFFFFFFFF0CFFFFFFFF0C620200000711736B657463685F6174747269625F646566040100000004010000000403000000070D32383820302031203020312031110D067665727465780CFFFFFFFF04FFFFFFFF0CFFFFFFFF0CBE02000004000000000C0D030000110E08737472616967
310
68740D0563757276650CFFFFFFFF04FFFFFFFF0CFFFFFFFF130000000000405C400000000000406D40000000000000000014000000000000000000000000000024C000000000000000000A0600000000000000000A069099999999990140110D05706F696E740CFFFFFFFF04FFFFFFFF0CFFFFFFFF130000000000405C4001
310
00000000806A400000000000000000110D06636F656467650C0E03000004FFFFFFFF0CFFFFFFFF0CC30200000CC30200000CF10200000C0F0300000A0C6802000004000000000CFFFFFFFF110E0D4154545249425F435553544F4D0D066174747269620CFFFFFFFF04FFFFFFFF0CFFFFFFFF0CFFFFFFFF0C69020000071173
310
6B657463685F6174747269625F646566040100000004010000000403000000071632383520302034323934393637323935203020312031110D06636F656467650C1003000004FFFFFFFF0CFFFFFFFF0CC50200000CC50200000C690200000CC60200000B0CF002000004000000000CFFFFFFFF110D04656467650CFFFFFFFF
310
04FFFFFFFF0CFFFFFFFF0C1103000006182D4454FB2109C00C1103000006182D4454FB2109400CC50200000C120300000B0707756E6B6E6F776E110E0D4154545249425F435553544F4D0D066174747269620CFFFFFFFF04FFFFFFFF0CFFFFFFFF0CFFFFFFFF0C6B0200000711736B657463685F6174747269625F64656604
310
0100000004010000000403000000071632393720302034323934393637323935203020312031110D046C6F6F700CFFFFFFFF04FFFFFFFF0CFFFFFFFF0CFFFFFFFF0C6B0200000C9A020000110D067665727465780CFFFFFFFF04FFFFFFFF0CFFFFFFFF0C6C02000004000000000C13030000110E07656C6C697073650D0563
310
757276650CFFFFFFFF04FFFFFFFF0CFFFFFFFF13000040F7FFFF3D40FEFF530100E0604000000000000000001400000000000000800000000000000080000000000000F0BF14240000000000F83F0000000000000000000000000000000006000000000000F03F0B0B110D05706F696E740CFFFFFFFF04FFFFFFFF0CFFFFFF
310
FF13FFFF7FEEFF7F3C4000005005004055400000000000000000110D06636F656467650CFFFFFFFF04FFFFFFFF0CFFFFFFFF0C800200000C720200000C140300000C150300000B0C3D00000004000000000CFFFFFFFF110D06636F656467650CFFFFFFFF04FFFFFFFF0CFFFFFFFF0C160300000C170300000C720200000CCE
310
0200000A0C1803000004000000000CFFFFFFFF110D04656467650CFFFFFFFF04FFFFFFFF0CFFFFFFFF0CD20200000600000000000000000C190300000670BA3AF487BDF33F0CCD0200000C1A0300000B0707756E6B6E6F776E110D06636F656467650CFFFFFFFF04FFFFFFFF0CFFFFFFFF0CBD0200000C730200000C760200
310
000CD40200000A0CD102000004000000000CFFFFFFFF110D06636F656467650CFFFFFFFF04FFFFFFFF0CFFFFFFFF0C730200000CBD0200000C160300000C1B0300000B0CD102000004000000000CFFFFFFFF110D046C6F6F700CFFFFFFFF04FFFFFFFF0CFFFFFFFF0CFFFFFFFF0CBD0200000C1C030000110D067665727465
310
780CFFFFFFFF04FFFFFFFF0CFFFFFFFF0CCE02000004000000000C1D030000110E07656C6C697073650D0563757276650CFFFFFFFF04FFFFFFFF0CFFFFFFFF130000000000605B400000000000406D4000000000000010401400000000000000000000000000000000000000000000F03F142000000000000C400000000000
310
000000000000000000000006000000000000F03F0B0B110D04656467650CFFFFFFFF04FFFFFFFF0CFFFFFFFF0CC00200000600000000000000000C78020000069A9999999999D93F0C760200000C1E0300000B070774616E67656E74110D04666163650C1F03000004FFFFFFFF0CFFFFFFFF0C7B0200000C770200000C0600
310
00000CFFFFFFFF0C200300000B0B110D05706F696E740CFFFFFFFF04FFFFFFFF0CFFFFFFFF130000000000405C400000000000406D400000000000001040110E0873747261696768740D0563757276650CFFFFFFFF04FFFFFFFF0CFFFFFFFF130000000000405C400100000000806A40000000000000000014000000000000
310
0000000000000000000000000000000024400B0B110E0D4154545249425F435553544F4D0D066174747269620CFFFFFFFF04FFFFFFFF0CFFFFFFFF0CFFFFFFFF0C7B020000071667656E657269635F7461675F6174747269625F6465660403000000040300000004FFFFFFFF071767656E657269635F7461675F6174747269
310
625F64656620040100000004020000000702333804000000000401000000042D0100000400000000110E04636F6E650D07737572666163650CFFFFFFFF04FFFFFFFF0CFFFFFFFF130000000000605B400100000000806A4000000000000000001400000000000000000000000000000000000000000000F03F140000000000
310
0000002000000000000CC0000000000000000006000000000000F03F0B0B06000000000000000006000000000000F03F062000000000000C400B0B0B0B0B110D06636F656467650CFFFFFFFF04FFFFFFFF0CFFFFFFFF0C210300000C220300000C800200000CDB0200000A0C2303000004000000000CFFFFFFFF110D046564
310
67650CFFFFFFFF04FFFFFFFF0CFFFFFFFF0C2403000006D025B6F287BDF3BF0CDF0200000600000000000000800CDA0200000C250300000B0707756E6B6E6F776E110D06636F656467650CFFFFFFFF04FFFFFFFF0CFFFFFFFF0CB50200000C810200000C220300000C260300000A0CDE02000004000000000CFFFFFFFF110D
310
06636F656467650CFFFFFFFF04FFFFFFFF0CFFFFFFFF0C810200000CB50200000C830200000CE10200000B0CDE02000004000000000CFFFFFFFF110D046C6F6F700CFFFFFFFF04FFFFFFFF0CFFFFFFFF0CFFFFFFFF0CB50200000C27030000110D067665727465780CFFFFFFFF04FFFFFFFF0CFFFFFFFF0C82020000040000
310
00000C28030000110E07656C6C697073650D0563757276650CFFFFFFFF04FFFFFFFF0CFFFFFFFF13FCFFFFFFFFFF22C00000000000406D4000000000000010401400000000000000000000000000000000000000000000F03F14E0FFFFDFFFFFF73FB0427142584C09C0000000000000000006000000000000F03F0B0B110D
310
04656467650CFFFFFFFF04FFFFFFFF0CFFFFFFFF0CB80200000600000000000000000C86020000069A9999999999D93F0CDD0200000C290300000B070774616E67656E74110D04666163650C2A03000004FFFFFFFF0CFFFFFFFF0C270300000C850200000C060000000CFFFFFFFF0C2B0300000B0B110D05706F696E740CFF
310
FFFFFF04FFFFFFFF0CFFFFFFFF130400000000002AC00000000000406D400000000000001040110E0873747261696768740D0563757276650CFFFFFFFF04FFFFFFFF0CFFFFFFFF130400000000002AC00100000000806A400000000000000000140000000000000000000000000000000000000000000024400B0B110E0D41
310
54545249425F435553544F4D0D066174747269620CFFFFFFFF04FFFFFFFF0CFFFFFFFF0CFFFFFFFF0C89020000071667656E657269635F7461675F6174747269625F6465660403000000040300000004FFFFFFFF071767656E657269635F7461675F6174747269625F64656620040100000004020000000702343604000000
310
000401000000042D0100000400000000110E04636F6E650D07737572666163650CFFFFFFFF04FFFFFFFF0CFFFFFFFF13FCFFFFFFFFFF22C00100000000806A4000000000000000001400000000000000000000000000000000000000000000F03F142000000000000CC0000000000000000000000000000000000600000000
310
0000F03F0B0B06000000000000000006000000000000F03F062000000000000C400B0B0B0B0B110D06636F656467650CFFFFFFFF04FFFFFFFF0CFFFFFFFF0CF50200000CF50200000CF20200000C2C0300000B0C8E02000004000000000CFFFFFFFF110D04656467650CFFFFFFFF04FFFFFFFF0CFFFFFFFF0C2D0300000618
310
2D4454FB2109C00C2D03000006182D4454FB2109400C9E0200000C2E0300000B0707756E6B6E6F776E110D067665727465780CFFFFFFFF04FFFFFFFF0CFFFFFFFF0C9102000004000000000C2F030000110E07656C6C697073650D0563757276650CFFFFFFFF04FFFFFFFF0CFFFFFFFF13A284760700404D400000F80500B0
310
674000000000000010401400000000000000800000000000000080000000000000F0BF14100000000000F83F0000000000000000000000000000000006000000000000F03F0B0B110D05706F696E740CFFFFFFFF04FFFFFFFF0CFFFFFFFF13FEFF3FF7FF7F3C40FEFF530100E060400000000000001040110E0D4154545249
310
425F435553544F4D0D066174747269620CFFFFFFFF04FFFFFFFF0CFFFFFFFF0CFFFFFFFF0C95020000071667656E657269635F7461675F6174747269625F6465660403000000040300000004FFFFFFFF071767656E657269635F7461675F6174747269625F6465662004010000000402000000070235350400000000040100
310
0000042D0100000400000000110E04636F6E650D07737572666163650CFFFFFFFF04FFFFFFFF0CFFFFFFFF13000080EEFFFF3D40000050050040554000000000000000001400000000000000000000000000000000000000000000F03F14100000000000F83F0000000000000000000000000000000006000000000000F03F
310
0B0B06000000000000000006000000000000F0BF06100000000000F83F0B0B0B0B0B110E0D4154545249425F435553544F4D0D066174747269620CFFFFFFFF04FFFFFFFF0CFFFFFFFF0CFFFFFFFF0C9A020000071667656E657269635F7461675F6174747269625F6465660403000000040300000004FFFFFFFF071767656E
310
657269635F7461675F6174747269625F64656620040100000004020000000702353604000000000401000000042D0100000400000000110E04636F6E650D07737572666163650CFFFFFFFF04FFFFFFFF0CFFFFFFFF13000040F7FFFF3D40FEFF530100E0604000000000000000001400000000000000000000000000000000
310
000000000000F03F14240000000000F83F0000000000000000000000000000000006000000000000F03F0B0B06000000000000000006000000000000F0BF06240000000000F83F0B0B0B0B0B110D046C6F6F700CFFFFFFFF04FFFFFFFF0CFFFFFFFF0CFFFFFFFF0CC50200000C43020000110D06636F656467650C30030000
310
04FFFFFFFF0CFFFFFFFF0CF10200000CF10200000CC30200000C0F0300000B0C9D02000004000000000CFFFFFFFF110D06636F656467650CFFFFFFFF04FFFFFFFF0CFFFFFFFF0CA10200000CA00200000CE70200000C2C0300000A0CEE01000004000000000CFFFFFFFF110E0D4154545249425F435553544F4D0D06617474
310
7269620CFFFFFFFF04FFFFFFFF0CFFFFFFFF0CFFFFFFFF0CA20200000711736B657463685F6174747269625F646566040100000004010000000403000000071632323320302034323934393637323935203020312032110E07656C6C697073650D0563757276650CFFFFFFFF04FFFFFFFF0CFFFFFFFF13FCFFFFFFFFFF22C0
310
0100000000806A4000000000000000001400000000000000800000000000000080000000000000F0BF141F0000000000F83F0000000000000000000000000000000006000000000000F03F0A06588299E1FB2119C00A06511B128DBD203ABF110D06636F656467650CFFFFFFFF04FFFFFFFF0CFFFFFFFF0CE70200000CE702
310
00000CA50200000CF60200000B0C8E02000004000000000CFFFFFFFF110D04656467650CFFFFFFFF04FFFFFFFF0CFFFFFFFF0CF90200000600000000000000000CF7020000060000609B16300F3F0CA50200000C310300000B0707756E6B6E6F776E110D067665727465780CFFFFFFFF04FFFFFFFF0CFFFFFFFF0CA6020000
310
04010000000C32030000110E0873747261696768740D0563757276650CFFFFFFFF04FFFFFFFF0CFFFFFFFF1300000004000020C00000A00600806A400000000000000000140000000000000000000000000000000000000000000024400B0B110D067665727465780CFFFFFFFF04FFFFFFFF0CFFFFFFFF0CF6020000040000
310
00000C33030000110E0873747261696768740D0563757276650CFFFFFFFF04FFFFFFFF0CFFFFFFFF1300000004000020C0478823E604806A400000000000000000140000000000000000000000000000000000000000000024400B0B110E0D4154545249425F435553544F4D0D066174747269620CFFFFFFFF04FFFFFFFF0C
310
FFFFFFFF0CA80200000C4A0200000711736B657463685F6174747269625F646566040100000004010000000403000000071632323320302034323934393637323935203020322032110D05706F696E740CFFFFFFFF04FFFFFFFF0CFFFFFFFF1300000004000020C0478823E604806A400000000000000000110D05706F696E
310
740CFFFFFFFF04FFFFFFFF0CFFFFFFFF1300000004000020C00000A00600806A400000000000000000110D05706F696E740CFFFFFFFF04FFFFFFFF0CFFFFFFFF13FFFFFFFFFFFF5A400000000000406D400000000000000000110E0D4154545249425F435553544F4D0D066174747269620CFFFFFFFF04FFFFFFFF0CFFFFFF
310
FF0CFFFFFFFF0CB40200000711736B657463685F6174747269625F646566040100000004010000000403000000070D32323520302031203020312031110D06636F656467650C3403000004FFFFFFFF0CFFFFFFFF0CBC0200000CB40200000C350300000C360300000B0C5400000004000000000CFFFFFFFF110D06636F6564
310
67650C3703000004FFFFFFFF0CFFFFFFFF0C220300000C210300000CB40200000C020300000A0C2303000004000000000CFFFFFFFF110D04656467650CFFFFFFFF04FFFFFFFF0CFFFFFFFF0C040300000600000000000000000C3803000006D025B6F287BDF33F0C010300000C390300000B0707756E6B6E6F776E110E0D41
310
54545249425F435553544F4D0D066174747269620CFFFFFFFF04FFFFFFFF0CFFFFFFFF0CFFFFFFFF0CB50200000711736B657463685F6174747269625F646566040100000004010000000403000000070D32333420302030203020312031110D067665727465780CFFFFFFFF04FFFFFFFF0CFFFFFFFF0CB602000004000000
310
000C3A030000110E07656C6C697073650D0563757276650CFFFFFFFF04FFFFFFFF0CFFFFFFFF13FCFFFFFFFFFF22C00000000000406D4000000000000000001400000000000000000000000000000000000000000000F03F14E0FFFFDFFFFFF73FB0427142584C09C0000000000000000006000000000000F03F0A06000000
310
00000000000A06C26EB508F2131140110D05706F696E740CFFFFFFFF04FFFFFFFF0CFFFFFFFF130200000000002AC00000000000406D400000000000000000110E0D4154545249425F435553544F4D0D066174747269620CFFFFFFFF04FFFFFFFF0CFFFFFFFF0CFFFFFFFF0CBC0200000711736B657463685F617474726962
310
5F646566040100000004010000000403000000070D32373220302030203020312031110D06636F656467650C3B03000004FFFFFFFF0CFFFFFFFF0C170300000C160300000CBC0200000C090300000B0C1803000004000000000CFFFFFFFF110D04656467650CFFFFFFFF04FFFFFFFF0CFFFFFFFF0C0B030000060000000000
310
0000000C3C0300000670BA3AF487BDF33F0C080300000C3D0300000B0707756E6B6E6F776E110E0D4154545249425F435553544F4D0D066174747269620CFFFFFFFF04FFFFFFFF0CFFFFFFFF0CFFFFFFFF0CBD0200000711736B657463685F6174747269625F646566040100000004010000000403000000070D3236342030
310
2030203020312031110D067665727465780CFFFFFFFF04FFFFFFFF0CFFFFFFFF0C0903000004000000000C3E030000110E07656C6C697073650D0563757276650CFFFFFFFF04FFFFFFFF0CFFFFFFFF130000000000605B400000000000406D4000000000000000001400000000000000000000000000000000000000000000
310
F03F142000000000000C400000000000000000000000000000000006000000000000F03F0A0600000000000000000A0655CC2D06F2131140110D05706F696E740CFFFFFFFF04FFFFFFFF0CFFFFFFFF130000000000405C400000000000406D400000000000000000110E0D4154545249425F435553544F4D0D066174747269
310
620CFFFFFFFF04FFFFFFFF0CFFFFFFFF0CFFFFFFFF0CC30200000711736B657463685F6174747269625F646566040100000004010000000403000000071632323420302034323934393637323935203020312031110D04656467650CFFFFFFFF04FFFFFFFF0CFFFFFFFF0C3F03000006182D4454FB2109C00C3F0300000618
310
2D4454FB2109400CF10200000C400300000B0707756E6B6E6F776E110E0D4154545249425F435553544F4D0D066174747269620CFFFFFFFF04FFFFFFFF0CFFFFFFFF0CFFFFFFFF0CC50200000711736B657463685F6174747269625F6465660401000000040100000004030000000716323835203020343239343936373239
310
35203020312031110D067665727465780CFFFFFFFF04FFFFFFFF0CFFFFFFFF0CC602000004000000000C41030000110E07656C6C697073650D0563757276650CFFFFFFFF04FFFFFFFF0CFFFFFFFF13A284760700404D400000F80500B0674000000000000000001400000000000000800000000000000080000000000000F0
310
BF14100000000000F83F0000000000000000000000000000000006000000000000F03F0B0B110D05706F696E740CFFFFFFFF04FFFFFFFF0CFFFFFFFF13FEFF3FF7FF7F3C40FEFF530100E060400000000000000000110D06636F656467650CFFFFFFFF04FFFFFFFF0CFFFFFFFF0C420300000C430300000CCC0200000C1503
310
00000A0C4403000004000000000CFFFFFFFF110D04656467650CFFFFFFFF04FFFFFFFF0CFFFFFFFF0C190300000632333333333317C00C240300000600000034333317400C140300000C450300000B0707756E6B6E6F776E110D06636F656467650CFFFFFFFF04FFFFFFFF0CFFFFFFFF0C080300000CCD0200000CD0020000
310
0C1B0300000A0C1803000004000000000CFFFFFFFF110D06636F656467650CFFFFFFFF04FFFFFFFF0CFFFFFFFF0CCD0200000C080300000C420300000C460300000B0C1803000004000000000CFFFFFFFF110D046C6F6F700CFFFFFFFF04FFFFFFFF0CFFFFFFFF0CFFFFFFFF0C080300000C47030000110D06766572746578
310
0CFFFFFFFF04FFFFFFFF0CFFFFFFFF0C1503000004000000000C48030000110E0873747261696768740D0563757276650CFFFFFFFF04FFFFFFFF0CFFFFFFFF13FFFFFFFFFFFF5A409196149FCEDA6C40000000000000104014000000000000000000000000000024C000000000000000000B0B110D04656467650CFFFFFFFF
310
04FFFFFFFF0CFFFFFFFF0C0B0300000600000000000000000CD2020000069A9999999999D93F0CD00200000C490300000B0707756E6B6E6F776E110D04666163650C4A03000004FFFFFFFF0CFFFFFFFF0CD50200000CD10200000C060000000CFFFFFFFF0C4B0300000B0B110D05706F696E740CFFFFFFFF04FFFFFFFF0CFF
310
FFFFFF13FFFFFFFFFFFF5A409196149FCEDA6C400000000000001040110E0873747261696768740D0563757276650CFFFFFFFF04FFFFFFFF0CFFFFFFFF130000000000405C400000000000406D400000000000000000140000000000000000000000000000000000000000000024400B0B110E0D4154545249425F43555354
310
4F4D0D066174747269620CFFFFFFFF04FFFFFFFF0CFFFFFFFF0CFFFFFFFF0CD5020000071667656E657269635F7461675F6174747269625F6465660403000000040300000004FFFFFFFF071767656E657269635F7461675F6174747269625F64656620040100000004020000000702333904000000000401000000042D0100
310
000400000000110E05706C616E650D07737572666163650CFFFFFFFF04FFFFFFFF0CFFFFFFFF130000000000405C400100000000806A40000000000000000014000000000000F03F00000000000000000000000000000000140000000000000000000000000000244000000000000000000B0B0B0B0B110D06636F65646765
310
0CFFFFFFFF04FFFFFFFF0CFFFFFFFF0C010300000CDA0200000C430300000C4C0300000A0C2303000004000000000CFFFFFFFF110D06636F656467650CFFFFFFFF04FFFFFFFF0CFFFFFFFF0CDA0200000C010300000CDC0200000C260300000B0C2303000004000000000CFFFFFFFF110D046C6F6F700CFFFFFFFF04FFFFFF
310
FF0CFFFFFFFF0CFFFFFFFF0C010300000C4D030000110D067665727465780CFFFFFFFF04FFFFFFFF0CFFFFFFFF0CDB02000004000000000C4E030000110E0873747261696768740D0563757276650CFFFFFFFF04FFFFFFFF0CFFFFFFFF1300000004000020C0F53AF69ECEDA6C400000000000001040140000000000000000
310
000000000000244000000000000000000B0B110D04656467650CFFFFFFFF04FFFFFFFF0CFFFFFFFF0C040300000600000000000000000CDF020000069A9999999999D93F0C220300000C4F0300000B0707756E6B6E6F776E110D04666163650C5003000004FFFFFFFF0CFFFFFFFF0C4D0300000CDE0200000C060000000CFF
310
FFFFFF0C510300000B0B110D05706F696E740CFFFFFFFF04FFFFFFFF0CFFFFFFFF1300000004000020C0F53AF69ECEDA6C400000000000001040110E0873747261696768740D0563757276650CFFFFFFFF04FFFFFFFF0CFFFFFFFF130200000000002AC00000000000406D4000000000000000001400000000000000000000
310
00000000000000000000000024400B0B110E0D4154545249425F435553544F4D0D066174747269620CFFFFFFFF04FFFFFFFF0CFFFFFFFF0CFFFFFFFF0CE2020000071667656E657269635F7461675F6174747269625F6465660403000000040300000004FFFFFFFF071767656E657269635F7461675F6174747269625F6465
310
6620040100000004020000000702343504000000000401000000042D0100000400000000110E05706C616E650D07737572666163650CFFFFFFFF04FFFFFFFF0CFFFFFFFF130400000000002AC00000000000406D40000000000000000014000000000000F0BF00000000000000000000000000000000140000000000000080
310
00000000000024C000000000000000800B0B0B0B0B110D04656467650CFFFFFFFF04FFFFFFFF0CFFFFFFFF0CF702000006588299E1FB2119C00CF902000006511B128DBD203ABF0CF20200000C520300000B0707756E6B6E6F776E110D067665727465780CFFFFFFFF04FFFFFFFF0CFFFFFFFF0CE802000004000000000C53
310
030000110E07656C6C697073650D0563757276650CFFFFFFFF04FFFFFFFF0CFFFFFFFF1300000000000049408716D9CEF7A3694000000000000010401400000000000000800000000000000080000000000000F0BF14100000000000F83F0000000000000000000000000000000006000000000000F03F0B0B110D05706F69
310
6E740CFFFFFFFF04FFFFFFFF0CFFFFFFFF13A284760700804C400000F80500B067400000000000001040110E0D4154545249425F435553544F4D0D066174747269620CFFFFFFFF04FFFFFFFF0CFFFFFFFF0CFFFFFFFF0CF10200000711736B657463685F6174747269625F6465660401000000040100000004030000000716
310
32323420302034323934393637323935203020312031110E0873747261696768740D0563757276650CFFFFFFFF04FFFFFFFF0CFFFFFFFF1300000004000020C0478823E604806A40000000000000104014000000000000000000000000000024C000000000000000000B0B110D05706F696E740CFFFFFFFF04FFFFFFFF0CFF
310
FFFFFF1300000004000020C00000A00600806A400000000000001040110D05706F696E740CFFFFFFFF04FFFFFFFF0CFFFFFFFF1300000004000020C0478823E604806A400000000000001040110E0D4154545249425F435553544F4D0D066174747269620CFFFFFFFF04FFFFFFFF0C540300000CFFFFFFFF0C000300000711
310
736B657463685F6174747269625F646566040100000004010000000403000000070D32343320302030203020332033110D06636F656467650C5503000004FFFFFFFF0CFFFFFFFF0C430300000C420300000C000300000C360300000A0C4403000004000000000CFFFFFFFF110D04656467650CFFFFFFFF04FFFFFFFF0CFFFF
310
FFFF0C380300000600000034333317C00C3C0300000632333333333317400C350300000C560300000B0707756E6B6E6F776E110E0D4154545249425F435553544F4D0D066174747269620CFFFFFFFF04FFFFFFFF0CFFFFFFFF0CFFFFFFFF0C010300000711736B657463685F6174747269625F646566040100000004010000
310
000403000000070D32323520302031203020312031110D067665727465780CFFFFFFFF04FFFFFFFF0CFFFFFFFF0C0203000004010000000C57030000110E0873747261696768740D0563757276650CFFFFFFFF04FFFFFFFF0CFFFFFFFF1300000004000020C0F53AF69ECEDA6C400000000000000000140000000000000000
310
00000000000024C000000000000000000A0600000000000000000A06D025B6F287BDF33F110D05706F696E740CFFFFFFFF04FFFFFFFF0CFFFFFFFF1300000004000020C0F53AF69ECEDA6C400000000000000000110E0D4154545249425F435553544F4D0D066174747269620CFFFFFFFF04FFFFFFFF0CFFFFFFFF0CFFFFFF
310
FF0C080300000711736B657463685F6174747269625F646566040100000004010000000403000000070D32373220302030203020312031110D067665727465780CFFFFFFFF04FFFFFFFF0CFFFFFFFF0C3603000004010000000C58030000110E0873747261696768740D0563757276650CFFFFFFFF04FFFFFFFF0CFFFFFFFF
310
13FFFFFFFFFFFF5A409196149FCEDA6C40000000000000000014000000000000000000000000000024C000000000000000000A0600000000000000000A0670BA3AF487BDF33F110D05706F696E740CFFFFFFFF04FFFFFFFF0CFFFFFFFF13FFFFFFFFFFFF5A409196149FCEDA6C400000000000000000110D06766572746578
310
0CFFFFFFFF04FFFFFFFF0CFFFFFFFF0C0F03000004000000000C59030000110E07656C6C697073650D0563757276650CFFFFFFFF04FFFFFFFF0CFFFFFFFF1300000000000049408716D9CEF7A3694000000000000000001400000000000000800000000000000080000000000000F0BF14100000000000F83F000000000000
310
0000000000000000000006000000000000F03F0B0B110D05706F696E740CFFFFFFFF04FFFFFFFF0CFFFFFFFF13A284760700804C400000F80500B067400000000000000000110D06636F656467650CFFFFFFFF04FFFFFFFF0CFFFFFFFF0C350300000C140300000C170300000C460300000A0C4403000004000000000CFFFF
310
FFFF110D06636F656467650CFFFFFFFF04FFFFFFFF0CFFFFFFFF0C140300000C350300000C210300000C4C0300000B0C4403000004000000000CFFFFFFFF110D046C6F6F700CFFFFFFFF04FFFFFFFF0CFFFFFFFF0CFFFFFFFF0C350300000C5A030000110E0873747261696768740D0563757276650CFFFFFFFF04FFFFFFFF
310
0CFFFFFFFF1300000000000049400000000000506B4000000000000010401400000000000024C0000000000000008000000000000000800B0B110D04656467650CFFFFFFFF04FFFFFFFF0CFFFFFFFF0C3C0300000600000000000000000C19030000069A9999999999D93F0C170300000C5B0300000B0707756E6B6E6F776E
310
110D04666163650C5C03000004FFFFFFFF0CFFFFFFFF0C1C0300000C180300000C060000000CFFFFFFFF0C5D0300000B0B110D05706F696E740CFFFFFFFF04FFFFFFFF0CFFFFFFFF13FFFFFFFFFFFF5A400000000000506B400000000000001040110E0873747261696768740D0563757276650CFFFFFFFF04FFFFFFFF0CFF
310
FFFFFF13FFFFFFFFFFFF5A409196149FCEDA6C400000000000000000140000000000000000000000000000000000000000000024400B0B110E0D4154545249425F435553544F4D0D066174747269620CFFFFFFFF04FFFFFFFF0CFFFFFFFF0CFFFFFFFF0C1C030000071667656E657269635F7461675F6174747269625F6465
310
660403000000040300000004FFFFFFFF071767656E657269635F7461675F6174747269625F64656620040100000004020000000702343004000000000401000000042D0100000400000000110E04636F6E650D07737572666163650CFFFFFFFF04FFFFFFFF0CFFFFFFFF130000000000605B400000000000406D4000000000
310
000000001400000000000000000000000000000000000000000000F03F142000000000000C400000000000000000000000000000000006000000000000F03F0B0B06000000000000000006000000000000F03F062000000000000C400B0B0B0B0B110D04656467650CFFFFFFFF04FFFFFFFF0CFFFFFFFF0C38030000060000
310
0000000000000C24030000069A9999999999D93F0C430300000C5E0300000B0707756E6B6E6F776E110D04666163650C5F03000004FFFFFFFF0CFFFFFFFF0C5A0300000C230300000C060000000CFFFFFFFF0C600300000B0B110D05706F696E740CFFFFFFFF04FFFFFFFF0CFFFFFFFF1300000004000020C0000000000050
310
6B400000000000001040110E0873747261696768740D0563757276650CFFFFFFFF04FFFFFFFF0CFFFFFFFF1300000004000020C0F53AF69ECEDA6C400000000000000000140000000000000000000000000000000000000000000024400B0B110E0D4154545249425F435553544F4D0D066174747269620CFFFFFFFF04FFFF
310
FFFF0CFFFFFFFF0CFFFFFFFF0C27030000071667656E657269635F7461675F6174747269625F6465660403000000040300000004FFFFFFFF071767656E657269635F7461675F6174747269625F64656620040100000004020000000702343404000000000401000000042D0100000400000000110E04636F6E650D07737572
310
666163650CFFFFFFFF04FFFFFFFF0CFFFFFFFF13FCFFFFFFFFFF22C00000000000406D4000000000000000001400000000000000000000000000000000000000000000F03F14E0FFFFDFFFFFF73FB0427142584C09C0000000000000000006000000000000F03F0B0B06000000000000000006000000000000F03F06150000
310
0000000C400B0B0B0B0B110E07656C6C697073650D0563757276650CFFFFFFFF04FFFFFFFF0CFFFFFFFF13FCFFFFFFFFFF22C00100000000806A4000000000000010401400000000000000800000000000000080000000000000F0BF141F0000000000F83F0000000000000000000000000000000006000000000000F03F0B
310
0B110D05706F696E740CFFFFFFFF04FFFFFFFF0CFFFFFFFF1300000000004048408716D9CEF7A369400000000000001040110E0D4154545249425F435553544F4D0D066174747269620CFFFFFFFF04FFFFFFFF0C610300000C340300000C000300000711736B657463685F6174747269625F64656604010000000401000000
310
0403000000070D32343320302030203020322033110E0D4154545249425F435553544F4D0D066174747269620CFFFFFFFF04FFFFFFFF0C620300000CFFFFFFFF0C350300000711736B657463685F6174747269625F646566040100000004010000000403000000070D32333620302031203020312031110E08737472616967
310
68740D0563757276650CFFFFFFFF04FFFFFFFF0CFFFFFFFF1300000000000049400000000000506B400000000000000000140000000000002440000000000000000000000000000000000A0600000034333317C00A063233333333331740110D05706F696E740CFFFFFFFF04FFFFFFFF0CFFFFFFFF1300000004000020C000
310
00000000506B400000000000000000110D05706F696E740CFFFFFFFF04FFFFFFFF0CFFFFFFFF13FFFFFFFFFFFF5A400000000000506B400000000000000000110D05706F696E740CFFFFFFFF04FFFFFFFF0CFFFFFFFF1300000000004048408716D9CEF7A369400000000000000000110D04666163650C6303000004FFFFFF
310
FF0CFFFFFFFF0C470300000C440300000C060000000CFFFFFFFF0C640300000B0B110E0873747261696768740D0563757276650CFFFFFFFF04FFFFFFFF0CFFFFFFFF13FFFFFFFFFFFF5A400000000000506B400000000000000000140000000000000000000000000000000000000000000024400B0B110E0D415454524942
310
5F435553544F4D0D066174747269620CFFFFFFFF04FFFFFFFF0CFFFFFFFF0CFFFFFFFF0C47030000071667656E657269635F7461675F6174747269625F6465660403000000040300000004FFFFFFFF071767656E657269635F7461675F6174747269625F646566200401000000040200000007023431040000000004010000
310
00042D0100000400000000110E05706C616E650D07737572666163650CFFFFFFFF04FFFFFFFF0CFFFFFFFF13FFFFFFFFFFFF5A409196149FCEDA6C40000000000000000014000000000000F0BF0000000000000000000000000000000014000000000000000000000000000024C000000000000000000B0B0B0B0B110E0873
310
747261696768740D0563757276650CFFFFFFFF04FFFFFFFF0CFFFFFFFF1300000004000020C00000000000506B400000000000000000140000000000000000000000000000000000000000000024400B0B110E0D4154545249425F435553544F4D0D066174747269620CFFFFFFFF04FFFFFFFF0CFFFFFFFF0CFFFFFFFF0C4D
310
030000071667656E657269635F7461675F6174747269625F6465660403000000040300000004FFFFFFFF071767656E657269635F7461675F6174747269625F64656620040100000004020000000702343304000000000401000000042D0100000400000000110E05706C616E650D07737572666163650CFFFFFFFF04FFFFFF
310
FF0CFFFFFFFF1300000004000020C00000000000506B40000000000000000014000000000000F03F00000000000000000000000000000000140000000000000000000000000000244000000000000000000B0B0B0B0B110E0D4154545249425F435553544F4D0D066174747269620CFFFFFFFF04FFFFFFFF0C650300000C54
310
0300000C000300000711736B657463685F6174747269625F646566040100000004010000000403000000070D32333320302030203020312031110E0D4154545249425F435553544F4D0D066174747269620CFFFFFFFF04FFFFFFFF0C660300000C550300000C350300000711736B657463685F6174747269625F6465660401
310
00000004010000000403000000070D32343320302030203020312033110E0D4154545249425F435553544F4D0D066174747269620CFFFFFFFF04FFFFFFFF0CFFFFFFFF0CFFFFFFFF0C5A030000071667656E657269635F7461675F6174747269625F6465660403000000040300000004FFFFFFFF071767656E657269635F74
310
61675F6174747269625F64656620040100000004020000000702343204000000000401000000042D0100000400000000110E05706C616E650D07737572666163650CFFFFFFFF04FFFFFFFF0CFFFFFFFF13FFFFFFFFFFFF5A400000000000506B400000000000000000140000000000000000000000000000F03F0000000000
310
0000001400000000000024C0000000000000008000000000000000800B0B0B0B0B110E0D4154545249425F435553544F4D0D066174747269620CFFFFFFFF04FFFFFFFF0C670300000C610300000C000300000711736B657463685F6174747269625F646566040100000004010000000403000000070D323433203020302030
310
20312033110E0D4154545249425F435553544F4D0D066174747269620CFFFFFFFF04FFFFFFFF0C680300000C620300000C350300000711736B657463685F6174747269625F646566040100000004010000000403000000070D32333320302030203020312031110E0D4154545249425F435553544F4D0D066174747269620C
310
FFFFFFFF04FFFFFFFF0CFFFFFFFF0C650300000C000300000711736B657463685F6174747269625F646566040100000004010000000403000000070D32333620302031203020312031110E0D4154545249425F435553544F4D0D066174747269620CFFFFFFFF04FFFFFFFF0C690300000C660300000C350300000711736B65
310
7463685F6174747269625F646566040100000004010000000403000000070D32343320302030203020322033110E0D4154545249425F435553544F4D0D066174747269620CFFFFFFFF04FFFFFFFF0CFFFFFFFF0C680300000C350300000711736B657463685F6174747269625F646566040100000004010000000403000000
310
070D32343320302030203020332033110E03456E640E026F660E0341534D0D0464617461
  0
ENDSEC
  0
EOF
